Title,Author,Year,Citation.count,Open.access,DOI,Abstract,doi_n,Source
global estimates of ambient fine particulate matter concentrations from satellite based aerosol optical depth development and application,Aaron van Donkelaar|Randall V. Martin|Michael Bräuer|Ralph A. Kahn|R. C. Levy|Carolyn Verduzco|Paul J. Villeneuve,2010,1714,Open Access,https://doi.org/10.1289/ehp.0901623,"BACKGROUND: Epidemiologic and health impact studies of fine particulate matter with diameter < 2.5 microm (PM2.5) are limited by the lack of monitoring data, especially in developing countries. Satellite observations offer valuable global information about PM2.5 concentrations. OBJECTIVE: In this study, we developed a technique for estimating surface PM2.5 concentrations from satellite observations. METHODS: We mapped global ground-level PM2.5 concentrations using total column aerosol optical depth (AOD) from the MODIS (Moderate Resolution Imaging Spectroradiometer) and MISR (Multiangle Imaging Spectroradiometer) satellite instruments and coincident aerosol vertical profiles from the GEOS-Chem global chemical transport model. RESULTS: We determined that global estimates of long-term average (1 January 2001 to 31 December 2006) PM2.5 concentrations at approximately 10 km x 10 km resolution indicate a global population-weighted geometric mean PM2.5 concentration of 20 microg/m3. The World Health Organization Air Quality PM2.5 Interim Target-1 (35 microg/m3 annual average) is exceeded over central and eastern Asia for 38% and for 50% of the population, respectively. Annual mean PM2.5 concentrations exceed 80 microg/m3 over eastern China. Our evaluation of the satellite-derived estimate with ground-based in situ measurements indicates significant spatial agreement with North American measurements (r = 0.77; slope = 1.07; n = 1057) and with noncoincident measurements elsewhere (r = 0.83; slope = 0.86; n = 244). The 1 SD of uncertainty in the satellite-derived PM2.5 is 25%, which is inferred from the AOD retrieval and from aerosol vertical profile errors and sampling. The global population-weighted mean uncertainty is 6.7 microg/m3. CONCLUSIONS: Satellite-derived total-column AOD, when combined with a chemical transport model, provides estimates of global long-term average PM2.5 concentrations.",10.1289/ehp.0901623,B1
trade liberalization exports and technology upgrading evidence on the impact of mercosur on argentinian firms,Paula Bustos,2011,1559,Open Access,https://doi.org/10.1257/aer.101.1.304,"This paper studies the impact of a regional free trade agreement, MERCOSUR, on technology upgrading by Argentinean firms. To guide empirical work, I introduce technology choice in a model of trade with heterogeneous firms. The joint treatment of the technology and exporting choices shows that the increase in revenues produced by trade integration can induce exporters to upgrade technology. An empirical test of the model reveals that firms in industries facing higher reductions in Brazil's tariffs increase investment in technology faster. The effect of tariffs is highest in the upper-middle range of the firm-size distribution, as predicted by the model. (JEL F13, F15, O19, O24, O33).",10.1257/aer.101.1.304,B1
what is energy efficiency,Murray Patterson,1996,1153,NOT Open Access,https://doi.org/10.1016/0301-4215(96)00017-1,,10.1016/0301-4215(96)00017-1,B1
the impact of pollution on worker productivity,Joshua Graff Zivin|Matthew Neidell,2012,1083,Open Access,https://doi.org/10.1257/aer.102.7.3652,"This paper assesses the impact of pollution on worker productivity by relating exogenous daily variations in ozone with productivity of agricultural workers as recorded under piece rate contracts. We find robust evidence that ozone levels well below federal air quality standards have a significant impact on productivity. These results suggest that, in contrast to common characterizations of environmental protection as a tax on producers, environmental protection can also be viewed as an investment in human capital, and thus a tool for promoting economic growth.",10.1257/aer.102.7.3652,B1
why is pollution from us manufacturing declining the roles of environmental regulation productivity and trade,Joseph Shapiro|Reed Walker,2018,948,NOT Open Access,https://doi.org/10.1257/aer.20151272,,10.1257/aer.20151272,B1
improved access to foreign markets raises plant level productivity for some plants,А.Г. Лилеева|Daniel Trefler,2010,889,NOT Open Access,https://doi.org/10.1162/qjec.2010.125.3.1051,,10.1162/qjec.2010.125.3.1051,B1
institutional quality green innovation and energy efficiency,Huaping Sun|Bless Kofi Edziah|Chuanwang Sun|Anthony Kwaku Kporsu,2019,769,NOT Open Access,https://doi.org/10.1016/j.enpol.2019.111002,,10.1016/j.enpol.2019.111002,B1
what is driving china s decline in energy intensity,Karen Fisher‐Vanden|Gary H. Jefferson|Hongmei Liu|Quan Tao,2003,707,NOT Open Access,https://doi.org/10.1016/j.reseneeco.2003.07.002,,10.1016/j.reseneeco.2003.07.002,B1
technological change technological catch up and capital deepening relative contributions to growth and convergence,Subodh Kumar|R. Robert Russell,2002,705,NOT Open Access,https://doi.org/10.1257/00028280260136381,,10.1257/00028280260136381,B1
satellite remote sensing of particulate matter and air quality assessment over global cities,Pawan Gupta|Sundar A. Christopher|Jun Wang|Robert Gehrig|Yc Lee|Naresh Kumar,2006,640,NOT Open Access,https://doi.org/10.1016/j.atmosenv.2006.03.016,,10.1016/j.atmosenv.2006.03.016,B1
does the effect of pollution on infant mortality differ between developing and developed countries evidence from mexico city,Eva Arceo|Rema Hanna|Paulina Oliva,2015,571,NOT Open Access,https://doi.org/10.1111/ecoj.12273,,10.1111/ecoj.12273,B1
does central supervision enhance local environmental enforcement quasi experimental evidence from china,Bing Zhang|Xiaolan Chen|Huanxiu Guo,2018,559,NOT Open Access,https://doi.org/10.1016/j.jpubeco.2018.05.009,,10.1016/j.jpubeco.2018.05.009,B1
learning from exporting revisited in a less developed setting,Garrick Blalock|Paul Gertler,2004,508,NOT Open Access,https://doi.org/10.1016/j.jdeveco.2004.06.004,,10.1016/j.jdeveco.2004.06.004,B1
the effect of pollution on worker productivity evidence from call center workers in china,Tom Chang|Joshua Graff Zivin|Tal Gross|Matthew Neidell,2019,502,Open Access,https://doi.org/10.1257/app.20160436,"We investigate the effect of pollution on worker productivity in the service sector by focusing on two call centers in China. Using precise measures of each worker’s daily output linked to daily measures of pollution and meteorology, we find that higher levels of air pollution decrease worker productivity. These results manifest themselves at levels of pollution commonly found in large cities throughout the developing and developed world. (JEL J24, L84, O13, P23, P28, Q51, Q53)",10.1257/app.20160436,B1
severe air pollution and labor productivity evidence from industrial towns in china,Jiaxiu He|Haoming Liu|Alberto Salvo,2019,460,NOT Open Access,https://doi.org/10.1257/app.20170286,,10.1257/app.20170286,B1
the effect of air pollution on migration evidence from china,Shuai Chen|Paulina Oliva|Peng Zhang,2022,428,NOT Open Access,https://doi.org/10.1016/j.jdeveco.2022.102833,,10.1016/j.jdeveco.2022.102833,B1
overview of current energy efficiency policies in china,Nan Zhou|Mark Levine|Lynn Price,2009,424,NOT Open Access,https://doi.org/10.1016/j.enpol.2009.08.015,,10.1016/j.enpol.2009.08.015,B1
how does manufacturing agglomeration affect green economic efficiency,Huaxi Yuan|Yidai Feng|Chien‐Chiang Lee|Yan Cen,2020,421,NOT Open Access,https://doi.org/10.1016/j.eneco.2020.104944,,10.1016/j.eneco.2020.104944,B1
air pollution and manufacturing firm productivity nationwide estimates for china,Shihe Fu|V. Brian Viard|Peng Zhang,2021,382,NOT Open Access,https://doi.org/10.1093/ej/ueab033,,10.1093/ej/ueab033,B1
extending the energy efficiency gap,Sandra Backlund|Patrik Thollander|Jenny Palm|Mikael Ottosson,2012,344,Open Access,https://doi.org/10.1016/j.enpol.2012.08.042,,10.1016/j.enpol.2012.08.042,B1
energy policies for increased industrial energy efficiency evaluation of a local energy programme for manufacturing smes,Patrik Thollander|Maria Danestig|Patrik Rohdin,2007,316,Open Access,https://doi.org/10.1016/j.enpol.2007.06.013,,10.1016/j.enpol.2007.06.013,B1
evaluation of the surface pm2 5 in version 1 of the nasa merra aerosol reanalysis over the united states,Virginie Buchard|Arlindo da Silva|Cynthia A. Randles|Peter R. Colarco|R. A. Ferrare|Johnathan W. Hair|C. A. Hostetler|Jason L. Tackett|David M. Winker,2015,314,NOT Open Access,https://doi.org/10.1016/j.atmosenv.2015.11.004,,10.1016/j.atmosenv.2015.11.004,B1
review of methodologies and polices for evaluation of energy efficiency in high energy consuming industry,Ming-Jia Li|Wen‐Quan Tao,2016,314,NOT Open Access,https://doi.org/10.1016/j.apenergy.2016.11.039,,10.1016/j.apenergy.2016.11.039,B1
why do firms in developing countries have low productivity,Nicholas Bloom|Aprajit Mahajan|David McKenzie|John Roberts,2010,313,NOT Open Access,https://doi.org/10.1257/aer.100.2.619,,10.1257/aer.100.2.619,B1
a bottom up analysis of china s iron and steel industrial energy consumption and co2 emissions,Wenying Chen|Xiang Yin|Ding Ma,2014,310,NOT Open Access,https://doi.org/10.1016/j.apenergy.2014.06.002,,10.1016/j.apenergy.2014.06.002,B1
challenges of working with the chinese nbs firm level data,Loren Brandt|Johannes Van Biesebroeck|Yifan Zhang,2014,309,NOT Open Access,https://doi.org/10.1016/j.chieco.2014.04.008,,10.1016/j.chieco.2014.04.008,B1
evidence of causality between the quantity and quality of energy consumption and economic growth,Benjamin Warr|Robert U. Ayres,2010,244,NOT Open Access,https://doi.org/10.1016/j.energy.2009.12.017,,10.1016/j.energy.2009.12.017,B1
how to promote energy efficiency through technological progress in china,Ke Li|Boqiang Lin,2017,233,NOT Open Access,https://doi.org/10.1016/j.energy.2017.11.047,,10.1016/j.energy.2017.11.047,B1
air quality and error quantity pollution and performance in a high skilled quality focused occupation,James Archsmith|Anthony Heyes|Soodeh Saberian,2018,227,Open Access,https://doi.org/10.1086/698728,"We provide the first evidence that short-term exposure to air pollution affects the work performance of a group of highly skilled, quality-focused employees. We repeatedly observe the decision making of individual professional baseball umpires, quasi-randomly assigned to varying air quality across time and space. Unique characteristics of this setting combined with high-frequency data disentangle effects of multiple pollutants and identify previously underexplored acute effects. We find that a 1 ppm increase in 3-hour CO causes an 11.5% increase in the propensity of umpires to make incorrect calls and a 10 μg/m3 increase in 12-hour PM2.5 causes a 2.6% increase. We control carefully for a variety of potential confounders, and results are supported by robustness and falsification checks. Our estimates imply that a 3% reduction in productive output is associated with a change in CO concentrations equivalent to moving from the 25th to the 95th percentile of the CO distribution in many of the largest US cities.",10.1086/698728,B1
modeling international trends in energy efficiency,David I. Stern,2012,216,NOT Open Access,https://doi.org/10.1016/j.eneco.2012.03.009,,10.1016/j.eneco.2012.03.009,B1
does industrial agglomeration promote the increase of energy efficiency in china,Liu Jun|Zhonghua Cheng|Huiming Zhang,2017,210,NOT Open Access,https://doi.org/10.1016/j.jclepro.2017.06.179,,10.1016/j.jclepro.2017.06.179,B1
evaluating co benefits of energy efficiency and air pollution abatement in china s cement industry,Shaohui Zhang|Ernst Worrell|Wina Crijns‐Graus,2015,200,Open Access,https://doi.org/10.1016/j.apenergy.2015.02.081,,10.1016/j.apenergy.2015.02.081,B1
economic status air quality and child health evidence from inversion episodes,Jenny Jans|Per Johansson|J. Peter Nilsson,2018,183,NOT Open Access,https://doi.org/10.1016/j.jhealeco.2018.08.002,,10.1016/j.jhealeco.2018.08.002,B1
productivity export and environmental performance air pollutants in the united states,Jingbo Cui|Harvey E. Lapan|GianCarlo Moschini,2015,181,NOT Open Access,https://doi.org/10.1093/ajae/aav066,,10.1093/ajae/aav066,B1
what factors lead to the decline of energy intensity in china s energy intensive industries,Ruipeng Tan|Boqiang Lin,2018,181,NOT Open Access,https://doi.org/10.1016/j.eneco.2018.02.019,,10.1016/j.eneco.2018.02.019,B1
co benefits of energy efficiency improvement and air pollution abatement in the chinese iron and steel industry,Shaohui Zhang|Ernst Worrell|Wina Crijns‐Graus|Fabian Wagner|J. Cofała,2014,180,NOT Open Access,https://doi.org/10.1016/j.energy.2014.10.018,,10.1016/j.energy.2014.10.018,B1
the analysis of energy efficiency of the mediterranean countries a two stage double bootstrap dea approach,Eya Jebali|Hédi Essid|Naceur Khraief,2017,164,NOT Open Access,https://doi.org/10.1016/j.energy.2017.06.063,,10.1016/j.energy.2017.06.063,B1
a stochastic frontier analysis of energy efficiency of china s chemical industry,Boqiang Lin|Houyin Long,2014,159,NOT Open Access,https://doi.org/10.1016/j.jclepro.2014.08.104,,10.1016/j.jclepro.2014.08.104,B1
does energy efficiency promote economic growth evidence from a multicountry and multisectoral panel dataset,Ashish Rajbhandari|Fan Zhang,2017,153,Open Access,https://doi.org/10.1016/j.eneco.2017.11.007,,10.1016/j.eneco.2017.11.007,B1
energy efficiency improvement and co2 emission reduction opportunities in the cement industry in china,Ali Hasanbeigi|William R. Morrow|Eric Masanet|Jayant Sathaye|Tengfang Xu,2013,147,NOT Open Access,https://doi.org/10.1016/j.enpol.2013.01.053,,10.1016/j.enpol.2013.01.053,B1
how does industrial convergence affect the energy efficiency of manufacturing in newly industrialized countries fresh evidence from china,Feng Dong|Yangfan Li|Xiaoyun Zhang|Jiao Zhu|Lu Zheng,2021,130,NOT Open Access,https://doi.org/10.1016/j.jclepro.2021.128316,,10.1016/j.jclepro.2021.128316,B1
energy efficiency productivity and exporting firm level evidence in latin america,Pierluigi Montalbano|Silvia Nenci,2018,127,Open Access,https://doi.org/10.1016/j.eneco.2018.03.033,,10.1016/j.eneco.2018.03.033,B1
air emissions perspective on energy efficiency an empirical analysis of china s coastal areas,Quande Qin|Xin Li|Li Li|Zhen Wei|Yi‐Ming Wei,2016,118,NOT Open Access,https://doi.org/10.1016/j.apenergy.2016.10.127,,10.1016/j.apenergy.2016.10.127,B1
industrial agglomeration effect for energy efficiency in japanese production plants,Kenta Tanaka|Shunsuke Managi,2021,116,NOT Open Access,https://doi.org/10.1016/j.enpol.2021.112442,,10.1016/j.enpol.2021.112442,B1
ecological total factor energy efficiency of china s energy intensive industries,Boqiang Lin|Ruipeng Tan,2016,105,NOT Open Access,https://doi.org/10.1016/j.ecolind.2016.06.026,,10.1016/j.ecolind.2016.06.026,B1
regulating mismeasured pollution implications of firm heterogeneity for environmental policy,Eva Lyubich|Joseph Shapiro|Reed Walker,2018,99,NOT Open Access,https://doi.org/10.1257/pandp.20181089,,10.1257/pandp.20181089,B1
technology transfer adoption of technology and the efficiency of nations empirical evidence from sub saharan africa,Michael Danquah,2017,73,NOT Open Access,https://doi.org/10.1016/j.techfore.2017.12.007,,10.1016/j.techfore.2017.12.007,B1
increase in household energy consumption due to ambient air pollution,Jiyong Eom|Minwoo Hyun|Jaewoong Lee|Hyoseop Lee,2020,73,NOT Open Access,https://doi.org/10.1038/s41560-020-00698-1,,10.1038/s41560-020-00698-1,B1
does air pollution affect the accumulation of technological innovative human capital empirical evidence from china and india,Feng Wang|Min Wu,2020,56,NOT Open Access,https://doi.org/10.1016/j.jclepro.2020.124818,,10.1016/j.jclepro.2020.124818,B1
does energy efficiency affect ambient pm2 5 the moderating role of energy investment,Cunyi Yang|Tinghui Li|Khaldoon Albitar,2021,50,Open Access,https://doi.org/10.3389/fenvs.2021.707751,"The difficulty of balance between environment and energy consumption makes countries and enterprises face a dilemma, and improving energy efficiency has become one of the ways to solve this dilemma. Based on the data of 158 countries from 1980 to 2018, the dynamic TFP of different countries is calculated by means of the Super-SBM-GML model. The TFP is decomposed into indexes of EC (Technical Efficiency Change), TC (Technological Change) and EC has been extended to PEC (Pure Efficiency Change) and SEC (Scale Efficiency Change). Then the fixed effect model and the fixed effect panel quantile model are used to analyze the moderating effect and the exogenous effect of energy efficiency on PM2.5 concentration on the basis of verifying that energy efficiency can reduce PM2.5 concentration. We conclude, first, the global energy efficiency has been continuously improved during the sample period, and both technological progress and technical efficiency have been improved. Second, the impact of energy efficiency on PM2.5 is heterogeneous which is reflected in the various elements of energy efficiency decomposition. The increase in energy efficiency can inhibit PM2.5 concentration and the inhibition effect mainly comes from TC and PEC, but SEC promotes PM2.5 emission. Third, energy investment plays a moderating role in the environmental protection effect of energy efficiency. Fourth, the impact of energy efficiency on PM2.5 concentration is heterogeneous in terms of national attribute, which is embodied in the differences of national development, science and technology development level, new energy utilization ratio, and the role of international energy trade.",10.3389/fenvs.2021.707751,B1
does air pollution inhibit manufacturing productivity in yangtze river delta china moderating effects of temperature,Yaru Cao|Qunwei Wang|Dequn Zhou,2022,43,NOT Open Access,https://doi.org/10.1016/j.jenvman.2022.114492,,10.1016/j.jenvman.2022.114492,B1
globalization firm level characteristics and environmental management a study of japan,Matt Cole|Robert Elliott|Kenichi Shimamoto,2005,93,NOT Open Access,https://doi.org/10.1016/j.ecolecon.2005.10.019,,10.1016/j.ecolecon.2005.10.019,B1
satellite remote sensing for developing time and space resolved estimates of ambient particulate in cleveland oh,Naresh Kumar|Allen Chu|Andrew Foster|Thomas M. Peters|Robert D. Willis,2011,76,Open Access,https://doi.org/10.1080/02786826.2011.581256,"This article empirically demonstrates the use of fine resolution satellite-based aerosol optical depth (AOD) to develop time and space resolved estimates of ambient particulate matter (PM) ≤2.5 µm and ≤10 µm in aerodynamic diameters (PM(2.5) and PM(10), respectively). AOD was computed at three different spatial resolutions, i.e., 2 km (means 2 km × 2 km area at nadir), 5 km, and 10 km, by using the data from MODerate Resolution Imaging Spectroradiometer (MODIS), aboard the Terra and Aqua satellites. Multiresolution AOD from MODIS (AOD(MODIS)) was compared with the in situ measurements of AOD by NASA's AErosol RObotic NETwork (AERONET) sunphotometer (AOD(AERONET)) at Bondville, IL, to demonstrate the advantages of the fine resolution AOD(MODIS) over the 10-km AOD(MODIS), especially for air quality prediction. An instrumental regression that corrects AOD(MODIS) for meteorological conditions was used for developing a PM predictive model.The 2-km AOD(MODIS) aggregated within 0.025° and 15-min intervals shows the best association with the in situ measurements of AOD(AERONET). The 2-km AOD(MODIS) seems more promising to estimate time and space resolved estimates of ambient PM than the 10-km AOD(MODIS), because of better location precision and a significantly greater number of data points across geographic space and time. Utilizing the collocated AOD(MODIS) and PM data in Cleveland, OH, a regression model was developed for predicting PM for all AOD(MODIS) data points. Our analysis suggests that the slope of the 2-km AOD(MODIS) (instrumented on meteorological conditions) is close to unity with the PM monitored on the ground. These results should be interpreted with caution, because the slope of AOD(MODIS) ranges from 0.52 to 1.72 in the site-specific models. In the cross validation of the overall model, the root mean square error (RMSE) of PM(10) was smaller (2.04 µg/m(3) in overall model) than that of PM(2.5) (2.5 µg/m(3)). The predicted PM in the AOD(MODIS) data (∼2.34 million data points) was utilized to develop a systematic grid of daily PM at 5-km spatial resolution with the aid of spatiotemporal Kriging.",10.1080/02786826.2011.581256,B1
regional energy efficiency and its determinants in china during 2001 2010 a slacks based measure and spatial econometric analysis,Kangjuan Lv|Anyu Yu|Yiwen Bian,2016,74,NOT Open Access,https://doi.org/10.1007/s11123-016-0490-2,,10.1007/s11123-016-0490-2,B1
energy efficiency and exporting evidence from firm level data,Jayjit Roy|Mahmut Yaşar,2015,70,NOT Open Access,https://doi.org/10.1016/j.eneco.2015.09.013,,10.1016/j.eneco.2015.09.013,B1
national research funding and energy efficiency evidence from the national science foundation of china,Minzhe Du|Bing Wang|Ning Zhang,2018,57,NOT Open Access,https://doi.org/10.1016/j.enpol.2018.05.058,,10.1016/j.enpol.2018.05.058,B1
which policy is more effective carbon reduction in all industries or in high energy consuming industries from dual perspectives of welfare effects and economic effects,Tongbin Zhang,2019,54,NOT Open Access,https://doi.org/10.1016/j.jclepro.2019.01.183,,10.1016/j.jclepro.2019.01.183,B1
energy efficiency in the chinese provinces a fixed effects stochastic frontier spatial durbin error panel analysis,Lei Jiang|Henk Folmer|Minhe Ji|Jianjun Tang,2016,45,Open Access,https://doi.org/10.1007/s00168-016-0782-5,,10.1007/s00168-016-0782-5,B1
the impact of regional convergence in energy intensive industries on china s co2 emissions and emission goals,Juan Wang|Mingming Hu|Arnold Tukker|João F. D. Rodrigues,2019,43,Open Access,https://doi.org/10.1016/j.eneco.2019.01.024,"In order to respond to climate change, China has committed to reduce national carbon intensity by 40–45% in 2020 and 60–65% in 2030, relative to 2005. Given that energy-intensive industries represent ~80% of total CO2 emissions in China and that China is a large and diverse country, this paper aims to investigate the potential contribution of regional convergence in energy-intensive industries to CO2 emissions reduction and to meeting China's emissions goals. To the best of our knowledge this matter has never been explored before. Using panel data from 2001 to 2015, we build three scenarios of future carbon intensities: business as usual (BAU), frontier (based on the directional distance function, in which all regions reach the efficiency frontier) and best available technology (BAT, in which all regions adopt the lowest-emitting technology). The frontier and BAT scenarios represent a weak and a strong form of regional convergence, respectively, and the BAU assumes that it develops following historical patterns. We then use the Kaya identity to estimate CO2 emissions up to 2030 under the three scenarios. Our results are as follows: (1) Under BAU, the CO2 emissions of energy-intensive industries increase from 7382.8 Mt in 2015 to 8127.6 Mt in 2030. Under the frontier scenario the emissions in 2030 are 44.23% lower than under business as usual, while under the BAT scenario this value becomes 84.81%. Electricity and ferrous metals are the sectors that most contribute to the reduction potential. (2) Even under BAU the carbon intensity of energy-intensive industries as a whole and all of its constituent sub-sectors except for electricity will decrease by more than the nationally-mandated averages. (3) Regional convergence could help the energy-intensive industries peak its CO2 emissions before 2030, while under BAU the absolute emissions of the energy-intensive industries keep increasing.",10.1016/j.eneco.2019.01.024,B1
estimation and determinants of energy efficiency in japanese regional economies,Akihiro Otsuka|Mika Goto,2015,40,NOT Open Access,https://doi.org/10.1111/rsp3.12058,,10.1111/rsp3.12058,B1
on the methodology of energy gdp granger causality tests,Bernard C. Beaudreau,2010,38,NOT Open Access,https://doi.org/10.1016/j.energy.2010.03.062,,10.1016/j.energy.2010.03.062,B1
carbon tariffs on chinese exports emissions reduction threat or farce,Michael Hübler,2012,34,NOT Open Access,https://doi.org/10.1016/j.enpol.2012.07.025,,10.1016/j.enpol.2012.07.025,B1
the relationship between enterprise efficiency in resource use and energy efficiency practices adoption,Marcos Gonçalves Perroni|Sérgio Eduardo Gouvêa da Costa|Edson Pinheiro de Lima|Wesley Vieira da Silva,2016,32,NOT Open Access,https://doi.org/10.1016/j.ijpe.2016.08.023,,10.1016/j.ijpe.2016.08.023,B1
determinants of enterprises use of energy efficient technologies evidence from urban ethiopia,Sied Hassen|Tagel Gebrehiwot|Tiruwork Arega,2018,31,Open Access,https://doi.org/10.1016/j.enpol.2018.04.057,,10.1016/j.enpol.2018.04.057,B1
the impact of haze pollution on firm level tfp in china test of a mediation model of labor productivity,Bin Li|Shuai Shi|Yating Zeng,2020,21,Open Access,https://doi.org/10.3390/su12208446,"The core issue for China’s economy to shift from high-speed growth to high-quality development is to raise total factor productivity (TFP). Based on the data of A-share listed companies from 2013 to 2017 and the air quality monitoring data released by the China National Environmental Monitoring Centre, this paper conducts an empirical test on the relationship between haze pollution, labor productivity, and firm-level TFP by using the mediation effect test model. The results show the following: First, haze pollution will reduce a firm’s TFP. Second, labor productivity plays a partial intermediary role between haze pollution and a firm’s TFP. Haze pollution will not only have a direct negative impact on a firm-level TFP but also reduce a firm-level TFP by reducing labor productivity. Subsequently, the robustness test was carried out by means of a substitution of independent variables and dependent variables, and the results all supported the hypotheses in this paper. In addition, the heterogeneity of the industry and the ownership of listed companies was analyzed, and the two-stage least squares (2SLS) method was used to solve the endogeneity problem. The conclusions of this paper are helpful to clarify the relationship between haze pollution, firm factor productivity, and firm-level TFP. The paper’s findings also provide a practical basis for firms to further improve TFP from the perspective of air pollution problems such as haze.",10.3390/su12208446,B1
exporting and environmental performance a firm level productivity analysis,Emilio Galdeano Gómez,2009,54,NOT Open Access,https://doi.org/10.1111/j.1467-9701.2009.01188.x,,10.1111/j.1467-9701.2009.01188.x,B1
modelling energy efficiency in china a fixed effects panel stochastic frontier approach,Feng Song|Yihua Yu,2018,17,NOT Open Access,https://doi.org/10.1080/20954816.2018.1463479,,10.1080/20954816.2018.1463479,B1
structure technology management and energy efficiency stochastic frontier approach based on provincial panel data during 2000 2010,Sun Jia,2012,3,NOT Open Access,,,,B1
,Cunyi Yang|Tinghui Li|Khaldoon Albitar,NA,46,Open Access,,"The difficulty of balance between environment and energy consumption makes countries and enterprises face a dilemma, and improving energy efficiency has become one of the ways to solve this dilemma. Based on the data of 158 countries from 1980 to 2018, the dynamic TFP of different countries is calculated by means of the Super-SBM-GML model. The TFP is decomposed into indexes of EC (Technical Efficiency Change), TC (Technological Change) and EC has been extended to PEC (Pure Efficiency Change) and SEC (Scale Efficiency Change). Then the fixed effect model and the fixed effect panel quantile model are used to analyze the moderating effect and the exogenous effect of energy efficiency on PM2.5 concentration on the basis of verifying that energy efficiency can reduce PM2.5 concentration. We conclude, first, the global energy efficiency has been continuously improved during the sample period, and both technological progress and technical efficiency have been improved. Second, the impact of energy efficiency on PM2.5 is heterogeneous which is reflected in the various elements of energy efficiency decomposition. The increase in energy efficiency can inhibit PM2.5 concentration and the inhibition effect mainly comes from TC and PEC, but SEC promotes PM2.5 emission. Third, energy investment plays a moderating role in the environmental protection effect of energy efficiency. Fourth, the impact of energy efficiency on PM2.5 concentration is heterogeneous in terms of national attribute, which is embodied in the differences of national development, science and technology development level, new energy utilization ratio, and the role of international energy trade.",,B1
technology invention and diffusion in residential energy consumption a stochastic frontier approach,Giovanni Marin|Alessandro Palma,2015,3,Open Access,https://doi.org/10.2139/ssrn.2662362,,10.2139/ssrn.2662362,B1
china statistical yearbook,中華人民共和国国家統計局,1988,12491,NOT Open Access,,,,B2
the next generation of the penn world table,Robert C. Feenstra|Robert Inklaar|Marcel P. Timmer,2015,4811,Open Access,https://doi.org/10.1257/aer.20130954,"We describe the theory and practice of real GDP comparisons across countries and over time. Version 8 of the Penn World Table expands on previous versions in three respects. First, in addition to comparisons of living standards using components of real GDP on the expenditure side, we provide a measure of productive capacity, called real GDP on the output side. Second, growth rates are benchmarked to multiple years of cross-country price data so they are less sensitive to new benchmark data. Third, data on capital stocks and productivity are (re)introduced. Applications including the Balassa-Samuelson effect and development accounting are discussed. (JEL C43, C82, E01, E23, I31, O47)",10.1257/aer.20130954,B2
a practitioner s guide to cluster robust inference,A. Colin Cameron|Douglas L. Miller,2015,4744,NOT Open Access,https://doi.org/10.3368/jhr.50.2.317,,10.3368/jhr.50.2.317,B2
political turnover and economic performance the incentive role of personnel control in china,Hongbin Li|Li‐An Zhou,2004,3678,NOT Open Access,https://doi.org/10.1016/j.jpubeco.2004.06.009,,10.1016/j.jpubeco.2004.06.009,B2
robust inference with multiway clustering,A. Colin Cameron|Jonah B. Gelbach|Douglas L. Miller,2011,3151,NOT Open Access,https://doi.org/10.1198/jbes.2010.07136,,10.1198/jbes.2010.07136,B2
what determines productivity,Chad Syverson,2011,2798,NOT Open Access,https://doi.org/10.1257/jel.49.2.326,,10.1257/jel.49.2.326,B2
generalized reduced rank tests using the singular value decomposition,Frank Kleibergen|Richard Paap,2005,2745,NOT Open Access,https://doi.org/10.1016/j.jeconom.2005.02.011,,10.1016/j.jeconom.2005.02.011,B2
creative accounting or creative destruction firm level productivity growth in chinese manufacturing,Loren Brandt|Johannes Van Biesebroeck|Yifan Zhang,2011,2327,Open Access,https://doi.org/10.1016/j.jdeveco.2011.02.002,,10.1016/j.jdeveco.2011.02.002,B2
temperature shocks and economic growth evidence from the last half century,Melissa Dell|Benjamin F. Jones|Benjamin Olken,2012,2254,Open Access,https://doi.org/10.1257/mac.4.3.66,"This paper uses historical fluctuations in temperature within countries to identify its effects on aggregate economic outcomes. We find three primary results. First, higher temperatures substantially reduce economic growth in poor countries. Second, higher temperatures may reduce growth rates, not just the level of output. Third, higher temperatures have wide-ranging effects, reducing agricultural output, industrial output, and political stability. These findings inform debates over climate's role in economic development and suggest the possibility of substantial negative impacts of higher temperatures on poor countries. (JEL E23, O13, Q54, Q56)",10.1257/mac.4.3.66,B2
environmental regulation and the competitiveness of u s manufacturing what does the evidence tell us,Adam B. Jaffe|Steven R. Peterson,1995,1887,NOT Open Access,,,,B2
evidence on the impact of sustained exposure to air pollution on life expectancy from china s huai river policy,Yuyu Chen|Avraham Ebenstein|Michael Greenstone|Hongbin Li,2013,1789,Open Access,https://doi.org/10.1073/pnas.1300018110,"This paper's findings suggest that an arbitrary Chinese policy that greatly increases total suspended particulates (TSPs) air pollution is causing the 500 million residents of Northern China to lose more than 2.5 billion life years of life expectancy. The quasi-experimental empirical approach is based on China's Huai River policy, which provided free winter heating via the provision of coal for boilers in cities north of the Huai River but denied heat to the south. Using a regression discontinuity design based on distance from the Huai River, we find that ambient concentrations of TSPs are about 184 μg/m(3) [95% confidence interval (CI): 61, 307] or 55% higher in the north. Further, the results indicate that life expectancies are about 5.5 y (95% CI: 0.8, 10.2) lower in the north owing to an increased incidence of cardiorespiratory mortality. More generally, the analysis suggests that long-term exposure to an additional 100 μg/m(3) of TSPs is associated with a reduction in life expectancy at birth of about 3.0 y (95% CI: 0.4, 5.6).",10.1073/pnas.1300018110,B2
random group effects and the precision of regression estimates,Brent R. Moulton,1986,1664,NOT Open Access,https://doi.org/10.1016/0304-4076(86)90021-7,,10.1016/0304-4076(86)90021-7,B2
air quality guidelines global update 2005 particulate matter ozone nitrogen dioxide and sulfur dioxide,Who Regional Office for Europe,2006,1535,NOT Open Access,,,,B2
trade quality upgrading and wage inequality in the mexican manufacturing sector,Eric Verhoogen,2008,1535,NOT Open Access,https://doi.org/10.1162/qjec.2008.123.2.489,,10.1162/qjec.2008.123.2.489,B2
the impacts of environmental regulations on industrial activity evidence from the 1970 and 1977 clean air act amendments and the census of manufactures,Michael Greenstone,2002,1114,NOT Open Access,https://doi.org/10.1086/342808,,10.1086/342808,B2
climate change mortality and adaptation evidence from annual fluctuations in weather in the us,Olivier Deschênes|Michael Greenstone,2011,1062,Open Access,https://doi.org/10.1257/app.3.4.152,"Using random year-to-year variation in temperature, we document the relationship between daily temperatures and annual mortality rates and daily temperatures and annual residential energy consumption. Both relationships exhibit nonlinearities, with significant increases at the extremes of the temperature distribution. The application of these results to “business as usual” climate predictions indicates that by the end of the century climate change will lead to increases of 3 percent in the age-adjusted mortality rate and 11 percent in annual residential energy consumption. These estimates likely overstate the long-run costs, because climate change will unfold gradually allowing individuals to engage in a wider set of adaptations. (JEL I12, Q41, Q54)",10.1257/app.3.4.152,B2
temperatures and cyclones strongly associated with economic production in the caribbean and central america,Solomon Hsiang,2010,1004,Open Access,https://doi.org/10.1073/pnas.1009510107,"Understanding the economic impact of surface temperatures is an important question for both economic development and climate change policy. This study shows that in 28 Caribbean-basin countries, the response of economic output to increased temperatures is structurally similar to the response of labor productivity to high temperatures, a mechanism omitted from economic models of future climate change. This similarity is demonstrated by isolating the direct influence of temperature from that of tropical cyclones, an important correlate. Notably, output losses occurring in nonagricultural production (-2.4%/+1 degrees C) substantially exceed losses occurring in agricultural production (-0.1%/+1 degrees C). Thus, these results suggest that current models of future climate change that focus on agricultural impacts but omit the response of workers to thermal stress may underestimate the global economic costs of climate change.",10.1073/pnas.1009510107,B2
does air quality matter evidence from the housing market,Kenneth Y. Chay|Michael Greenstone,2005,996,NOT Open Access,https://doi.org/10.1086/427462,,10.1086/427462,B2
wto accession and performance of chinese manufacturing firms,Loren Brandt|Johannes Van Biesebroeck|Luhang Wang|Yifan Zhang,2017,865,Open Access,https://doi.org/10.1257/aer.20121266,"We examine the effects of trade liberalization in China on the evolution of markups and productivity of manufacturing firms. Although these dimensions of performance cannot be separately identified when firm output is measured by revenue, detailed price deflators make it possible to estimate the average effect of tariff reductions on both. Several novel findings emerge. First, cuts in output tariffs reduce markups, but raise productivity. Second, pro-competitive effects are most important among incumbents, while efficiency gains dominate for new entrants. Third, cuts in input tariffs raise both markups and productivity. We highlight mechanisms that explain these findings in the Chinese context. (JEL D24, F13, L25, L60, O14, P31, P33)",10.1257/aer.20121266,B2
deposition resuspension and penetration of particles within a residence,Tracy L. Thatcher,1995,857,NOT Open Access,https://doi.org/10.1016/1352-2310(95)00016-r,,10.1016/1352-2310(95)00016-r,B2
processing trade tariff reductions and firm productivity evidence from chinese firms,Miaojie Yu,2014,849,NOT Open Access,https://doi.org/10.1111/ecoj.12127,,10.1111/ecoj.12127,B2
competition and corporate tax avoidance evidence from chinese industrial firms,Hongbin Cai|Qiao Liu,2009,847,NOT Open Access,https://doi.org/10.1111/j.1468-0297.2009.02217.x,,10.1111/j.1468-0297.2009.02217.x,B2
the mortality and medical costs of air pollution evidence from changes in wind direction,Tatyana Deryugina|Garth Heutel|Nolan Miller|David Molitor|Julian Reif,2019,779,NOT Open Access,https://doi.org/10.1257/aer.20180279,,10.1257/aer.20180279,B2
new evidence on the impact of sustained exposure to air pollution on life expectancy from china s huai river policy,Avraham Ebenstein|Maoyong Fan|Michael Greenstone|Guojun He|Maigeng Zhou,2017,743,NOT Open Access,https://doi.org/10.1073/pnas.1616784114,,10.1073/pnas.1616784114,B2
effects of air quality regulations on polluting industries,Randy A. Becker|Vernon Henderson,2000,732,NOT Open Access,https://doi.org/10.1086/262123,,10.1086/262123,B2
factor immobility and regional impacts of trade liberalization evidence on poverty from india,Petia Topalova,2010,673,Open Access,https://doi.org/10.1257/app.2.4.1,"This paper uses the 1991 Indian trade liberalization to measure the impact of trade liberalization on poverty, and to examine the mechanisms underpinning this impact. Variation in sectoral composition across districts and liberalization intensity across production sectors allows a difference-in-difference approach. Rural districts, in which production sectors more exposed to liberalization were concentrated, experienced slower decline in poverty and lower consumption growth. The impact of liberalization was most pronounced among the least geographically mobile at the bottom of the income distribution, and in Indian states where inflexible labor laws impeded factor reallocation across sectors. (JEL F13, I32, O15, O18, O19, O24)",10.1257/app.2.4.1,B2
in search of pollution havens dirty industry in the world economy 1960 to 1995,Muthukumara Mani|David Wheeler,1998,601,NOT Open Access,https://doi.org/10.1177/107049659800700302,,10.1177/107049659800700302,B2
particulate pollution and the productivity of pear packers,Tom Chang|Joshua Graff Zivin|Tal Gross|Matthew Neidell,2016,594,NOT Open Access,https://doi.org/10.1257/pol.20150085,,10.1257/pol.20150085,B2
temperature effects on productivity and factor reallocation evidence from a half million chinese manufacturing plants,Peng Zhang|Olivier Deschênes|Kyle C. Meng|Junjie Zhang,2017,574,NOT Open Access,https://doi.org/10.1016/j.jeem.2017.11.001,,10.1016/j.jeem.2017.11.001,B2
effortless perfection do chinese cities manipulate air pollution data,Dalia Ghanem|Junjie Zhang,2014,571,NOT Open Access,https://doi.org/10.1016/j.jeem.2014.05.003,,10.1016/j.jeem.2014.05.003,B2
air pollution health and socio economic status the effect of outdoor air quality on childhood asthma,Matthew Neidell,2004,527,NOT Open Access,https://doi.org/10.1016/j.jhealeco.2004.05.002,,10.1016/j.jhealeco.2004.05.002,B2
china s international trade and air pollution in the united states,Jintai Lin|Da Pan|Steven J. Davis|Qiang Zhang|Kebin He|Can Wang|David G. Streets|Donald J. Wuebbles|Dabo Guan,2014,505,Open Access,https://doi.org/10.1073/pnas.1312860111,"China is the world's largest emitter of anthropogenic air pollutants, and measurable amounts of Chinese pollution are transported via the atmosphere to other countries, including the United States. However, a large fraction of Chinese emissions is due to manufacture of goods for foreign consumption. Here, we analyze the impacts of trade-related Chinese air pollutant emissions on the global atmospheric environment, linking an economic-emission analysis and atmospheric chemical transport modeling. We find that in 2006, 36% of anthropogenic sulfur dioxide, 27% of nitrogen oxides, 22% of carbon monoxide, and 17% of black carbon emitted in China were associated with production of goods for export. For each of these pollutants, about 21% of export-related Chinese emissions were attributed to China-to-US export. Atmospheric modeling shows that transport of the export-related Chinese pollution contributed 3-10% of annual mean surface sulfate concentrations and 0.5-1.5% of ozone over the western United States in 2006. This Chinese pollution also resulted in one extra day or more of noncompliance with the US ozone standard in 2006 over the Los Angeles area and many regions in the eastern United States. On a daily basis, the export-related Chinese pollution contributed, at a maximum, 12-24% of sulfate concentrations over the western United States. As the United States outsourced manufacturing to China, sulfate pollution in 2006 increased in the western United States but decreased in the eastern United States, reflecting the competing effect between enhanced transport of Chinese pollution and reduced US emissions. Our findings are relevant to international efforts to reduce transboundary air pollution.",10.1073/pnas.1312860111,B2
defensive investments and the demand for air quality evidence from the nox budget program,Olivier Deschênes|Michael Greenstone|Joseph Shapiro,2017,491,Open Access,https://doi.org/10.1257/aer.20131002,"The demand for air quality depends on health impacts and defensive investments, but little research assesses the empirical importance of defenses. A rich quasi-experiment suggests that the Nitrogen Oxides (NOx) Budget Program (NBP), a cap-and-trade market, decreased NOx emissions, ambient ozone concentrations, pharmaceutical expenditures, and mortality rates. The annual reductions in pharmaceutical purchases, a key defensive investment, and mortality are valued at about $800 million and $1.3 billion, respectively, suggesting that defenses are over one-third of willingness-to-pay for reductions in NOx emissions. Further, estimates indicate that the NBP's benefits easily exceed its costs and that NOx reductions have substantial benefits. (JEL I12, Q51, Q53, Q58)",10.1257/aer.20131002,B2
association of ambient air pollution with depressive and anxiety symptoms in older adults results from the nshap study,Vivian C. Pun|Justin Manjourides|Helen Suh,2016,450,Open Access,https://doi.org/10.1289/ehp494,"Abstract Background: Ambient fine particulate matter (PM2.5) is among the most prevalent sources of environmentally induced inflammation and oxidative stress, both of which are implicated in the pathogenesis of most mental disorders. Evidence, however, concerning the impact of PM2.5 on mental health is just emerging. Objective: We examined the association between PM2.5 and current level of depressive and anxiety symptoms using a nationally representative probability sample (n = 4,008) of older, community-dwelling individuals living across the United States (the National Social Life, Health and Aging project). Methods: Mental health was evaluated using validated, standardized questionnaires and clinically relevant cases were identified using well-established cutoffs; daily PM2.5 estimates were obtained using spatiotemporal models. We used generalized linear mixed models, adjusting for potential confounders, and explored effect modification. Results: An increase in PM2.5 was significantly associated with anxiety symptoms, with the largest increase for 180-days moving average (OR = 1.61; 95% CI: 1.35, 1.92) after adjusting for socioeconomic measures (SES); PM2.5 was positively associated with depressive symptoms, and significantly for 30-day moving average (OR = 1.16; 95% CI: 1.05, 1.29) upon SES adjustment. The observed associations were enhanced among individuals who had low SES and history of comorbidity. When considering mental health as chronic conditions, PM2.5 was significantly associated with incident depressive symptoms for all exposure windows examined, but with incident anxiety symptoms only for shorter exposure windows, which may be due to a drop in power resulting from the decreased between-subject variability in chronic PM2.5 exposure. Conclusion: PM2.5 was associated with depressive and anxiety symptoms, with associations the strongest among individuals with lower SES or among those with certain health-related characteristics. Citation: Pun VC, Manjourides J, Suh H. 2017. Association of ambient air pollution with depressive and anxiety symptoms in older adults: results from the NSHAP study. Environ Health Perspect 125:342–348; http://dx.doi.org/10.1289/EHP494",10.1289/ehp494,B2
health damages from air pollution in china,"Nam, Kyungmin|Kira Matus|Noelle E. Selin|Lok N. Lamsal|John Reilly|Sergey Paltsev",2012,445,NOT Open Access,https://doi.org/10.1016/j.gloenvcha.2011.08.006,,10.1016/j.gloenvcha.2011.08.006,B2
the effect of beijing s driving restrictions on pollution and economic activity,V. Brian Viard|Shihe Fu,2015,416,NOT Open Access,https://doi.org/10.1016/j.jpubeco.2015.02.003,,10.1016/j.jpubeco.2015.02.003,B2
the long run economic consequences of high stakes examinations evidence from transitory variation in pollution,Avraham Ebenstein|Victor Lavy|Sefi Roth,2016,404,Open Access,https://doi.org/10.1257/app.20150213,"Cognitive performance during high-stakes exams can be affected by random disturbances that, even if transitory, may have permanent consequences. We evaluate this hypothesis among Israeli students who took a series of matriculation exams between 2000 and 2002. Exploiting variation across the same student taking multiple exams, we find that transitory PM 2.5 exposure is associated with a significant decline in student performance. We then examine these students in 2010 and find that PM 2.5 exposure during exams is negatively associated with postsecondary educational attainment and earnings. The results highlight how reliance on noisy signals of student quality can lead to allocative inefficiency. (JEL I21, I23, I26, J24, J31, Q51, Q53)",10.1257/app.20150213,B2
the effect of air pollution on mortality in china evidence from the 2008 beijing olympic games,Guojun He|Maoyong Fan|Maigeng Zhou,2016,381,NOT Open Access,https://doi.org/10.1016/j.jeem.2016.04.004,,10.1016/j.jeem.2016.04.004,B2
examining the evidence on environmental regulations and industry location,Smita B. Brunnermeier|Arik Levinson,2004,352,NOT Open Access,https://doi.org/10.1177/1070496503256500,,10.1177/1070496503256500,B2
identifying optimal areas for redd intervention east kalimantan indonesia as a case study,Harris,2008,345,Open Access,,,,B2
growth pollution and life expectancy china from 1991 2012,Avraham Ebenstein|Maoyong Fan|Michael Greenstone|Guojun He|Peng Yin|Maigeng Zhou,2015,341,NOT Open Access,https://doi.org/10.1257/aer.p20151094,,10.1257/aer.p20151094,B2
endogenous induced technical change and the costs of kyoto,Paolo Buonanno|Carlo Carraro|Marzio Galeotti,2003,338,Open Access,https://doi.org/10.1016/s0928-7655(02)00015-5,,10.1016/s0928-7655(02)00015-5,B2
1 trade wages and the political economy of trade protection evidence from the colombian trade reforms,Pinelopi Koujianou|Goldberg Nina Pavcnik|Jel F,2001,336,NOT Open Access,,,,B2
the promise of beijing evaluating the impact of the 2008 olympic games on air quality,Yuyu Chen|Ginger Zhe Jin|Naresh Kumar|Guang Shi,2013,304,NOT Open Access,https://doi.org/10.1016/j.jeem.2013.06.005,,10.1016/j.jeem.2013.06.005,B2
modeling endogenous technological change for climate policy analysis,Kenneth Gillingham|Richard G. Newell|William A. Pizer,2008,296,NOT Open Access,https://doi.org/10.1016/j.eneco.2008.03.001,,10.1016/j.eneco.2008.03.001,B2
estimating the effect of air pollution on road safety using atmospheric temperature inversions,Lutz Sager,2019,274,Open Access,https://doi.org/10.1016/j.jeem.2019.102250,Does air quality influence road safety? We estimate the effect of increased air pollution on the number of road traffic accidents in the United Kingdom between 2009 and 2014. To address concerns of spurious correlation we exploit atmospheric temperature inversions as a source of plausibly exogenous variation in daily air pollution levels. We find an increase of 0.3–0.6% in the number of vehicles involved in accidents per day for each additional 1 μg/m3 of PM2.5. The finding suggests that less safe roads may present a large and previously overlooked cost of air pollution. The results are robust to a number of specifications and across various sub-samples.,10.1016/j.jeem.2019.102250,B2
does subway expansion improve air quality,Shanjun Li|Yanyan Liu|Avralt-Od Purevjav|Lin Yang,2019,243,Open Access,https://doi.org/10.1016/j.jeem.2019.05.005,"Major cities in China and many other fast-growing economies are expanding their subway systems in order to address worsening air pollution and traffic congestion. This paper quantifies the impact of subway expansion on air quality by leveraging fine-scale air quality data and the rapid build-out of 14 new subway lines and 252 stations in Beijing from 2008 to 2016. Our main empirical framework examines how the density of the subway network affects air quality across different locations in the city during this period. To address the potential endogenous location of subway stations, we construct an instrument based on historical subway planning, long before air pollution and traffic congestion were of concern. Our analysis shows that an increase in subway density by one standard deviation improves air quality by two percent and the result is robust to a variety of alternative specifications including the distance-based difference-in-differences method. The total discounted health benefit during a 20-year period from reduced mortality and morbidity as a result of 14 new subway lines amounts to $1.0–3.1 billion, or only 1.4–4.4 percent of the total construction and operating cost.",10.1016/j.jeem.2019.05.005,B2
trends and cycles in china s macroeconomy,Chun Chang|Kaiji Chen|Daniel F. Waggoner|Tao Zha,2016,226,Open Access,https://doi.org/10.1086/685949,"The cyclical patterns uncovered in this paper, an issue silent in SSZ, constitute an integral part of our model mechanism. The key to accounting for these important cyclical patterns is the presence of bank lending frictions in our model, which interacts with the aforementioned collateral constraint to deliver a negative externality on the light sector from credit injections into the heavy sector. In response to the government’s credit injection, the expansion of credit demand by the heavy sector tends to crowd out the light sector’s demand for working capital loans by pushing up the loan rate for working capital. In an economy absent such lending frictions, a credit injection into the heavy sector tends to push up the wage income and therefore household consumption due to the imperfect substitutability between output produced from the heavy sector and output produced by the light sector, a result that is again at odds with what we observe in China (fact [C2]).5 Specifically, a shock to credit expansion generates the following counterfactual predictions:",10.1086/685949,B2
unwatched pollution the effect of intermittent monitoring on air quality,Eric Zou,2021,220,NOT Open Access,https://doi.org/10.1257/aer.20181346,,10.1257/aer.20181346,B2
benefits of foreign ownership evidence from foreign direct investment in china,Jian Wang|Xiao Wang,2015,203,Open Access,https://doi.org/10.1016/j.jinteco.2015.07.006,,10.1016/j.jinteco.2015.07.006,B2
trade pollution and mortality in china,Matilde Bombardini|Bingjing Li,2020,190,NOT Open Access,https://doi.org/10.1016/j.jinteco.2020.103321,,10.1016/j.jinteco.2020.103321,B2
particulate matter and labor supply the role of caregiving and non linearities,Fernando M. Aragón|Juan José Miranda|Paulina Oliva,2017,185,Open Access,https://doi.org/10.1016/j.jeem.2017.02.008,,10.1016/j.jeem.2017.02.008,B2
inconsistencies in air quality metrics blue sky days and pm 10 concentrations in beijing,Steven Q Andrews,2008,116,Open Access,https://doi.org/10.1088/1748-9326/3/3/034009,"International attention is focused on Beijing's efforts to improve air quality. The number of days reported as attaining the daily Chinese National Ambient Air Quality Standard for cities, called 'Blue Sky' days, has increased yearly from 100 in 1998 to 246 in 2007. However, analysis of publicly reported daily air pollution index (API) values for fine particulate matter (diameter≤10 µm, PM 10 ), indicates a discrepancy between the reported 'Blue Sky' days (defined as API≤100, PM 10 ≤150 µg m −3 ) and published monitoring station data. Here I show that reported improvements in air quality for 2006–2007 over 2002 levels can be attributed to (a) a shift in reported daily PM 10 concentrations from just above to just below the national standard, and (b) a shift of monitoring stations in 2006 to less polluted areas. I found that calculating daily Beijing API for 2006 and 2007 using data from the original monitoring stations eliminates a bias in reported PM 10 concentrations near the 'Blue Sky' boundary, and results in a number of 'Blue Sky' days and annual PM 10 concentration near 2002 levels in 2006 and 2007 (203 days and ∼167 µg m −3 calculated for 2006—38 days fewer and a PM 10 concentration ∼6 µg m −3 higher than reported; 191 'Blue Sky' days and ∼161 µg m −3 calculated for 2007—55 days fewer and a PM 10 concentration ∼12 µg m −3 higher than reported; 203 days and 166 µg m −3 were reported in 2002). Furthermore, although different pollutants were monitored before daily reporting began and less stringent standards were implemented in June 2000, reported annual average concentrations of particulate (diameter≤100 µm, TSP) and nitrogen dioxide (NO 2 ) indicate no improvement between 1998 and 2002. This analysis highlights the sensitivity of monitoring data in the evaluation of air quality trends, and the potential for the misinterpretation or manipulation of these trends on the basis of inconsistent metrics.",10.1088/1748-9326/3/3/034009,B2
characterization of indoor outdoor aerosol concentration relationships during the fresno pm exposure studies,Alan Vette|Anne W. Rea|P.A. Lawless|Charles Rodes|Gary F. Evans|V. Ross Highsmith|Linda Sheldon,2001,179,Open Access,https://doi.org/10.1080/02786820117903,"Particle size distributions were measured indoors and outdoors of a single, detached residence during the Fresno particulate matter exposure studies in winter (February 1-28, 1999) and spring (April 18-May 16, 1999). Data was collected for particle sizes ranging from about 0.01 to 2.5",10.1080/02786820117903,B2
ols estimation in a model where a microvariable is explained by aggregates and contemporaneous disturbances are equicorrelated,Teun Kloek,1981,130,Open Access,https://doi.org/10.2307/1911134,"Agricultural and Food Policy, Research Methods/Statistical Methods",10.2307/1911134,B2
evaluating policy interventions with general equilibrium externalities,Jared C. Carbone|V. Kerry Smith,2007,83,NOT Open Access,https://doi.org/10.1016/j.jpubeco.2007.06.003,,10.1016/j.jpubeco.2007.06.003,B2
running with a mask the effect of air pollution on marathon runners performance,Mengmeng Guo|Shihe Fu,2019,61,NOT Open Access,https://doi.org/10.1177/1527002518822701,,10.1177/1527002518822701,B2
raster geographic data analysis and modeling,Robert J. Hijmans,2010,3091,Open Access,https://doi.org/10.32614/cran.package.raster,"Reading, writing, manipulating, analyzing and modeling of spatial data. This package has been superseded by the ""terra"" package .",10.32614/cran.package.raster,B2
climate change mortality and adaptation evidence from annual fluctuations in weather in the u s,Olivier Deschênes|Michael Greenstone,2007,367,Open Access,https://doi.org/10.2139/ssrn.995830,,10.2139/ssrn.995830,B2
the economic cost of air pollution evidence from europe,Antoine Dechezleprêtre|Nicholas Rivers|Balazs Stadler,2019,248,NOT Open Access,https://doi.org/10.1787/56119490-en,,10.1787/56119490-en,B2
air pollution and mental health evidence from china,Shuai Chen|Paulina Oliva|Peng Zhang,2018,179,Open Access,https://doi.org/10.3386/w24686,"A large body of literature estimates the effect of air pollution on health. However, most of these studies have focused on physical health, while the effect on mental health is limited. Using the China Family Panel Studies (CFPS) covering 12,615 urban residents during 2014 -2015, we find significantly positive effect of air pollution -instrumented by thermal inversions -on mental illness. Specifically, a one-standard-deviation (18.04 g/m3) increase in average PM 2.5 concentrations in the past month increases the probability of having a score that is associated with severe mental illness by 6.67 percentage points, or 0.33 standard deviations. Based on average health expenditures associated with mental illness and rates of treatment among those with symptoms, we calculate that these effects induce a total annual cost of USD 22.88 billion in health expenditures only. This cost is on a similar scale to pollution costs stemming from mortality, labor productivity, and dementia.",10.3386/w24686,B2
alleviating urban traffic congestion,,2006,171,NOT Open Access,https://doi.org/10.5860/choice.43-5377,,10.5860/choice.43-5377,B2
willingness to pay for clean air evidence from air purifier markets in china,Koichiro Ito|Shuang Zhang,2016,158,Open Access,https://doi.org/10.3386/w22367,"We develop a framework to estimate willingness to pay (WTP) for clean air from defensive investment. Applying this framework to product-by-store level scanner data on air purifier sales in China, we provide among the first revealed preference estimates of WTP for clean air in developing countries. A spatial discontinuity in air pollution created by the Huai River heating policy enables us to analyze household responses to long-run exposure to pollution. Our model allows heterogeneity in preference parameters to investigate potential heterogeneity in WTP among households. We show that our estimates provide important policy implications for optimal environmental regulation.",10.3386/w22367,B2
the impact of short term exposure to ambient air pollution on cognitive performance and human capital formation,Victor Lavy|Avraham Ebenstein|Sefi Roth,2014,144,Open Access,https://doi.org/10.3386/w20648,"Cognitive performance is critical to productivity in many occupations and potentially linked to pollution exposure. We evaluate this potentially important relationship by estimating the effect of pollution exposure on standardized test scores among Israeli high school high-stakes tests (2000)(2001)(2002). Since students take multiple exams on multiple days in the same location after each grade, we can adopt a fixed effects strategy estimating models with city, school, and student fixed effects. We focus on fine particulate matter (PM 2.5 ) and carbon monoxide (CO), which are considered to be two of the most dangerous forms of air pollution. We find that while PM 2.5 and CO levels are only weakly correlated with each other, both exhibit a robust negative relationship with test scores. We also find that PM 2.5 , which is thought to be particularly damaging for asthmatics, has a larger negative impact on groups with higher rates of asthma. For CO, which affects neurological functioning, the effect is more homogenous across demographic groups. Furthermore, we find that exposure to either pollutant is associated with a significant decline in the probability of not receiving a Bagrut certificate, which is required for college entrance in Israel. The results suggest that the gain from improving air quality may be underestimated by a narrow focus on health impacts. Insofar as air pollution may lead to reduced cognitive performance, the consequences of pollution may be relevant for a variety of everyday activities that require mental acuity. Moreover, by temporarily lowering the productivity of human capital, high pollution levels lead to allocative inefficiency as students with lower human capital are assigned a higher rank than their more qualified peers. This may lead to inefficient allocation of workers across occupations, and possibly a less productive workforce.",10.3386/w20648,B2
pollution for promotion,Ruixue Jia,2017,104,Open Access,https://doi.org/10.2139/ssrn.3029046,,10.2139/ssrn.3029046,B2
the effect of air pollution on investor behavior evidence from the s p 500,Anthony Heyes|Matthew Neidell|Soodeh Saberian,2016,84,NOT Open Access,https://doi.org/10.3386/w22753,,10.3386/w22753,B2
hazed and confused the effect of air pollution on dementia,Kelly Bishop|Jonathan D. Ketcham|Nicolai V. Kuminoff,2018,80,Open Access,https://doi.org/10.3386/w24970,"We study whether long-term cumulative exposure to airborne small particulate matter (PM.) affects the probability that an individual receives a new diagnosis of Alzheimer's disease or related dementias. We track the health, residential location, and PM. exposures of Americans aged 65 and above from 2001 through 2013. The expansion of Clean Air Act regulations led to quasi-random variation in individuals' subsequent exposures to PM.. We leverage these regulations to construct instrumental variables for individual-level decadal PM. that we use within flexible probit models that also account for any potential sample selection based on survival. We find that a 1 g/m3 increase in decadal PM. increases the probability of a new dementia diagnosis by an average of 2.15 percentage points. All else equal, we find larger effects for women, older people, and people with more clinical risk factors for dementia. These effects persist below current regulatory thresholds.",10.3386/w24970,B2
air quality and error quantity impacts of ambient air quality on worker productivity and decision making,James Archsmith,2015,62,Open Access,https://doi.org/10.2139/ssrn.2683656,,10.2139/ssrn.2683656,B2
subways and urban air pollution,Nicolas Gendron-Carrier|Marco Gonzalez-Navarro|Stefano Polloni|Matthew Turner,2018,62,Open Access,https://doi.org/10.3386/w24183,"We investigate the effect of subway system openings on urban air pollution. On average, particulate concentrations are unchanged by subway openings. For cities with higher initial pollution levels, subway openings reduce particulates by 4% in the area surrounding a city center. The effect decays with distance to city center and persists over the longest time horizon that we can measure with our data, about four years. For highly polluted cities, we estimate that a new subway system provides an external mortality benefit of about $1b per year. For less polluted cities, the effect is indistinguishable from zero. Back of the envelope cost estimates suggest that reduced mortality due to lower air pollution offsets a substantial share of the construction costs of subways.",10.3386/w24183,B2
management and shocks to worker productivity,Achyuta Adhvaryu|Namrata Kala|Anant Nyshadham,2019,59,Open Access,https://doi.org/10.3386/w25865,"The assignment of workers to tasks is an important feature of the organization of production within firms. We study how task allocation across workers changes in response to productivity shocks. Pairing hourly productivity data from a ready-made garments firm with granular data on exposure to particulate matter pollution, we show that productivity suffers as a result of pollution shocks; this effect is heterogeneous across workers and tasks. Managers respond by reassigning workers to tasks in which they perform better on average during shocks. This response is larger for managers who we identify, via survey-based measurement, as exhibiting greater managerial attention, and these same managers are also the ones who are most able to mitigate resulting productivity declines.",10.3386/w25865,B2
the effect of pollution and heat on high skill public sector worker productivity in china,Matthew E. Kahn|Pei Li,2019,25,Open Access,https://doi.org/10.3386/w25594,"The quality of governance depends on public sector worker productivity. We use micro data from China to document that judges are less productive on polluted days. Building on the insights of Alchian and Kessel (1962), we discuss the role of organization design and the incentives of public versus for profit organizations in designing a workplace that reduces the productivity costs of local disamenities. We find that the public sector productivity elasticities are larger than published estimates of the private sector productivity elasticities with respect to pollution.",10.3386/w25594,B2
accountability career incentives and pollution the case of two control zones in china,Yvonne Chen|Pei Li|Yi Lu,2015,5,Open Access,https://doi.org/10.2139/ssrn.2703239,,10.2139/ssrn.2703239,B2
pwt8 penn world table version 8 x,Achim Zeileis,2013,2,Open Access,https://doi.org/10.32614/cran.package.pwt8,"Penn World Table (Version 8.x)Description The Penn World Table 8.x provides information on relative levels of income, output, inputs, and productivity for 167 countries between 1950 and 2011.",10.32614/cran.package.pwt8,B2
politicians pollution and performance in the workplace the effect of pms on mps,Anthony Heyes|Nicholas Rivers,2016,1,Open Access,https://doi.org/10.2139/ssrn.2852886,,10.2139/ssrn.2852886,B2
the contribution of outdoor air pollution sources to premature mortality on a global scale,Jos Lelieveld|John S. Evans|Mohammed S. Fnais|Despina Giannadaki|Andrea Pozzer,2015,6149,Open Access,https://doi.org/10.1038/nature15371,,10.1038/nature15371,B3
performance pay and productivity,Edward P. Lazear,2000,2541,NOT Open Access,https://doi.org/10.1257/aer.90.5.1346,,10.1257/aer.90.5.1346,B3
instrumental variables and the search for identification from supply and demand to natural experiments,Joshua D. Angrist|Alan B Krueger,2001,2406,Open Access,https://doi.org/10.1257/jep.15.4.69,"Instrumental variables was first used in the 1920s to estimate supply and demand elasticities and later to correct for measurement error in single equation models. Recently, instrumental variables have been widely used to reduce bias from omitted variables in estimates of causal relationships. Intuitively, instrumental variables methods use only a portion of the variability in key variables to estimate the relationships of interest; if the instruments are valid, that portion is unrelated to the omitted variables. We discuss the mechanics of instrumental variables and the qualities that make for a good instrument, devoting particular attention to instruments derived from “natural experiments.”",10.1257/jep.15.4.69,B3
environmental health perspectives,TJ Goehl,2002,1943,Open Access,https://doi.org/10.1289/ehp.110-1240809,,10.1289/ehp.110-1240809,B3
plausibly exogenous,Timothy G. Conley|Christian Hansen|Peter E. Rossi,2010,1133,NOT Open Access,https://doi.org/10.1162/rest_a_00139,,10.1162/rest_a_00139,B3
visibility science and regulation,John G. Watson,2002,1004,Open Access,https://doi.org/10.1080/10473289.2002.10470813,"The 1999 Regional Haze Rule provides a context for this review of visibility, the science that describes it, and the use of that science in regulatory guidance. The scientific basis for the 1999 regulation is adequate. The deciview metric that tracks progress is an imperfect but objective measure of what people see near the prevailing visual range. The definition of natural visibility conditions is adequate for current planning, but it will need to be refined as visibility improves. Emissions from other countries will set achievable levels above those produced by natural sources. Some natural events, notably dust storms and wildfires, are episodic and cannot be represented by annual average background values or emission estimates. Sulfur dioxide (SO2) emission reductions correspond with lower sulfate (SO4(2-)) concentrations and visibility improvements in the regions where these have occurred. Non-road emissions have been growing more rapidly than emissions from other sources, which have remained stable or decreased since 1970. Simpler models representing transport, limiting precursor pollutants, and gas-to-particle equilibrium should be used to understand where and when emission reductions will be effective, rather than large complex models that have insufficient input and validation measurements. Examples of model-based source attribution show large differences among estimates from various modeling systems and with ambient measurements.",10.1080/10473289.2002.10470813,B3
use of satellite observations for long term exposure assessment of global concentrations of fine particulate matter,Aaron van Donkelaar|Randall V. Martin|Michael Bräuer|Brian L. Boys,2014,930,Open Access,https://doi.org/10.1289/ehp.1408646,"BACKGROUND: More than a decade of satellite observations offers global information about the trend and magnitude of human exposure to fine particulate matter (PM2.5). OBJECTIVE: In this study, we developed improved global exposure estimates of ambient PM2.5 mass and trend using PM2.5 concentrations inferred from multiple satellite instruments. METHODS: We combined three satellite-derived PM2.5 sources to produce global PM2.5 estimates at about 10 km × 10 km from 1998 through 2012. For each source, we related total column retrievals of aerosol optical depth to near-ground PM2.5 using the GEOS-Chem chemical transport model to represent local aerosol optical properties and vertical profiles. We collected 210 global ground-based PM2.5 observations from the literature to evaluate our satellite-based estimates with values measured in areas other than North America and Europe. RESULTS: We estimated that global population-weighted ambient PM2.5 concentrations increased 0.55 μg/m3/year (95% CI: 0.43, 0.67) (2.1%/year; 95% CI: 1.6, 2.6) from 1998 through 2012. Increasing PM2.5 in some developing regions drove this global change, despite decreasing PM2.5 in some developed regions. The estimated proportion of the population of East Asia living above the World Health Organization (WHO) Interim Target-1 of 35 μg/m3 increased from 51% in 1998-2000 to 70% in 2010-2012. In contrast, the North American proportion above the WHO Air Quality Guideline of 10 μg/m3 fell from 62% in 1998-2000 to 19% in 2010-2012. We found significant agreement between satellite-derived estimates and ground-based measurements outside North America and Europe (r = 0.81; n = 210; slope = 0.68). The low bias in satellite-derived estimates suggests that true global concentrations could be even greater. CONCLUSIONS: Satellite observations provide insight into global long-term changes in ambient PM2.5 concentrations. Satellite-derived estimates and ground-based PM2.5 observations from this study are available for public use.",10.1289/ehp.1408646,B3
the distributed lag between air pollution and daily deaths,Joel Schwartz,2000,619,NOT Open Access,https://doi.org/10.1097/00001648-200005000-00016,,10.1097/00001648-200005000-00016,B3
estimating the national public health burden associated with exposure to ambient pm 2 5 and ozone,Neal Fann|Amy D. Lamson|Susan C. Anenberg|Karen Wesson|David Risley|Bryan Hubbell,2011,568,NOT Open Access,https://doi.org/10.1111/j.1539-6924.2011.01630.x,,10.1111/j.1539-6924.2011.01630.x,B3
protecting human health from air pollution,Francesca Dominici|Roger D. Peng|Christopher D. Barr|Michelle L. Bell,2010,491,NOT Open Access,https://doi.org/10.1097/ede.0b013e3181cc86e8,,10.1097/ede.0b013e3181cc86e8,B3
every breath you take every dollar you ll make the long term consequences of the clean air act of 1970,Adam Isen|Maya Rossin‐Slater|William R. Walker,2017,405,Open Access,https://doi.org/10.1086/691465,This paper examines the long-term impacts of early childhood exposure to air pollution on adult outcomes using US administrative data. We exploit changes in air pollution driven by the 1970 Clean Air Act to analyze the difference in outcomes between cohorts born in counties before and after large improvements in air pollution relative to those same cohorts born in counties that had no improvements. We find a significant relationship between pollution exposure in the year of birth and later-life outcomes. A higher pollution level in the year of birth is associated with lower labor force participation and lower earnings at age 30.,10.1086/691465,B3
particulate matter matters,Francesca Dominici|Michael Greenstone|Cass R. Sunstein,2014,327,Open Access,https://doi.org/10.1126/science.1247348,Quasi-experimental evidence is needed on the relations between human health and airborne particulate matter.,10.1126/science.1247348,B3
the temporal pattern of respiratory and heart disease mortality in response to air pollution,Antonella Zanobetti|Joel Schwartz|Evi Samoli|Alexandros Gryparis|Giota Touloumi|Janet L. Peacock|Ross Anderson|Alain Le Tertre|Janos Bobros|Martin Celko|Ayana I. Goren|Bertil Forsberg|Paola Michelozzi|Daniel Rabczenko|Santiago Pérez‐Hoyos|H-Erich Wichmann|Klea Katsouyanni,2003,299,Open Access,https://doi.org/10.1289/ehp.5712,"Short-term changes in ambient particulate matter with aerodynamic diameters < 10 micro m (PM10) have been associated with short-term fluctuations in mortality or morbidity in many studies. In this study, we tested whether those deaths are just advanced by a few days or weeks using a multicity hierarchical modeling approach for all-cause, respiratory, and cardiovascular deaths, for all ages and stratifying by age groups, within the APHEA-2 (Air Pollution and Health: A European Approach) project. We fit a Poisson regression and used an unconstrained distributed lag to model the effect of PM10 exposure on deaths up to 40 days after the exposure. In baseline models using PM10 the day of and day before the death, we found that the overall PM10 effect (per 10 micro g/m3) was 0.74% [95% confidence interval (95% CI), -0.17 to 1.66] for respiratory deaths and 0.69% (95% CI, 0.31-1.08) for cardiovascular deaths. In unrestricted distributed lag models, the effect estimates increased to 4.2% (95% CI, 1.08-7.42) for respiratory deaths and to 1.97% (95% CI, 1.38-2.55) for cardiovascular deaths. Our study confirms that most of the effect of air pollution is not simply advanced by a few weeks and that effects persist for more than a month after exposure. The effect size estimate for PM10 doubles when we considered longer-term effects for all deaths and for cardiovascular deaths and becomes five times higher for respiratory deaths. We found similar effects when stratifying by age groups. These larger effects are important for risk assessment.",10.1289/ehp.5712,B3
the temporal pattern of mortality responses to air pollution a multicity assessment of mortality displacement,Antonella Zanobetti|Joel Schwartz|Evi Samoli|Alexandros Gryparis|Giota Touloumi|Richard Atkinson|Alain Le Tertre|Janos Bobros|Martin Celko|Ayana I. Goren|Bertil Forsberg|Paola Michelozzi|Daniel Rabczenko|Emiliano Aránguez Ruiz|Klea Katsouyanni,2002,253,NOT Open Access,https://doi.org/10.1097/00001648-200201000-00014,,10.1097/00001648-200201000-00014,B3
the relationship between indoor and outdoor airborne particles in the residential environment,Lídia Morawska|Congrong He|J. Hitchins|Dale Gilbert|Sandhya Parappukkaran,2001,210,NOT Open Access,https://doi.org/10.1016/s1352-2310(01)00097-8,,10.1016/s1352-2310(01)00097-8,B3
nocturnal asthma in children affects school attendance school performance and parents work attendance,Gregory B. Diette|Leona E. Markson|Elizabeth A. Skinner|Theresa T. H. Nguyen|Pamela Algatt-Bergstrom|Albert W. Wu,2000,286,NOT Open Access,https://doi.org/10.1001/archpedi.154.9.923,,10.1001/archpedi.154.9.923,B3
the effects of air pollution on work loss and morbidity,Bart Ostro,1983,159,NOT Open Access,https://doi.org/10.1016/0095-0696(83)90006-2,,10.1016/0095-0696(83)90006-2,B3
relationship between indoor and outdoor levels of fine particle mass particle number concentrations and black smoke under different ventilation conditions,Josef Cyrys|Mike Pitz|W. Bischof|H‐Erich Wichmann|Joachim Heinrich,2004,148,NOT Open Access,https://doi.org/10.1038/sj.jea.7500317,,10.1038/sj.jea.7500317,B3
physical characterization of particulate matter and ambient meteorological parameters at different indoor outdoor locations in singapore,Abhishek Gupta|David Cheong,2006,40,NOT Open Access,https://doi.org/10.1016/j.buildenv.2006.02.017,,10.1016/j.buildenv.2006.02.017,B3
robust nonparametric confidence intervals for regression discontinuity designs,Sebastián Calónico|Matias D. Cattaneo|Rocío Titiunik,2014,3075,Open Access,https://doi.org/10.3982/ecta11757,"In the regression-discontinuity (RD) design, units are assigned to treatment based on whether their value of an observed covariate exceeds a known cutoff. In this design, local polynomial estimators are now routinely employed to construct confidence intervals for treatment effects. The performance of these confidence intervals in applications, however, may be seriously hampered by their sensitivity to the specific bandwidth employed. Available bandwidth selectors typically yield a “large” bandwidth, leading to data-driven confidence intervals that may be biased, with empirical coverage well below their nominal target. We propose new theory-based, more robust confidence interval estimators for average treatment effects at the cutoff in sharp RD, sharp kink RD, fuzzy RD, and fuzzy kink RD designs. Our proposed confidence intervals are constructed using a bias-corrected RD estimator together with a novel standard error estimator. For practical implementation, we discuss mean squared error optimal bandwidths, which are by construction not valid for conventional confidence intervals but are valid with our robust approach, and consistent standard error estimators based on our new variance formulas. In a special case of practical interest, our procedure amounts to running a quadratic instead of a linear local regression. More generally, our results give a formal justification to simple inference procedures based on increasing the order of the local polynomial estimator employed. We find in a simulation study that our confidence intervals exhibit close-to-correct empirical coverage and good empirical interval length on average, remarkably improving upon the alternatives available in the literature. All results are readily available in R and STATA using our companion software packages described in Calonico, Cattaneo, and Titiunik (2014d, 2014b).",10.3982/ecta11757,B4
evolution in economic geography institutions political economy and adaptation,Danny MacKinnon|Andrew Cumbers|Andy Pike|Kean Birch|Robert McMaster,2009,476,NOT Open Access,https://doi.org/10.1111/j.1944-8287.2009.01017.x,,10.1111/j.1944-8287.2009.01017.x,B4
environmental standards and labor productivity understanding the mechanisms that sustain sustainability,Magali A. Delmas|Sanja Peković,2012,327,NOT Open Access,https://doi.org/10.1002/job.1827,,10.1002/job.1827,B4
run away air pollution and emigration interests in china,Yu Qin|Hongjia Zhu,2017,281,NOT Open Access,https://doi.org/10.1007/s00148-017-0653-0,,10.1007/s00148-017-0653-0,B4
entry exit firm dynamics and aggregate fluctuations,Gian Luca|Clementi Dino Palazzo,2010,279,NOT Open Access,,,,B4
trade costs and location of foreign firms in china,Mary Amiti|Beata Smarzynska Javorcik,2006,265,Open Access,https://doi.org/10.1016/j.jdeveco.2006.06.001,,10.1016/j.jdeveco.2006.06.001,B4
supply chain risk management literature review,Amulya Gurtu|Jestin Johny,2021,251,Open Access,https://doi.org/10.3390/risks9010016,"The risks associated with global supply chain management has created a discourse among practitioners and academics. This is evident by the business uncertainties growing in supply chain management, which pose threats to the entire network flow and economy. This paper aims to review the existing literature on risk factors in supply chain management in an uncertain and competitive business environment. Papers that contained the word “risk” in their titles, keywords, or abstracts were selected for conducting the theoretical analyses. Supply chain risk management is an integral function of the supply network. It faces unpredictable challenges due to nations’ economic policies and globalization, which have raised uncertainty and challenges for supply chain organizations. These significantly affect the financial performance of the organizations and the economy of a nation. Debate on supply chain risk management may promote competitiveness in business. Risk mitigation strategies will reduce the impact caused due to natural and human-made disasters.",10.3390/risks9010016,B4
government environmental attention and carbon emissions governance firm level evidence from china,Xiaoqian Liu|Javier Cifuentes‐Faura|Shikuan Zhao|Long Wang,2023,238,NOT Open Access,https://doi.org/10.1016/j.eap.2023.07.016,,10.1016/j.eap.2023.07.016,B4
regulatory environments and the location decision evidence from the early foreign market entries of new technology based firms,Régis Cœurderoy|Gordon Murray,2008,210,NOT Open Access,https://doi.org/10.1057/palgrave.jibs.8400369,,10.1057/palgrave.jibs.8400369,B4
regional industrial restructuring resulting from individual and system agency,Arne Isaksen|Stig‐Erik Jakobsen|Rune Njøs|Roger Normann,2018,193,NOT Open Access,https://doi.org/10.1080/13511610.2018.1496322,,10.1080/13511610.2018.1496322,B4
how do industries and firms respond to changes in local labor supply,Christian Dustmann|Albrecht Glitz,2015,171,NOT Open Access,https://doi.org/10.1086/679684,,10.1086/679684,B4
determinants and effects of foreign direct investment evidence from german firm level data,Claudia M. Buch|Jörn Kleinert|Alexander Lipponer|Farid Toubal|Richard Baldwin,2005,170,NOT Open Access,https://doi.org/10.1111/j.1468-0327.2005.00133.x,,10.1111/j.1468-0327.2005.00133.x,B4
air pollution control policies and impacts a review,Tong Feng|Yuechi Sun|Yuechi Sun|Jie Ma|Chunmei Feng|Zhenni Chen,2023,169,NOT Open Access,https://doi.org/10.1016/j.rser.2023.114071,,10.1016/j.rser.2023.114071,B4
regional innovation systems in hungary the failing synergy at the national level,Balázs Lengyel|Loet Leydesdorff,2010,154,Open Access,https://doi.org/10.1080/00343401003614274,"Lengyel B. and Leydesdorff L. Regional innovation systems in Hungary: the failing synergy at the national level, Regional Studies. Entropy statistics are used in this paper to measure the synergies of knowledge exploration, knowledge exploitation, and organizational control in the Hungarian innovation system. The data consist of high- and medium-technology firms and knowledge-intensive services categorized by subregions (proxy for geography), industrial sectors (proxy for technology), and firm size (proxy for organization). Configurational information along these three dimensions is used as an indicator of a reduction of uncertainty or, in other words, the synergy across the knowledge functions. The results indicate that three regimes have been created during the Hungarian transition with very different dynamics: Equation(1) Budapest and its agglomeration emerge as a knowledge-based innovation system on every indicator; Equation(2) the north-western part of the country, where foreign-owned companies have induced a shift in knowledge-organization; while Equation(3) the system in the eastern and southern parts of the country seems to be organized as a response to government expenditure. The national level no longer adds to the synergy across these regional innovation systems. Lengyel B. et Leydesdorff L. Les systèmes d'innovation en Hongrie: une faible synergie au niveau national, Regional Studies. Le présent article emploie des statistiques entropiques afin de mesurer les synergies de l'exploration de la connaissance, de l'exploitation de la connaissance, et de la maîtrise organisationnelle du système d'innovation en Hongrie. On se sert des données auprès des entreprises à la pointe de la technologie ou de niveau moyen, et des services à intensité de connaissance classées en fonction de la sous-région (synonyme de géographie), des secteurs industriels (synonymes d'organisation). Des renseignements sur la configuration de ces trois variables sont employés comme indicateur d'une baisse de l'incertitude ou, en d'autres termes, de la synergie à travers les fonctions de connaissance. Les résultats indiquent que trois systèmes ont été créés pendant la phase de transition hongroise dont les dynamiques se distinguent nettement: Equation(1) Budapest et son agglommération ressortissent comme un système d'innovation quel que soit l'indicateur; Equation(2) le nord-ouest du pays où les entreprises à capital majoritaire étranger ont provoqué un mouvement de l'organisation de la conaissance; tandis que Equation(3) le système dans l'est et dans le sud du pays semble être organisé en réponse aux dépenses gouvernementales. Le niveau national n'ajoute plus à la synergie à travers ces systèmes d'innovation régionaux. Système d'innovation Synergie de la fonction de connaissance Renseignements sur la configuration Statistiques entropiques Economie en phase de transition Régions Lengyel B. und Leydesdorff L. Regionale Innovationssysteme in Ungarn: Scheitern der Synergie auf nationaler Ebene, Regional Studies. In diesem Beitrag werden mit Hilfe einer Entropiestatistik die Synergien der Wissensexploration, der Wissensausbeute und der organisatorischen Kontrolle im ungarischen Innovationssystem gemessen. Die Daten beziehen sich auf Firmen der Hoch- und Mittelhochtechnologie sowie auf wissensintensive Dienstleistungen, kategorisiert nach Unterregionen (stellvertretend für Geografie), Branchensektoren (stellvertretend für Technologie) und Firmengröße (stellvertretend für Organisation). Die Konfigurationsinformationen dieser drei Dimensionen werden als Indikator für die Verringerung der Ungewissheit bzw. anders ausgedrückt für die Synergie zwischen den Wissensfunktionen herangezogen. Aus den Ergebnissen geht hervor, dass in der Übergangsphase Ungarns drei Regime mit äußerst verschiedenen Dynamiken geschaffen wurden: Equation(1) Budapest und sein Ballungsraum, die sich hinsichtlich jedes Indikators als wissensbasiertes Innovationssystem erweisen, Equation(2) der Nordwesten des Landes, wo Firmen im ausländischen Besitz Veränderungen bei der Wissensorganisation herbeigeführt haben, und Equation(3) das System im Osten und Süden des Landes, das als Reaktion auf staatliche Investitionen organisiert zu sein scheint. Die nationale Ebene trägt nicht mehr zur Synergie zwischen diesen regionalen Innovationssystemen bei. Innovationssystem Synergie der Wissensfunktion Konfigurationsinformationen Entropiestatistik Übergangswirtschaft Regionen Lengyel B. y Leydesdorff L. Sistemas de innovación regionales en Hungría: el fracaso de la sinergia a nivel nacional, Regional Studies. En este artículo utilizamos estadísticas de entropía para medir las sinergias de la exploración del conocimiento, explotación del conocimiento y el control organizativo en el sistema de innovación húngaro. Los datos se refieren a empresas de tecnología alta y media y servicios intensivos en conocimientos categorizados por sub-regiones (indicador de la geografía), sectores industriales (indicador de la tecnología) y tamaño de empresas (indicador de la organización). La información de configuración en estas tres dimensiones sirve para indicar la reducción de la incertidumbre o, en otras palabras, la sinergia en las funciones de conocimiento. Los resultados indican que durante la transición húngara se crearon tres sistemas con dinámicas muy diferentes: Equation(1) Budapest y su aglomeración surgen como un sistema de innovación basado en el conocimiento en cada indicador; Equation(2) en la zona noroeste del país las empresas de propiedad extranjera han provocado un cambio en la organización del conocimiento; mientras que Equation(3) el sistema en las zonas este y sur del país parece que está organizado como respuesta al gasto estatal. El nivel nacional ya no contribuye a la sinergia en estos sistemas regionales de innovación. Sistema de innovación Sinergia en las funciones de conocimiento Información de configuración Estadísticas de entropía Economía de transición Regiones",10.1080/00343401003614274,B4
air pollution abatement costs under the clean air act evidence from the pace survey,Randy A. Becker,2004,138,NOT Open Access,https://doi.org/10.1016/j.jeem.2004.09.001,,10.1016/j.jeem.2004.09.001,B4
co evolution in contemporary economic geography towards a theoretical framework,Huiwen Gong|Robert Hassink,2018,121,NOT Open Access,https://doi.org/10.1080/00343404.2018.1494824,,10.1080/00343404.2018.1494824,B4
understanding firm exit a systematic literature review,Elena Cefis|Cristina Bettinelli|Alex Coad|Orietta Marsili,2021,118,Open Access,https://doi.org/10.1007/s11187-021-00480-x,"Abstract We investigate the corpus of literature on firm exit by means of a systematic literature review (SLR) which yields a final sample of 142 journal articles for the period 1991–2020. The phenomenon of firm exit is explored from a variety of perspectives: business exit; exit at the individual entrepreneur level; exit from specific markets; exit from foreign markets; and the role of exit for industrial dynamics conceived more broadly. Special attention is given to the various exit routes, including voluntary liquidation, mergers and acquisitions (M&A), initial public offerings (IPO), and of course bankruptcy. The SLR sets the scene for the Special Issue papers that are presented towards the end, and we conclude with some suggestions for future research. The Plain English Summary This article develops a systematic literature review around three decades of firm exit research, patterns, developments, and intriguing gaps. In this paper, we systematically review 142 studies on firm exit from various perspectives, identify major patterns, and outline the debate around firm exit. We propose reflections useful for scholars willing to engage in firm exit research in the future and set the scene for the special issue papers. Overall, this work shows the remarkable progress made in the area of firm exit that has evolved from the view of exit as a homogenous event signaling failure to a vision of exit as a heterogenous event. Exploring the sources of heterogeneity of exits from various perspectives could offer promising paths for future research.",10.1007/s11187-021-00480-x,B4
foreign owned firms as agents of structural change in regions,Zoltán Elekes|Ron Boschma|Balázs Lengyel,2019,113,Open Access,https://doi.org/10.1080/00343404.2019.1596254,"This paper investigates the role of different types of firms in related and unrelated diversification in regions, in particular the extent to which foreign-owned firms induce structural change in the manufacturing capability base of 67 Hungarian regions between 2000 and 2009. Doing so, it connects more tightly the literatures of evolutionary economic geography and international business. The results indicate that foreign-owned firms deviate more from the region's average capability match than domestic-owned firms. However, this deviation is larger on the short run than in the long run, and more pronounced in peripheral regions and in the capital region.",10.1080/00343404.2019.1596254,B4
assessing the evolution of pm2 5 and related health impacts resulting from air quality policies in china,Haimeng Liu|Jian Liu|Mengcheng Li|Peng Gou|Yi Cheng,2021,98,NOT Open Access,https://doi.org/10.1016/j.eiar.2021.106727,,10.1016/j.eiar.2021.106727,B4
the relationship between urbanization and air pollution affected by intercity factor mobility a case of the yangtze river delta region,Biao Sun|Chuanglin Fang|Xia Liao|Xiaomin Guo|Zhitao Liu,2023,97,NOT Open Access,https://doi.org/10.1016/j.eiar.2023.107092,,10.1016/j.eiar.2023.107092,B4
does air pollution impede corporate innovation,Zhidong Tan|Lina Yan,2021,96,NOT Open Access,https://doi.org/10.1016/j.iref.2021.07.015,,10.1016/j.iref.2021.07.015,B4
air pollution and economic growth under local government competition evidence from china 2007 2016,Shurui Jiang|Xue Tan|Peiqi Hu|Yue Wang|Lei Shi|Zhong Ma|Genfa Lu,2021,89,NOT Open Access,https://doi.org/10.1016/j.jclepro.2021.130231,,10.1016/j.jclepro.2021.130231,B4
air pollution and high human capital population migration an empirical study based on 35 major cities in china,Xiaoxiao Liu|Xueying Dong|Shan Li|Yueting Ding|Ming Zhang,2021,71,NOT Open Access,https://doi.org/10.1016/j.spc.2021.01.032,,10.1016/j.spc.2021.01.032,B4
do foreign firms help make local firms greener evidence of environmental spillovers in china,Nahyun Kim|Junxiu Sun|Haitao Yin|Jon Jungbien Moon,2022,59,NOT Open Access,https://doi.org/10.1057/s41267-022-00504-y,,10.1057/s41267-022-00504-y,B4
internationalization of emerging market multinational enterprises a systematic literature review and future directions,Nilay Bıçakcıoğlu‐Peynirci,2023,48,Open Access,https://doi.org/10.1016/j.jbusres.2023.114002,"Emerging market multinational enterprises (EMNEs) has received an increased scholarly inquiry considering its unprecedent rise that shape the new worldwide economy. In response, this study is aimed to synthesize empirical findings by conducting a systematic and an integrative review of the existent research on the internationalization in the context of emerging market multinationals during the period 1994–2020. Relying upon a systematic review methodology, 77 studies were subjected to a critical assessment of theoretical, methodological, and empirical aspects, covering conceptual approaches, antecedents, dynamics, and outcomes of internationalization, within the context of emerging multinationals. Empirical evidence elucidates that internationalization of EMNEs is still far from reaching maturity due to the lack of a synthetic theoretical foundations, discrepancies among research methodologies, and the fragmented nature of research results. To strengthen these areas, this paper signals fruitful future research endeavours that are particularly worth exploring.",10.1016/j.jbusres.2023.114002,B4
determinants of corporate credit ratings does esg matter,Lachlan Michalski|Rand Kwong Yew Low,2024,47,Open Access,https://doi.org/10.1016/j.irfa.2024.103228,"We perform an empirical evaluation of fourteen multinomial classifiers in the prediction of credit ratings on a large dataset consisting of macroeconomic, firm-level financial, and environmental, social, and governance (ESG) variables. Random forests and extremely randomized trees exhibit the highest predictive power for US and global firms. We show that environmental and social responsibility variables are important determinants for the credit ratings, specifically measures of environmental innovation, resource use, emissions, corporate social responsibility, and workforce determinants. The influence of ESG variables become more pronounced following the financial crisis of 2007-2009, and are important across both investment-grade and speculative-grade classes.",10.1016/j.irfa.2024.103228,B4
the double edged sword effect of air quality information disclosure policy empirical evidence based on the digital transformation of chinese listed companies,Deheng Xiao|Xu Jinlong|Qiyuan Li,2024,42,NOT Open Access,https://doi.org/10.1016/j.eneco.2024.107513,,10.1016/j.eneco.2024.107513,B4
esg rating and labor income share firm level evidence,Shuai Zhao|Yan Chen,2024,30,NOT Open Access,https://doi.org/10.1016/j.frl.2024.105361,,10.1016/j.frl.2024.105361,B4
the impact of air pollution on employment location choice evidence from china s migrant population,Qian Yue|Yan Song|Ming Zhang|Xueli Zhang|L H Wang,2023,28,NOT Open Access,https://doi.org/10.1016/j.eiar.2023.107411,,10.1016/j.eiar.2023.107411,B4
do firms react to supply chain disruptions,Juan de Lucio|Carmen Díaz Mora|Raúl Mínguez|Asier Minondo|Francisco Requena Silvente,2023,27,Open Access,https://doi.org/10.1016/j.eap.2023.07.004,"Since the outbreak of the Covid-19 pandemic, the disruption of supply chains has become a major concern for global firms. This article uses a representative sample of Spanish manufacturers that participate in global value chains to analyze whether firms are implementing strategies to respond to this concern. Using data for the period 2017–2022, we find that, on average, manufacturers have not increased the number of countries from which they source their input since the Covid-19 pandemic. Firms have not either shifted their imports to countries that are geographically and geopolitically close to Spain, and have not reshored imports. However, firms have significantly increased the stock of intermediates. Firms only diversify when they have one supplier, export to many destinations, and the imported input has a high risk of experiencing a supply chain disruption. Firms nearshore and friendshore when their main supplier is geographically distant.",10.1016/j.eap.2023.07.004,B4
internationalization of digital firms a systematic review and research agenda,Bo Yang|Wensong Bai|Yantai Chen|Ke Rong,2024,27,NOT Open Access,https://doi.org/10.1016/j.jbusres.2024.115124,,10.1016/j.jbusres.2024.115124,B4
foreign market exit in family firms do historical military and cultural frictions matter,Sihong Wu|Francesco Chirico|Di Fan|Jiayan Ding|Yiyi Su,2023,25,Open Access,https://doi.org/10.1016/j.jwb.2023.101504,"In a fast-changing world, strategic decisions to exit a foreign market become more complex for family firms, owing to their vulnerability to uncertainty in internationalization. However, there is scant research on family firms’ foreign market exit with respect to their responses to contextual influences from home and host countries. This study reconciles the socioemotional wealth (SEW) perspective and the friction lens to address this gap. Using a sample of 1,455 subsidiaries established by 413 Chinese family firms in 2009-2018, we find that historical military friction increases family firms’ foreign market exit, while cultural friction leads to a lower exit propensity. We also find that family management reinforces the friction-exit relationships, and this effect is strengthened when the family firm is controlled by the first generation. Our theory and related findings deepen our understanding of the foreign market exit decision of family firms while offering important theoretical and managerial implications.",10.1016/j.jwb.2023.101504,B4
skill capabilities behind the scenes the role of occupational portfolio in regional industrial evolution,Jing Chen|Xiaojing Li|Xiaoqi Zhou|Rongjun Ao,2024,20,Open Access,https://doi.org/10.1080/00343404.2024.2416535,"An increasing number of studies confirm that regional diversification is path dependent, with new industries building on pre-existing ones. However, these studies typically overlook the role of skill capabilities and the interactions between skills and industries. In this research, based on the concept of industry–occupation cross-relatedness, the influence of skill capabilities on industrial diversification across Chinese regions was investigated. The findings indicate that regions can diversify into skill-related activities following a skill path-dependent process. Furthermore, a theoretical framework integrating industry–occupation cross-relatedness and economic complexity was introduced that enabled the adoption of various diversification strategies based on regional skill capabilities.",10.1080/00343404.2024.2416535,B4
production and r d networks of foreign ventures in china implications for technological dynamism and regional development,Yehua Dennis Wei|Yu Zhou|Yifei Sun|George C. S. Lin,2010,81,NOT Open Access,https://doi.org/10.1016/j.apgeog.2010.06.008,,10.1016/j.apgeog.2010.06.008,B4
agglomeration un related variety and new firm survival in china do local subsidies matter,Anthony Howell|Canfei He|Rudai Yang|C. Cindy Fan,2016,67,NOT Open Access,https://doi.org/10.1111/pirs.12269,,10.1111/pirs.12269,B4
spatial variability of the relationship between air pollution and well being,Chao Li|Shunsuke Managi,2021,51,NOT Open Access,https://doi.org/10.1016/j.scs.2021.103447,,10.1016/j.scs.2021.103447,B4
foreign direct investment location choice of small and medium sized enterprises the risk of value erosion of firm specific resources,Pascal Huett|Matthias Baum|Christian Schwens|Rüediger Kabst,2014,45,NOT Open Access,https://doi.org/10.1016/j.ibusrev.2014.02.007,,10.1016/j.ibusrev.2014.02.007,B4
air pollution s impact on the settlement intention of domestic migrants evidence from china,Fang Xu|Yujin Xie|Di Zhou,2022,43,NOT Open Access,https://doi.org/10.1016/j.eiar.2022.106761,,10.1016/j.eiar.2022.106761,B4
how firm heterogeneity affects foreign direct investment location choice micro evidence from new foreign manufacturing firms in the pearl river delta,Yuyao Ye|Kangmin Wu|Yichun Xie|Gengzhi Huang|Changjian Wang|Jun Chen,2019,41,NOT Open Access,https://doi.org/10.1016/j.apgeog.2019.03.005,,10.1016/j.apgeog.2019.03.005,B4
economic crisis and firm exit do intangibles matter,Fabio Landini|Alessandro Arrighetti|Andrea Lasagni,2018,39,NOT Open Access,https://doi.org/10.1080/13662716.2018.1544065,,10.1080/13662716.2018.1544065,B4
does air pollution crowd out foreign direct investment inflows evidence from a quasi natural experiment in china,Weibing Li|Kaixia Zhang,2019,39,NOT Open Access,https://doi.org/10.1007/s10640-019-00329-8,,10.1007/s10640-019-00329-8,B4
integration of distributed renewable energy sources in israel transmission congestion challenges and policy recommendations,Aviad Navon|Pavel Kulbekov|Shahar Dolev|Gil Yehuda|Yoash Levron,2020,38,NOT Open Access,https://doi.org/10.1016/j.enpol.2020.111412,,10.1016/j.enpol.2020.111412,B4
pollution control and foreign firms exit behavior in china,Theresa M. Greaney|Yao Li|Dongmei Tu,2016,32,NOT Open Access,https://doi.org/10.1016/j.asieco.2016.10.006,,10.1016/j.asieco.2016.10.006,B4
as the market churns productivity and firm exit in developing countries,Gemechu Aga|David Francis,2017,29,NOT Open Access,https://doi.org/10.1007/s11187-016-9817-7,,10.1007/s11187-016-9817-7,B4
what matters for regional industrial dynamics in a transitional economy,Canfei He|Shengjun Zhu|Xin Yang,2016,23,NOT Open Access,https://doi.org/10.1080/23792949.2016.1264867,,10.1080/23792949.2016.1264867,B4
has environmental policy improved the job quality of migrant workers a quasi natural experiment on china s clean air action,WU Wei-ping|Jianjun Yan|Yinhua Chen|Zhenjun Wang|Yongran Lin,2022,21,NOT Open Access,https://doi.org/10.1016/j.jclepro.2022.131231,,10.1016/j.jclepro.2022.131231,B4
environmental regulation local labor market and skill heterogeneity,Ying Chen,2023,21,NOT Open Access,https://doi.org/10.1016/j.regsciurbeco.2023.103898,,10.1016/j.regsciurbeco.2023.103898,B4
hidden costs of non green performance the impact of air pollution awareness on loan rates for chinese firms,Leilei Gu|Yuchao Peng|Samuel A. Vigne|Yizhi Wang,2023,20,NOT Open Access,https://doi.org/10.1016/j.jebo.2023.07.014,,10.1016/j.jebo.2023.07.014,B4
to green or to work the labor demand reduction effect of green finance,Junbing Xu|Jiaxuan Li|Debo Nie|Xiaoyuan Shen,2023,15,NOT Open Access,https://doi.org/10.1007/s11356-023-26829-1,,10.1007/s11356-023-26829-1,B4
opportunities or risks venture capital investments and regional path creation evidence from china,Hantian Sheng|Canfei He|Dejie He|Fang Qi,2024,15,Open Access,https://doi.org/10.1016/j.pirs.2024.100048,"Venture capital, as an expectation of investors, has become an important vehicle for regional financialization. From the perspective of evolutionary economic geography, we figure out that venture capital investments in China significantly contribute to regional product expansion. Such a positive effect is not only concentrated in the core cities in the investment network but also benefits the periphery counterparts. However, venture capital investments may not completely break the path lock-in of left-behind regions to enhance their economic resilience. In this sense, the uneven geographic development led by venture capital should raise the awareness of policymakers and planners.",10.1016/j.pirs.2024.100048,B4
earning reduction caused by air pollution evidence from china,Liyang Wan|Ning Zhang,2023,13,NOT Open Access,https://doi.org/10.1016/j.chieco.2023.101984,,10.1016/j.chieco.2023.101984,B4
environmental regulation abatement strategy and labor income share,Yanyan Huang|Jun Zhao|Jiajun Lan,2022,10,Open Access,https://doi.org/10.3389/fenvs.2022.965963,"Firms need to adopt abatement strategies and change their modes of production and resource allocation under the strict environmental policy, which affects the labor income share. Based on the firm-level data of China’s Industrial Enterprise Database and Pollution Emission Database from 1998 to 2013, this study uses the difference-in-differences framework to test the effects and mechanisms of environmental policy on labor income share with different abatement strategies. We find that the Two Control Zone policy coupled with Environmental Performance Assessment policy (EPA-TCZ policies) in China, significantly increases the labor income share by 2.6% and reduces sulfur dioxide ( SO2 ) emissions. Mechanism analyses further find that firms primarily adopt abatement strategies of source control and end-of-pipe treatments to cope with environmental regulation, and labor income share is enhanced through the factor-substitute effect and the cost effect. As the result of labor income share, low-skilled firms and state-owned firms are more sensitive to environmental regulation. The results from this study provide an empirical basis for the formulation and evaluation of environmental policies in developing countries.",10.3389/fenvs.2022.965963,B4
choice of international entry mode in the service industry a multiple theoretical perspective,Yen‐Tsung Huang|Shan-Huei Wang,2024,7,NOT Open Access,https://doi.org/10.1007/s13132-024-01758-7,,10.1007/s13132-024-01758-7,B4
social vulnerability assessment for air pollution in china,Qingnan Cai|Delin Fang|Bin Chen,2025,7,NOT Open Access,https://doi.org/10.1016/j.eiar.2025.107925,,10.1016/j.eiar.2025.107925,B4
the coupling dynamic effect of government environmental attention green efficiency and air quality,Yuequn Cao|C. TU|Kai Du|Chenlin Cui,2025,7,Open Access,https://doi.org/10.1057/s41599-025-04804-0,"Abstract There exists a significant interactive coupling relationship between the government’s environmental attention, green efficiency, and air quality. Studying the dynamic coupling effects among these variables is crucial for promoting the sustainable development of China’s economy and society. This paper clarifies the coupling mechanism of government environmental attention, green efficiency, and air quality by analyzing 270 prefecture-level cities in China using the coupling coordination model and PVAR model. The results indicate that while government environmental attention, green efficiency, and air quality all show an upward trend, their temporal and spatial performances differ. The degree of coupling and coordination among these variables also exhibits significant fluctuations, indicating a dynamic relationship. Government environmental attention as a fundamental driving force in the dynamic coupling of these variables, promoting high-level development through factors like economic growth, technological progress, and socio-cultural influences. Finally, this paper proposes five key policy recommendations. The study provides valuable insights into promoting local governments’ environmental initiatives, advancing China’s ecological civilization, and addressing international environmental pollution in developing countries.",10.1057/s41599-025-04804-0,B4
firm specific effects on location decisions of foreign direct investment in china s logistics industry,Junjie Hong,2007,38,NOT Open Access,https://doi.org/10.1080/00343400601120304,,10.1080/00343400601120304,B4
will bad air quality affect the siting of foreign invested manufacturing enterprises the evidence from china,Qi Cui|Bo Yuan|Yexin Zhou|Chen Hao|Yuanning Hu,2021,13,NOT Open Access,https://doi.org/10.1080/00036846.2021.1922588,,10.1080/00036846.2021.1922588,B4
the effect of foreign firms population density on exit likelihood in a host country,Yuping Zeng|Dean Xu,2019,7,NOT Open Access,https://doi.org/10.1108/md-03-2019-0354,,10.1108/md-03-2019-0354,B4
fdi financing constraints and firms global value chain position,Yishu Liu|Mingwei Du|Yanping Zhou|Zhiming Zhang,2025,3,NOT Open Access,https://doi.org/10.1080/1540496x.2025.2467206,,10.1080/1540496x.2025.2467206,B4
productivity growth trade and fdi nexus evidence from the canadian manufacturing sector,Malick Souare,2012,17,NOT Open Access,https://doi.org/10.1007/s10961-012-9259-6,,10.1007/s10961-012-9259-6,B4
the impact of environmental regulation on foreign firms exit from the perspective of competition,Lufeng Tai|Linnan Yan,2021,6,NOT Open Access,https://doi.org/10.1007/s11356-021-16823-w,,10.1007/s11356-021-16823-w,B4
air pollution induces aggregate productivity growth evidence from chinese firms through productivity decomposition analysis,D Ye|Lingyun Huang|Tor Eriksson,2024,3,NOT Open Access,https://doi.org/10.1007/s10668-024-05758-0,,10.1007/s10668-024-05758-0,B4
antecedents and context of chinese firms foreign exit,Sasa Ding|Yajun Liu,2024,2,Open Access,https://doi.org/10.3390/su16114651,"This paper examines the outward foreign direct investment events of Chinese manufacturing firms from 2008 to 2022. It explores how sunk cost and performance feedback drive firms’ foreign exit strategies based on the behavioral theory of the firm. Additionally, it also examines the contextual factor that may affect the focal relationship. We adopt a panel logistic estimation to test the hypotheses. The conclusions show that firms are more likely to exit overseas markets when faced with sunk costs and negative performance feedback. Conversely, positive performance feedback significantly decreases the probability of firms exiting foreign markets. Additionally, environmental munificence and complexity can weaken the strength of the focal nexus to some extent. These findings hold both theoretical and practical significance for multinational enterprises and the government in the context of the ‘dual-circulation strategy’.",10.3390/su16114651,B4
air pollution and labour productivity firm level spatial evidence from china,Yi Zhang|Weijun Liang|Yongfu Liang,2025,1,Open Access,https://doi.org/10.1088/2515-7620/adeceb,"Abstract As environmental degradation increasingly threatens sustainable growth, understanding the impact of air pollution on firm performance has become a critical area of research. This study investigates the influence of delicate particulate matter (PM1) on labour productivity, utilising firm-level data from Chinese A-share listed companies and employing spatial econometric models alongside a bespoke firm-level spatial weight matrix. To address endogeneity issues, the temperature inversion variable is instrumental in ascertaining the causal effect of PM1 pollution. The findings indicate that PM1 significantly diminishes labour productivity in the affected firms, generating detrimental spatial spillover effects on neighbouring firms Additionally, further analysis of heterogeneity demonstrates that state-owned and labour-intensive enterprises exhibit reduced susceptibility to pollution shocks. In contrast, non-state-owned, technology-intensive, and capital-intensive firms experience more substantial losses in labour productivity. These insights emphasise the necessity to customise environmental policies and industrial support measures according to the distinctive characteristics of individual firms.",10.1088/2515-7620/adeceb,B4
political risk and firm exit evidence from the us china trade war,Samantha A. Vortherms|Jiakun Jack Zhang,2021,17,Open Access,https://doi.org/10.2139/ssrn.3916186,,10.2139/ssrn.3916186,B4
acute respiratory effects of particulate air pollution,Douglas W. Dockery|C. Arden Pope,1994,2201,Open Access,https://doi.org/10.1146/annurev.pu.15.050194.000543,"In the 1930s, 40s, and 50s, several episodes of extreme air pollution focused attention on the potential for adverse health effects of air pollution. These included an episode in the Meuse Valley, Belgium, in December 1930 ( 15), an episode in Donora, Pennsylvania in 1948 (36), and several episodes in",10.1146/annurev.pu.15.050194.000543,B5
development of gridded surface meteorological data for ecological applications and modelling,John T. Abatzoglou,2011,1971,NOT Open Access,https://doi.org/10.1002/joc.3413,,10.1002/joc.3413,B5
long term air pollution exposure and cardio respiratory mortality a review,Gerard Hoek|Ranjini Krishnan|Rob Beelen|Annette Peters|Bart Ostro|Bert Brunekreef|Joel D. Kaufman,2013,1879,Open Access,https://doi.org/10.1186/1476-069x-12-43,"Current day concentrations of ambient air pollution have been associated with a range of adverse health effects, particularly mortality and morbidity due to cardiovascular and respiratory diseases. In this review, we summarize the evidence from epidemiological studies on long-term exposure to fine and coarse particles, nitrogen dioxide (NO 2 ) and elemental carbon on mortality from all-causes, cardiovascular disease and respiratory disease. We also summarize the findings on potentially susceptible subgroups across studies. We identified studies through a search in the databases Medline and Scopus and previous reviews until January 2013 and performed a meta-analysis if more than five studies were available for the same exposure metric. There is a significant number of new studies on long-term air pollution exposure, covering a wider geographic area, including Asia. These recent studies support associations found in previous cohort studies on PM 2.5 . The pooled effect estimate expressed as excess risk per 10 μg/m 3 increase in PM 2.5 exposure was 6% (95% CI 4, 8%) for all-cause and 11% (95% CI 5, 16%) for cardiovascular mortality. Long-term exposure to PM 2.5 was more associated with mortality from cardiovascular disease (particularly ischemic heart disease) than from non-malignant respiratory diseases (pooled estimate 3% (95% CI −6, 13%)). Significant heterogeneity in PM 2.5 effect estimates was found across studies, likely related to differences in particle composition, infiltration of particles indoors, population characteristics and methodological differences in exposure assessment and confounder control. All-cause mortality was significantly associated with elemental carbon (pooled estimate per 1 μg/m 3 6% (95% CI 5, 7%)) and NO 2 (pooled estimate per 10 μg/m 3 5% (95% CI 3, 8%)), both markers of combustion sources. There was little evidence for an association between long term coarse particulate matter exposure and mortality, possibly due to the small number of studies and limitations in exposure assessment. Across studies, there was little evidence for a stronger association among women compared to men. In subjects with lower education and obese subjects a larger effect estimate for mortality related to fine PM was found, though the evidence for differences related to education has been weakened in more recent studies.",10.1186/1476-069x-12-43,B5
the effect of air pollution on lung development from 10 to 18 years of age,W. James Gauderman|Edward L. Avol|Frank D. Gilliland|Hita Vora|Duncan C. Thomas|Kiros Berhane|Rob McConnell|Nino Küenzli|Fred Lurmann|Edward B. Rappaport|Helene G. Margolis|David V. Bates|John Peters,2004,1451,Open Access,https://doi.org/10.1056/nejmoa040610,"BACKGROUND: Whether exposure to air pollution adversely affects the growth of lung function during the period of rapid lung development that occurs between the ages of 10 and 18 years is unknown. METHODS: In this prospective study, we recruited 1759 children (average age, 10 years) from schools in 12 southern California communities and measured lung function annually for eight years. The rate of attrition was approximately 10 percent per year. The communities represented a wide range of ambient exposures to ozone, acid vapor, nitrogen dioxide, and particulate matter. Linear regression was used to examine the relationship of air pollution to the forced expiratory volume in one second (FEV(1)) and other spirometric measures. RESULTS: Over the eight-year period, deficits in the growth of FEV(1) were associated with exposure to nitrogen dioxide (P=0.005), acid vapor (P=0.004), particulate matter with an aerodynamic diameter of less than 2.5 microm (PM(2.5)) (P=0.04), and elemental carbon (P=0.007), even after adjustment for several potential confounders and effect modifiers. Associations were also observed for other spirometric measures. Exposure to pollutants was associated with clinically and statistically significant deficits in the FEV(1) attained at the age of 18 years. For example, the estimated proportion of 18-year-old subjects with a low FEV(1) (defined as a ratio of observed to expected FEV(1) of less than 80 percent) was 4.9 times as great at the highest level of exposure to PM(2.5) as at the lowest level of exposure (7.9 percent vs. 1.6 percent, P=0.002). CONCLUSIONS: The results of this study indicate that current levels of air pollution have chronic, adverse effects on lung development in children from the age of 10 to 18 years, leading to clinically significant deficits in attained FEV(1) as children reach adulthood.",10.1056/nejmoa040610,B5
peers at work,Alexandre Mas|Enrico Moretti,2009,1318,NOT Open Access,https://doi.org/10.1257/aer.99.1.112,,10.1257/aer.99.1.112,B5
do indoor pollutants and thermal conditions in schools influence student performance a critical review of the literature,Mark J. Mendell|Garvin Heath,2005,1031,NOT Open Access,https://doi.org/10.1111/j.1600-0668.2004.00320.x,,10.1111/j.1600-0668.2004.00320.x,B5
spatial analysis of air pollution and mortality in los angeles,Michael Jerrett|Richard T. Burnett|Renjun Ma|C. Arden Pope|Daniel Krewski|K. Bruce Newbold|George D. Thurston|Yuanli Shi|Norm Finkelstein|Eugenia E. Calle|Michael J. Thun,2005,995,NOT Open Access,https://doi.org/10.1097/01.ede.0000181630.15826.7d,,10.1097/01.ede.0000181630.15826.7d,B5
the impact of exposure to air pollution on cognitive performance,Xin Zhang|Xi Chen|Xiaobo Zhang,2018,841,Open Access,https://doi.org/10.1073/pnas.1809474115,"This paper examines the effect of both cumulative and transitory exposures to air pollution for the same individuals over time on cognitive performance by matching a nationally representative longitudinal survey and air quality data in China according to the exact time and geographic locations of the cognitive tests. We find that long-term exposure to air pollution impedes cognitive performance in verbal and math tests. We provide evidence that the effect of air pollution on verbal tests becomes more pronounced as people age, especially for men and the less educated. The damage on the aging brain by air pollution likely imposes substantial health and economic costs, considering that cognitive functioning is critical for the elderly for both running daily errands and making high-stake decisions.",10.1073/pnas.1809474115,B5
global mortality from outdoor fine particle pollution generated by fossil fuel combustion results from geos chem,K.G. Vohra|Alina Vodonos|Joel Schwartz|Eloïse A. Marais|Melissa P. Sulprizio|Loretta J. Mickley,2021,819,Open Access,https://doi.org/10.1016/j.envres.2021.110754,,10.1016/j.envres.2021.110754,B5
adverse cardiovascular effects of air pollution,Nicholas L. Mills|Ken Donaldson|Paddy W Hadoke|Nicholas A. Boon|William MacNee|Flemming R. Cassee|Thomas Sandström|Anders Blomberg|David E. Newby,2008,786,NOT Open Access,https://doi.org/10.1038/ncpcardio1399,,10.1038/ncpcardio1399,B5
the changing risk and burden of wildfire in the united states,Marshall Burke|Anne Driscoll|Sam Heft‐Neal|Jiani Xue|Jennifer Burney|Michael W. Wara,2021,697,Open Access,https://doi.org/10.1073/pnas.2011048118,"Recent dramatic and deadly increases in global wildfire activity have increased attention on the causes of wildfires, their consequences, and how risk from wildfire might be mitigated. Here we bring together data on the changing risk and societal burden of wildfire in the United States. We estimate that nearly 50 million homes are currently in the wildland–urban interface in the United States, a number increasing by 1 million houses every 3 y. To illustrate how changes in wildfire activity might affect air pollution and related health outcomes, and how these linkages might guide future science and policy, we develop a statistical model that relates satellite-based fire and smoke data to information from pollution monitoring stations. Using the model, we estimate that wildfires have accounted for up to 25% of PM 2.5 (particulate matter with diameter <2.5 μm) in recent years across the United States, and up to half in some Western regions, with spatial patterns in ambient smoke exposure that do not follow traditional socioeconomic pollution exposure gradients. We combine the model with stylized scenarios to show that fuel management interventions could have large health benefits and that future health impacts from climate-change–induced wildfire smoke could approach projected overall increases in temperature-related mortality from climate change—but that both estimates remain uncertain. We use model results to highlight important areas for future research and to draw lessons for policy.",10.1073/pnas.2011048118,B5
the impact of temperature on productivity and labor supply evidence from indian manufacturing,E. Somanathan|Rohini Somanathan|Anant Sudarshan|Meenu Tewari,2021,633,Open Access,https://doi.org/10.1086/713733,"Hotter years are associated with lower economic output in developing countries. We show that the effect of temperature on labor is an important part of the explanation. Using microdata from selected firms in India, we estimate reduced worker productivity and increased absenteeism on hot days. Climate control significantly mitigates productivity losses. In a national panel of Indian factories, annual plant output falls by about 2% per degree Celsius. This response appears to be driven by a reduction in the output elasticity of labor. Our estimates are large enough to explain previously observed output losses in cross-country panels.",10.1086/713733,B5
a growing role for gender analysis in air pollution epidemiology,Jane E. Clougherty,2009,608,Open Access,https://doi.org/10.1289/ehp.0900994,"Abstract Objective Epidemiologic studies of air pollution effects on respiratory health report significant modification by sex, although results are not uniform. Importantly, it remains unclear whether modifications are attributable to socially derived gendered exposures, to sex-linked physiological differences, or to some interplay thereof. Gender analysis, which aims to disaggregate social from biological differences between males and females, may help to elucidate these possible sources of effect modification. Data sources and data extraction A PubMed literature search was performed in July 2009, using the terms “respiratory” and any of “sex” or “gender” or “men and women” or “boys and girls” and either “PM2.5” (particulate matter ≥ 2.5 μm in aerodynamic diameter) or “NO2” (nitrogen dioxide). I reviewed the identified studies, and others cited therein, to summarize current evidence of effect modification, with attention to authors’ interpretation of observed differences. Owing to broad differences in exposure mixes, outcomes, and analytic techniques, with few studies examining any given combination thereof, meta-analysis was not deemed appropriate at this time. Data synthesis More studies of adults report stronger effects among women, particularly for older persons or where using residential exposure assessment. Studies of children suggest stronger effects among boys in early life and among girls in later childhood. Conclusions The qualitative review describes possible sources of difference in air pollution response between women and men, which may vary by life stage, coexposures, hormonal status, or other factors. The sources of observed effect modifications remain unclear, although gender analytic approaches may help to disentangle gender and sex differences in pollution response. A framework for incorporating gender analysis into environmental epidemiology is offered, along with several potentially useful methods from gender analysis.",10.1289/ehp.0900994,B5
us particulate matter air quality improves except in wildfire prone areas,Crystal D. McClure|Daniel A. Jaffe,2018,478,Open Access,https://doi.org/10.1073/pnas.1804353115,"Significance Wildfires are a major source of fine particulate matter (diameter <2.5 µm; PM 2.5 ), which is a health hazard. Since the mid-1980s, the total US area burned by wildfires has been increasing, with fires in the Northwest United States accounting for ∼50–60% of that increase. In the Northwest United States, we find a positive trend in the 98th quantile of PM 2.5 in contrast to other areas of the country where PM 2.5 is decreasing. This positive trend in PM 2.5 is closely associated with total carbon (a marker of wildfire emissions). These results support model predictions of increasing wildfire occurrence and PM 2.5 in a warming world.",10.1073/pnas.1804353115,B5
time series analysis of air pollution and mortality effects by cause age and socioeconomic status,Nélson Gouveia|Tony Fletcher,2000,395,Open Access,https://doi.org/10.1136/jech.54.10.750,"OBJECTIVE: To investigate the association between outdoor air pollution and mortality in São Paulo, Brazil. DESIGN: Time series study METHODS: All causes, respiratory and cardiovascular mortality were analysed and the role of age and socioeconomic status in modifying associations between mortality and air pollution were investigated. Models used Poisson regression and included terms for temporal patterns, meteorology, and autocorrelation. MAIN RESULTS: All causes all ages mortality showed much smaller associations with air pollution than mortality for specific causes and age groups. In the elderly, a 3-4% increase in daily deaths for all causes and for cardiovascular diseases was associated with an increase in fine particulate matter and in sulphur dioxide from the 10th to the 90th percentile. For respiratory deaths the increase in mortality was higher (6%). Cardiovascular deaths were additionally associated with levels of carbon monoxide (4% increase in daily deaths). The associations between air pollutants and mortality in children under 5 years of age were not statistically significant. There was a significant trend of increasing risk of death according to age with effects most evident for subjects over 65 years old. The effect of air pollution was also larger in areas of higher socioeconomic level. CONCLUSIONS: These results show further evidence of an association between air pollution and mortality but of smaller magnitude than found in other similar studies. In addition, it seems that older age groups are at a higher risk of mortality associated with air pollution. Such complexity should be taken into account in health risk assessment based on time series studies.",10.1136/jech.54.10.750,B5
spatial interpolation of air pollution measurements using corine land cover data,Stijn Janssen|Gerwin Dumont|Frans Fierens|Clemens Mensink,2008,375,NOT Open Access,https://doi.org/10.1016/j.atmosenv.2008.02.043,,10.1016/j.atmosenv.2008.02.043,B5
indoor air pollutants in office environments assessment of comfort health and performance,Peder Wolkoff,2012,341,Open Access,https://doi.org/10.1016/j.ijheh.2012.08.001,,10.1016/j.ijheh.2012.08.001,B5
contribution of wildland fire smoke to us pm2 5 and its influence on recent trends,Katelyn O’Dell|Bonne Ford|Emily V. Fischer|Jeffrey R. Pierce,2019,300,NOT Open Access,https://doi.org/10.1021/acs.est.8b05430,,10.1021/acs.est.8b05430,B5
air pollution a systematic review of its psychological economic and social effects,Jackson G. Lu,2019,297,NOT Open Access,https://doi.org/10.1016/j.copsyc.2019.06.024,,10.1016/j.copsyc.2019.06.024,B5
the effects of air pollution on hospitalizations for cardiovascular disease in elderly people in australian and new zealand cities,Adrian Barnett|Gail Williams|Joel Schwartz|Trudi Best|Anne Neller|Anna Petroeschevsky|R.W. Simpson,2006,291,Open Access,https://doi.org/10.1289/ehp.8674,"OBJECTIVE: The goal of this study was to estimate the associations between outdoor air pollution and cardiovascular hospital admissions for the elderly. DESIGN: Associations were assessed using the case-crossover method for seven cities: Auckland and Christchurch, New Zealand; and Brisbane, Canberra, Melbourne, Perth, and Sydney Australia. Results were combined across cities using a random-effects meta-analysis and stratified for two adult age groups: 15-64 years and >/= 65 years of age (elderly). Pollutants considered were nitrogen dioxide, carbon monoxide, daily measures of particulate matter (PM) and ozone. Where multiple pollutant associations were found, a matched case-control analysis was used to identify the most consistent association. RESULTS: In the elderly, all pollutants except O3 were significantly associated with five categories of cardiovascular disease admissions. No associations were found for arrhythmia and stroke. For a 0.9-ppm increase in CO, there were significant increases in elderly hospital admissions for total cardiovascular disease (2.2%) , all cardiac disease (2.8%), cardiac failure (6.0%), ischemic heart disease (2.3%), and myocardial infarction (2.9%). There was some heterogeneity between cities, possibly due to differences in humidity and the percentage of elderly people. In matched analyses, CO had the most consistent association. CONCLUSIONS: The results suggest that air pollution arising from common emission sources for CO, NO2, and PM (e.g., motor vehicle exhausts) has significant associations with adult cardiovascular hospital admissions, especially in the elderly, at air pollution concentrations below normal health guidelines. Relevance to clinical and professional practice: Elderly populations in Australia need to be protected from air pollution arising from outdoor sources to reduce cardiovascular disease.",10.1289/ehp.8674,B5
mapping of background air pollution at a fine spatial scale across the european union,Rob Beelen|Gerard Hoek|Edzer Pebesma|Danielle Vienneau|Kees de Hoogh|David Briggs,2009,280,NOT Open Access,https://doi.org/10.1016/j.scitotenv.2008.11.048,,10.1016/j.scitotenv.2008.11.048,B5
synergistic health effects of air pollution temperature and pollen exposure a systematic review of epidemiological evidence,Susan C. Anenberg|Shannon Haines|Elizabeth Wang|Nicholas J. Nassikas|Patrick L. Kinney,2020,245,Open Access,https://doi.org/10.1186/s12940-020-00681-z,"BACKGROUND: Exposure to heat, air pollution, and pollen are associated with health outcomes, including cardiovascular and respiratory disease. Studies assessing the health impacts of climate change have considered increased exposure to these risk factors separately, though they may be increasing simultaneously for some populations and may act synergistically on health. Our objective is to systematically review epidemiological evidence for interactive effects of multiple exposures to heat, air pollution, and pollen on human health. METHODS: We systematically searched electronic literature databases (last search, April 29, 2019) for studies reporting quantitative measurements of associations between at least two of the exposures and mortality from any cause and cardiovascular and respiratory morbidity and mortality specifically. Following the Navigation Guide systematic review methodology, we evaluated the risk of bias of individual studies and the overall quality and strength of evidence. RESULTS: We found 56 studies that met the inclusion criteria. Of these, six measured air pollution, heat, and pollen; 39 measured air pollution and heat; 10 measured air pollution and pollen; and one measured heat and pollen. Nearly all studies were at risk of bias from exposure assessment error. However, consistent exposure-response across studies led us to conclude that there is overall moderate quality and sufficient evidence for synergistic effects of heat and air pollution. We concluded that there is overall low quality and limited evidence for synergistic effects from simultaneous exposure to (1) air pollution, pollen, and heat; and (2) air pollution and pollen. With only one study, we were unable to assess the evidence for synergistic effects of heat and pollen. CONCLUSIONS: If synergistic effects between heat and air pollution are confirmed with additional research, the health impacts from climate change-driven increases in air pollution and heat exposure may be larger than previously estimated in studies that consider these risk factors individually.",10.1186/s12940-020-00681-z,B5
respiratory health effects of ultrafine and fine particle exposure in cyclists,Maciej Strak|Hanna Boogaard|Kees Meliefste|Marieke Oldenwening|Moniek Zuurbier|Bert Brunekreef|Gerard Hoek,2009,239,Open Access,https://doi.org/10.1136/oem.2009.046847,"OBJECTIVES: Monitoring studies have shown that commuters are exposed to high air pollution concentrations, but there is limited evidence of associated health effects. We carried out a study to investigate the acute respiratory health effects of air pollution related to commuting by bicycle. METHODS: Twelve healthy adults cycled a low- and a high-traffic intensity route during morning rush hour in Utrecht, The Netherlands. Exposure to traffic-related air pollution was characterised by measurements of PM(10), soot and particle number. Before, directly after and 6 h after cycling we measured lung function (FEV(1), FVC, PEF), exhaled NO (FE(NO)) and respiratory symptoms. The association between post- minus pre-exposure difference in health effects and exposure during cycling was evaluated with linear regression models. RESULTS: The average particle number concentration was 59% higher, while the average soot concentration was 39% higher on the high-traffic route than on the low-traffic route. There was no difference for PM(10). Contrary to our hypothesis, associations between air pollution during cycling and lung function changes immediately after cycling were mostly positive. Six hours after cycling, associations between air pollution exposure and health were mostly negative for lung function changes and positive for changes in exhaled NO, although non-significant. CONCLUSIONS: We found substantial differences in ultrafine particle number and soot exposure between two urban cycling routes. Exposure to ultrafine particles and soot during cycling was weakly associated with increased exhaled NO, indicative of airway inflammation, and decrements in lung function 6 h after exposure. A limitation of the study was the relatively small sample size.",10.1136/oem.2009.046847,B5
effects of environment pollution on the ocular surface,Se Ji Jung|Jodhbir S. Mehta|Louis Tong,2018,209,NOT Open Access,https://doi.org/10.1016/j.jtos.2018.03.001,,10.1016/j.jtos.2018.03.001,B5
the effects of air pollution on individual psychological distress,Victoria Sass|Nicole Kravitz‐Wirtz|Steven M. Karceski|Anjum Hajat|Kyle Crowder|David T. Takeuchi,2017,199,Open Access,https://doi.org/10.1016/j.healthplace.2017.09.006,,10.1016/j.healthplace.2017.09.006,B5
comparison of wildfire smoke estimation methods and associations with cardiopulmonary related hospital admissions,Ryan W. Gan|Bonne Ford|William Lassman|Gabriele Pfister|A. Vaidyanathan|Emily V. Fischer|John Volckens|Jeffrey R. Pierce|Sheryl Magzamen,2017,181,Open Access,https://doi.org/10.1002/2017gh000073,"Abstract Climate forecasts predict an increase in frequency and intensity of wildfires. Associations between health outcomes and population exposure to smoke from Washington 2012 wildfires were compared using surface monitors, chemical‐weather models, and a novel method blending three exposure information sources. The association between smoke particulate matter ≤2.5 μm in diameter (PM2.5) and cardiopulmonary hospital admissions occurring in Washington from 1 July to 31 October 2012 was evaluated using a time‐stratified case‐crossover design. Hospital admissions aggregated by ZIP code were linked with population‐weighted daily average concentrations of smoke PM2.5 estimated using three distinct methods: a simulation with the Weather Research and Forecasting with Chemistry (WRF‐Chem) model, a kriged interpolation of PM2.5 measurements from surface monitors, and a geographically weighted ridge regression (GWR) that blended inputs from WRF‐Chem, satellite observations of aerosol optical depth, and kriged PM2.5. A 10 μg/m3 increase in GWR smoke PM2.5 was associated with an 8% increased risk in asthma‐related hospital admissions (odds ratio (OR): 1.076, 95% confidence interval (CI): 1.019–1.136); other smoke estimation methods yielded similar results. However, point estimates for chronic obstructive pulmonary disease (COPD) differed by smoke PM2.5 exposure method: a 10 μg/m3 increase using GWR was significantly associated with increased risk of COPD (OR: 1.084, 95%CI: 1.026–1.145) and not significant using WRF‐Chem (OR: 0.986, 95%CI: 0.931–1.045). The magnitude (OR) and uncertainty (95%CI) of associations between smoke PM2.5 and hospital admissions were dependent on estimation method used and outcome evaluated. Choice of smoke exposure estimation method used can impact the overall conclusion of the study.",10.1002/2017gh000073,B5
the effect of pollution on crime evidence from data on particulate matter and ozone,Jesse Burkhardt|Jude Bayham|Ander Wilson|Ellison Carter|Jesse D. Berman|Katelyn O’Dell|Bonne Ford|Emily V. Fischer|Jeffrey R. Pierce,2019,170,NOT Open Access,https://doi.org/10.1016/j.jeem.2019.102267,,10.1016/j.jeem.2019.102267,B5
traffic air pollution and mortality from cardiovascular disease and all causes a danish cohort study,Ole Raaschou‐Nielsen|Zorana Jovanovic Andersen|Steen Solvang Jensen|Matthias Ketzel|Mette Sørensen|Johnni Hansen|Steffen Loft|Anne Tjønneland|Kim Overvad,2012,164,Open Access,https://doi.org/10.1186/1476-069x-11-60,"BACKGROUND: Traffic air pollution has been linked to cardiovascular mortality, which might be due to co-exposure to road traffic noise. Further, personal and lifestyle characteristics might modify any association. METHODS: We followed up 52 061 participants in a Danish cohort for mortality in the nationwide Register of Causes of Death, from enrollment in 1993-1997 through 2009, and traced their residential addresses from 1971 onwards in the Central Population Registry. We used dispersion-modelled concentration of nitrogen dioxide (NO₂) since 1971 as indicator of traffic air pollution and used Cox regression models to estimate mortality rate ratios (MRRs) with adjustment for potential confounders. RESULTS: Mean levels of NO₂ at the residence since 1971 were significantly associated with mortality from cardiovascular disease (MRR, 1.26; 95% confidence interval [CI], 1.06-1.51, per doubling of NO₂ concentration) and all causes (MRR, 1.13; 95% CI, 1.04-1.23, per doubling of NO₂ concentration) after adjustment for potential confounders. For participants who ate < 200 g of fruit and vegetables per day, the MRR was 1.45 (95% CI, 1.13-1.87) for mortality from cardiovascular disease and 1.25 (95% CI, 1.11-1.42) for mortality from all causes. CONCLUSIONS: Traffic air pollution is associated with mortality from cardiovascular diseases and all causes, after adjustment for traffic noise. The association was strongest for people with a low fruit and vegetable intake.",10.1186/1476-069x-11-60,B5
weather and air pollution as triggers of severe headaches,Kenneth J. Mukamal|Gregory A. Wellenius|Helen Suh|Murray A. Mittleman,2009,148,Open Access,https://doi.org/10.1212/01.wnl.0000344152.56020.94,"BACKGROUND: The roles of weather conditions and air pollution as triggers of headache have been inconsistent in previous, generally small studies. METHODS: We performed a case-crossover study of 7,054 patients seen in a single emergency department between May 2000 and December 2007 with a primary discharge diagnosis of headache. We compared levels of temperature, barometric pressure, humidity, fine particulate matter, black carbon, and nitrogen and sulfur dioxides during the three 24-hour periods preceding presentation with corresponding levels on the remaining occurrences of that day of the week in a given month, using local meteorologic and pollutant monitors. RESULTS: Higher mean ambient temperature in the 24 hours preceding hospital presentation positively and linearly increased the acute risk of headache (odds ratio [OR] for a 5 degrees C increment 1.075; 95% confidence interval [CI], 1.021-1.133; p = 0.006) [corrected]. Higher risk was observed for cases with and without a discharge diagnosis of migraine and for cases between October and March or between April and September. Lower barometric pressure also increased the risk of nonmigraine cases in the 48 to 72 hours before hospitalization (OR 0.939 per 5 mm Hg; 95% CI, 0.902-0.978; p = 0.002). Current levels of pollutants did not influence the risk of headache. CONCLUSIONS: Higher ambient temperature and, to a lesser degree, lower barometric pressure led to a transient increase in risk of headache requiring emergency department evaluation. We did not find clear association of air pollutants with risk, but cannot exclude effects of air pollution of the magnitude previously observed for stroke and other cardiovascular events.",10.1212/01.wnl.0000344152.56020.94,B5
strawberry fragaria ananassa duch growth and productivity as affected by temperature,Sorkel Kadir|Gaganpreet Sidhu|Kassim Al‐Khatib,2006,141,Open Access,https://doi.org/10.21273/hortsci.41.6.1423,"Thermotolerance of photosynthesis and productivity in `Chandler' and `Sweet Charlie' strawberry plants ( Fragaria × ananassa Duch.) exposed to three temperature regimes was studied. Net CO 2 assimilation rate (A), variable chlorophyll fluorescence (Fv), efficiency of photosystem II (Fv/Fm), relative chlorophyll content, plant growth, and fruit yield and quality were measured. High temperature (40 °C day/35 °C night) was more detrimental to photosynthesis and productivity than the moderate or low temperature (30/25 or 20/15 °C). Net CO 2 assimilation rate in both cultivars was markedly reduced by 40/35 °C, although there was slight decline in `Sweet Charlie' at 30/25 °C. `Chandler' maintained significantly higher A rates than `Sweet Charlie' for at least three weeks of heat stress, indicating that `Chandler' might tolerate longer exposure to high temperature. In parallel to the decrease in A rate, intercellular CO 2 concentration (C i ) and instantaneous water use efficiency (WUE) were significantly decreased at high temperature. `Chandler' leaves were cooler and transpired more than `Sweet Charlie' leaves, suggesting that each cultivar adopted different heat resistance mechanisms at 40/35 °C. There were changes in Fv and Fv/Fm with increasing temperature, indicating irreversible damage to photosystem II at 40/35 °C might have occurred. The trend of reduction in stomatal conductance ( g S ) in both cultivars at high temperature did not coincide with the reduction in A rates. Decline in A rates at high temperature was more related to changes in Fv/Fm than to g S activity. The optimal temperature for vegetative growth was 30/25 °C. Reduction in A rate at high temperature resulted in reduction in total leaf area (LA), shoot, root, and leaf biomasses. Strawberry roots were more responsive than shoot growth to temperatures above 20/15 °C. Fruit yield for `Chandler' was higher at 20/15 °C than at 30/25 °C, suggesting that `Chandler' might have a higher source-to-sink relationship at 20/15 °C than at 30/25 °C. Fruit skin color was temperature dependent only for `Chandler'. A quadratic relationship between flower development and duration of exposure to 30/25 °C for both cultivars was observed; more than two weeks of 30/25 °C can be detrimental to flower development. Regardless of the cultivar and duration of exposure, 40/35 °C was the temperature regime most detrimental to fruit set.",10.21273/hortsci.41.6.1423,B5
spatial and temporal estimates of population exposure to wildfire smoke during the washington state 2012 wildfire season using blended model satellite and in situ data,William Lassman|Bonne Ford|Ryan W. Gan|Gabriele Pfister|Sheryl Magzamen|Emily V. Fischer|Jeffrey R. Pierce,2017,110,Open Access,https://doi.org/10.1002/2017gh000049,"Abstract In the western U.S., smoke from wild and prescribed fires can severely degrade air quality. Due to changes in climate and land management, wildfires have increased in frequency and severity, and this trend is expected to continue. Consequently, wildfires are expected to become an increasingly important source of air pollutants in the western U.S. Hence, there is a need to develop a quantitative understanding of wildfire‐smoke‐specific health effects. A necessary step in this process is to determine who was exposed to wildfire smoke, the concentration of the smoke during exposure, and the duration of the exposure. Three different tools have been used in past studies to assess exposure to wildfire smoke: in situ measurements, satellite‐based observations, and chemical‐transport model (CTM) simulations. Each of these exposure‐estimation tools has associated strengths and weakness. We investigate the utility of blending these tools together to produce estimates of PM 2.5 exposure from wildfire smoke during the Washington 2012 fire season. For blending, we use a ridge‐regression model and a geographically weighted ridge‐regression model. We evaluate the performance of the three individual exposure‐estimate techniques and the two blended techniques by using leave‐one‐out cross validation. We find that predictions based on in situ monitors are more accurate for this particular fire season than the CTM simulations and satellite‐based observations because of the large number of monitors present; therefore, blending provides only marginal improvements above the in situ observations. However, we show that in hypothetical cases with fewer surface monitors, the two blending techniques can produce substantial improvement over any of the individual tools.",10.1002/2017gh000049,B5
combined impacts of climate and air pollution on human health and agricultural productivity,Jana Sillmann|Kristin Aunan|Lisa Emberson|Patrick Büker|Bob van Oort|Connie O’Neill|Noelia Otero|Divya Pandey|Anouk Brisebois,2021,104,Open Access,https://doi.org/10.1088/1748-9326/ac1df8,"Abstract Climate change and air pollution can interact to amplify risks to human health and crop production. This has significant implications for our ability to reach the Sustainable Development Goals (e.g. SDGs 2, 3, 13, 15) and for the design of effective mitigation and adaptation policies and risk management. To be able to achieve the SDG targets, closer integration of climate change and air pollution both in terms of impact assessment for human health and agricultural productivity and respective policy development is needed. Currently, studies estimating the impacts of climate and air pollutants on human health and crops mostly treat these stressors separately, and the methods used by the health and agricultural science communities differ. Better insights into the methods applied in the different communities can help to improve existing and develop new methods to advance our knowledge about the combined impacts of climate change and air pollution on human health and crops. This topical review provides an overview of current methodologies applied in the two fields of human health and agricultural crop impact studies, ranging from empirical regression-based and experimental methods to more complex process-based models. The latter are reasonably well developed for estimating impacts on agricultural crops, but not for health impacts. We review available literature addressing the combined effects of climate and air pollution on human health or agricultural productivity to provide insights regarding state-of-the-art knowledge and currently available methods in the two fields. Challenges to assess the combined effect of climate and air pollution on human health and crops, and opportunities for both fields to learn from each other, are discussed.",10.1088/1748-9326/ac1df8,B5
effect of high temperature stress on the reproductive growth of strawberry cvs nyoho and toyonoka,Nadine Ledesma|Miki Nakata|N. Sugiyama,2008,103,NOT Open Access,https://doi.org/10.1016/j.scienta.2007.12.010,,10.1016/j.scienta.2007.12.010,B5
productivity loss amid invisible pollution,Chunchao Wang|Qianqian Lin|Yun Qiu,2022,68,NOT Open Access,https://doi.org/10.1016/j.jeem.2022.102638,,10.1016/j.jeem.2022.102638,B5
global burden of mortalities due to chronic exposure to ambient pm 2 5 from open combustion of domestic waste,John K. Kodros|Christine Wiedinmyer|Bonne Ford|Rachel Cucinotta|Ryan W. Gan|Sheryl Magzamen|Jeffrey R. Pierce,2016,63,Open Access,https://doi.org/10.1088/1748-9326/11/12/124022,"Uncontrolled combustion of domestic waste has been observed in many countries, creating concerns for air quality; however, the health implications have not yet been quantified. We incorporate the Wiedinmyer et al (2014 Environ. Sci. Technol. 48 9523–30 ) emissions inventory into the global chemical-transport model, GEOS-Chem, and provide a first estimate of premature adult mortalities from chronic exposure to ambient PM 2.5 from uncontrolled combustion of domestic waste. Using the concentration-response functions (CRFs) of Burnett et al (2014 Environ. Health Perspect. 122 397–403 ), we estimate that waste-combustion emissions result in 270 000 (5th–95th: 213 000–328 000) premature adult mortalities per year. The confidence interval results only from uncertainty in the CRFs and assumes equal toxicity of waste-combustion PM 2.5 to all other PM 2.5 sources. We acknowledge that this result is likely sensitive to choice of chemical-transport model, CRFs, and emission inventories. Our central estimate equates to 9% of adult mortalities from exposure to ambient PM 2.5 reported in the Global Burden of Disease Study 2010. Exposure to PM 2.5 from waste combustion increases the risk of premature mortality by more than 0.5% for greater than 50% of the population. We consider sensitivity simulations to uncertainty in waste-combustion emission mass, the removal of waste-combustion emissions, and model resolution. A factor-of-2 uncertainty in waste-combustion PM 2.5 leads to central estimates ranging from 138 000 to 518 000 mortalities per year for factors-of-2 reductions and increases, respectively. Complete removal of waste combustion would only avoid 191 000 (5th–95th: 151 000–224 000) mortalities per year (smaller than the total contributed premature mortalities due to nonlinear CRFs). Decreasing model resolution from 2° × 2.5° to 4° × 5° results in 16% fewer mortalities attributed to waste-combustion PM 2.5 , and over Asia, decreasing resolution from 0.5° × 0.666° to 2° × 2.5° results in 21% fewer mortalities attributed to waste-combustion PM 2.5. Owing to coarse model resolution, our global estimates of premature mortality from waste-combustion PM 2.5 are likely a lower bound.",10.1088/1748-9326/11/12/124022,B5
air pollution and mortality in elderly people a time series study in sao paulo brazil,Paulo Hilário Nascimento Saldiva|C. Arden Pope|Joel Schwartz|Douglas W. Dockery|A.J.F.C. Lichtenfels|João Marcos Salge|Ivana Barone|György Böhm,1995,331,NOT Open Access,https://doi.org/10.1080/00039896.1995.9940893,,10.1080/00039896.1995.9940893,B5
increases in heart rate during an air pollution episode,Annette Peters|Siegfried Perz|Angela Döring|Jutta Stieber|Wolfgang Köenig|H-Erich Wichmann,1999,255,NOT Open Access,https://doi.org/10.1093/oxfordjournals.aje.a009934,,10.1093/oxfordjournals.aje.a009934,B5
air pollution and health effects a study of medical visits among children in santiago chile,Bart Ostro|Gunnar S. Eskeland|José Miguel Sánchez|Tarhan Feyzioglu,1999,146,Open Access,https://doi.org/10.1289/ehp.9910769,"Many epidemiological studies conducted in the last several years have reported associations between exposure to airborne particulate matter, measured as PM10 (<10 microm in diameter), and daily morbidity and mortality. However, much of the evidence involves effects on the elderly population; there is less evidence about the effects of particulates on children, especially those under 2 years of age. To examine these issues, we conducted time-series analyses of 2 years of daily visits to primary health care clinics in Santiago, Chile, where counts were computed for either upper or lower respiratory symptoms and for cohorts of children 3-15 years of age and below age 2. Daily PM10 and ozone measurements and meteorological variables were available from instruments located in downtown Santiago. The multiple regression analysis indicates a statistically significant association between PM10 and medical visits for lower respiratory symptoms in children ages 3-15 and in children under age 2. PM10 is also associated with medical visits related to upper respiratory symptoms in the older cohort, while ozone is associated with visits related to both lower and upper respiratory symptoms in the older cohort. For children under age 2, a 50- microg/m3 change in PM10 (the approximate interquartile range) is associated with a 4-12% increase in lower respiratory symptoms. For children 3-15 years of age, the increase in lower respiratory symptoms ranges from 3 to 9% for a 50- microg/m3 change in PM10 and 5% per 50 ppb change in ozone. These magnitudes are similar to results from studies of children undertaken in Western industrial nations.",10.1289/ehp.9910769,B5
effect of air pollution on athlete health and performance,Kenneth W. Rundell,2012,118,NOT Open Access,https://doi.org/10.1136/bjsports-2011-090823,,10.1136/bjsports-2011-090823,B5
psychological effects of air pollution on healthy residents a time series approach,Monika Bullinger,1989,86,NOT Open Access,https://doi.org/10.1016/s0272-4944(89)80002-7,,10.1016/s0272-4944(89)80002-7,B5
piece rates and their effects on health and safety a literature review,Bo Johansson|Kjell Rask|Magnus Stenberg,2010,77,NOT Open Access,https://doi.org/10.1016/j.apergo.2009.12.020,,10.1016/j.apergo.2009.12.020,B5
strawberry yield efficiency and its correlation with temperature and solar radiation,Pedro Palencia|F. Martínez|J.J. Medina|J. A. Medina,2013,75,Open Access,https://doi.org/10.1590/s0102-05362013000100015,"The impact that future climatic conditions will have on agricultural productivity depends on the sensitivity to each environmental factor and relative changes in temperature, precipitation and UV-B radiation. The strawberry (Fragaria x ananassa) is a microclimatic crop cultivated almost worldwide and Spain is the world's second-largest strawberry producer after the USA. Strawberry production in Huelva has been affected by climate change in recent decades. Temperature and solar radiation are primary environmental factors controlling short-day strawberry plant growth and development. Temperature is a limiting factor in crop productivity. We assessed the effect of variations in temperature and solar radiation on strawberry production and crop cycle duration. The study was carried out in commercial strawberry fruit production fields in the province of Huelva (Spain's southwestern coast). Fresh plants of cv. Camarosa were cultivated from October to June. The resulting crop was recorded weekly in the production field: early and total strawberry productions (g/plant), were recorded from January to March and from January to May, respectively. Data revealed that between early production and temperature (R²= 0.86) and between early production and solar radiation (R²= 0.73) there was a linear relationship. However, total production and temperature (R²= 0.69) and total production and solar radiation (R²= 0.69) were related by a quadratic relationship. Our estimates suggest that strawberry production could be affected by climate change. Due to the relationship between yield and temperature, and between yield and solar radiation, climate change scenarios were found to result in reductions in crop cycle duration.",10.1590/s0102-05362013000100015,B5
local pm10 and pm2 5 emission inventories from agricultural tillage and harvest in northeastern china,Weiwei Chen|Daniel Tong|Shichun Zhang|Xuelei Zhang|Hongmei Zhao,2016,73,NOT Open Access,https://doi.org/10.1016/j.jes.2016.02.024,,10.1016/j.jes.2016.02.024,B5
fine and coarse particulate air pollution in relation to respiratory health in sweden,Saskia M. Willers|Charlotta Eriksson|Lars Gidhagen|Mats E. Nilsson|Göran Pershagen|Tom Bellander,2013,54,Open Access,https://doi.org/10.1183/09031936.00088212,"Health effects have repeatedly been associated with residential levels of air pollution. However, it is difficult to disentangle effects of long-term exposure to locally generated and long-range transported pollutants, as well as to exhaust emissions and wear particles from road traffic. We aimed to investigate effects of exposure to particulate matter fractions on respiratory health in the Swedish adult population, using an integrated assessment of sources at different geographical scales. The study was based on a nationwide environmental health survey performed in 2007, including 25,851 adults aged 18-80 years. Individual exposure to particulate matter at residential addresses was estimated by dispersion modelling of regional, urban and local sources. Associations between different size fractions or source categories and respiratory outcomes were analysed using multiple logistic regression, adjusting for individual and contextual confounding. Exposure to locally generated wear particles showed associations for blocked nose or hay fever, chest tightness or cough, and restricted activity days with odds ratios of 1.5-2 per 10-μg·m(-3) increase. Associations were also seen for locally generated combustion particles, which disappeared following adjustment for exposure to wear particles. In conclusion, our data indicate that long-term exposure to locally generated road wear particles increases the risk of respiratory symptoms in adults.",10.1183/09031936.00088212,B5
the relationship between monthly air pollution and violent crime across the united states,Jesse Burkhardt|Jude Bayham|Ander Wilson|Jesse D. Berman|Katelyn O’Dell|Bonne Ford|Emily V. Fischer|Jeffrey R. Pierce,2019,53,NOT Open Access,https://doi.org/10.1080/21606544.2019.1630014,,10.1080/21606544.2019.1630014,B5
responses of two strawberry cultivars to severe high temperature stress at different flower development stages,Nadine Ledesma|Saneyuki Kawabata,2016,43,NOT Open Access,https://doi.org/10.1016/j.scienta.2016.09.007,,10.1016/j.scienta.2016.09.007,B5
exposure of agricultural workers in california to wildfire smoke under past and future climate conditions,Miriam E. Marlier|Katherine I Brenner|Jia Coco Liu|Loretta J. Mickley|Sierra Raby|Eric James|Ravan Ahmadov|Heather E. Riden,2022,39,Open Access,https://doi.org/10.1088/1748-9326/ac8c58,"Abstract Wildfire activity in the western U.S. has increased in frequency and severity in recent decades. Wildfire smoke emissions contribute to elevated fine particulate matter (PM2.5) concentrations that are dangerous to public health. Due to the outdoor and physically demanding nature of their work, agricultural workers are particularly vulnerable to wildfire smoke pollution. In this study, we quantify the potential exposure of agricultural workers in California to past (2004–2009) and future (2046–2051) smoke PM2.5. We find that while absolute increases in smoke PM2.5 exposure are largest in northern California, agricultural regions in the Central Valley and Central Coast may be highly vulnerable to future increases in smoke PM2.5 concentrations. We find an increase from 6 to 8 million worker smoke exposure days (+35%) of ‘smokewave’ exposure for agricultural workers across the state under future climate conditions, with the largest increases in Tulare, Monterey, and Fresno counties. Under future climate conditions, we find 1.9 million worker smoke exposure days of agricultural worker exposure to levels of total PM2.5 pollution deemed ‘Unhealthy for Sensitive Groups.’ This is a 190% increase over past climate conditions. Wildfire smoke PM2.5 contributes, on average, to more than 90% of these daily PM2.5 exceedances compared with non-fire sources of air pollution. Using the recent extreme wildfire season of 2020 as a case study, we show that existing monitoring networks do not provide adequate sampling of PM2.5 in many future at-risk wildfire regions with large numbers of agricultural workers. Policies will need to consider the changing patterns of smoke PM2.5 exposure under future climate conditions to better protect outdoor agricultural workers.",10.1088/1748-9326/ac8c58,B5
evaluating methods for spatial mapping applications for estimating ozone concentrations across the contiguous united states,Jesse D. Berman|Patrick N. Breysse|Ronald H. White|Darryn W. Waugh|Frank C. Curriero,2014,38,NOT Open Access,https://doi.org/10.1016/j.eti.2014.10.003,,10.1016/j.eti.2014.10.003,B5
coal use air pollution and student performance,Valentina Duque|Michael Gilraine,2022,36,NOT Open Access,https://doi.org/10.1016/j.jpubeco.2022.104712,,10.1016/j.jpubeco.2022.104712,B5
lifelong exposure to air pollution and cognitive development in young children the uk millennium cohort study,Ai Milojevic|Peter Dutey‐Magni|Lorraine Dearden|Paul Wilkinson,2021,30,Open Access,https://doi.org/10.1088/1748-9326/abe90c,"Abstract Evidence about the impact of air pollution on cognitive development of children has been growing but remains inconclusive. To investigate the association of air pollution exposure and the cognitive development of children in the UK Millennium Cohort Study. Longitudinal study of a nationally representative sample of 13 058–14 614 singleton births, 2000–2002, analysed at age 3, 5 and 7 years for associations between exposure from birth to selected air pollutants and cognitive scores for: School Readiness, Naming Vocabulary (age 3 and 5), Picture Similarity, Pattern Construction (age 5 and 7), Number Skills and Word Reading. Multivariable regression models took account of design stratum, clustering and sampling and attrition weights with adjustment for major risk factors, including age, gender, ethnicity, region, household income, parents’ education, language, siblings and second-hand tobacco smoke. In fully adjusted models, no associations were observed between pollutant exposures and cognitive scores at age 3. At age 5, particulate matter (PM2.5, PM10), nitrogen dioxide (NO2), sulphur dioxide (SO2) and carbon monoxide (CO) were associated with lower scores for Naming Vocabulary but no other outcome except for SO2 and Picture Similarity. At age 7, PM2.5, PM10 and NO2 were associated with lower scores for Pattern Construction, SO2 with lower Number Skills and SO2 and ozone with poorer Word Reading scores, but PM2.5, PM10 and NO2 were associated with higher Word Reading scores. Adverse effects of air pollutants represented a deficit of up to around four percentile points in Naming Vocabulary at age 5 for an interquartile range increase in pollutant concentration, which is smaller than the impact of various social determinants of cognitive development. In a study of multiple pollutants and outcomes, we found mixed evidence from this UK-wide cohort study for association between lifetime exposure to air pollutants and cognitive development to age 7 years.",10.1088/1748-9326/abe90c,B5
cows as canaries the effects of ambient air pollution exposure on milk production and somatic cell count in dairy cows,Bonni L. Beaupied|Heather Martinez|Sheena E. Martenies|Craig S. McConnel|I. B. Pollack|Dylan Giardina|Emily V. Fischer|Shantanu H. Jathar|Colleen Duncan|Sheryl Magzamen,2021,26,NOT Open Access,https://doi.org/10.1016/j.envres.2021.112197,,10.1016/j.envres.2021.112197,B5
the impact of air pollution on venture capital evidence from china,Tian Gan|Yumin Li|Yan Jiang,2022,14,NOT Open Access,https://doi.org/10.1007/s11356-022-21972-7,,10.1007/s11356-022-21972-7,B5
the effect of air pollution on diurnal variation of performance in anaerobic tests cardiovascular and hematological parameters and blood gases on soccer players following the yo yo intermittent recovery test level 1,Nesrin Boussetta|Salma Abedelmalek|Khouloud Aloui|Nizar Souissi,2017,29,NOT Open Access,https://doi.org/10.1080/07420528.2017.1325896,,10.1080/07420528.2017.1325896,B5
peers in the field the role of ability and gender in peer effects among agricultural workers,Alexandra Hill|Jesse Burkhardt,2021,12,NOT Open Access,https://doi.org/10.1111/ajae.12192,,10.1111/ajae.12192,B5
horse racing as a model to study the relationship between air pollutants and physical performance,Oscar F. Araneda,2022,8,Open Access,https://doi.org/10.3390/ani12091139,"This study proposes the theoretical principles for the selection of a sample of horse races to study the relationship between air pollutants and performance. These criteria were then applied to an original dataset comparing the correlations between these variables obtained in “Handicap” versus “Conditional” type races. Methods: The mean concentration of pollutants during the six hours prior to the race and the speed of the test were determined in 441 official races at a racecourse in Santiago, Chile, during the summer and winter months of 2012. Using layout, track condition and distance (1000, 1100 and 1200 m) as criteria, a homogeneous group of races (“Handicap”; n = 214) versus a heterogeneous group (“Conditional”; n = 95) were compared using simple correlations (Spearman’s test). Results: Race speed was related to greater levels of PM10, PM2.5, NO2, NO and SO2 and it was positively related to O3, a trend that was observed in the 1000, 1100 m races and in the total “Handicap” group. Similar results were observed only in 1000 m for the “Conditional” group with lower Rho, except for PM10 and PM2.5. The total races of the conditional group showed lower Rho values and significant associations of the same trend for CO, NO2, NO and SO2. Conclusions: Horse races between 1000 and 1200 m of the “Handicap” type appear to be an interesting group to study the relationship between air pollutants and the performance of racehorses. In the future, our observations should be expanded to other distances and other types of races.",10.3390/ani12091139,B5
increased resting heart rate with pollutants in a population based study,Jean‐Bernard Ruidavets|Sylvie Cassadou|Maxime Cournot|Vincent Bataille|Mariam Meybeck|Jean Ferrières,2005,20,Open Access,https://doi.org/10.1136/jech.2004.026252,"BACKGROUND: Air pollution is associated with cardiovascular mortality. Changes in the autonomic nervous system may contribute to cardiac arrhythmias and cardiovascular mortality. This study investigated the relations between air pollutant concentrations of sulphur dioxide (SO(2)), ozone (O(3)), nitric dioxide (NO(2)), and resting heart rate (RHR) in a population based study. METHODS: A sample of 863 middle aged men and women, living in Toulouse (MONICA centre) area, was randomly recruited. A cross sectional survey on cardiovascular risk factors was carried. RHR was measured twice in a sitting position after a five minute rest. Multivariate analyses with quintiles of RHR were performed using polytomous logistic regression. Models were adjusted for temperature, season, relative humidity, sex, physical activity, blood pressure, C reactive protein, and cardiovascular drugs. RESULTS: For NO(2), the OR (odds ratio) (95% CI) associated with an increase of 5 microg/m(3) in the current day of medical examination was 1.14 (1.03 to 1.25) in quintile Q5 of RHR compared with Q1, p for trend = 0.003. For SO(2), OR was 1.16 (0.94 to 1.44) in Q5 compared with Q1, p for trend = 0.05, and for O(3), OR was 0.96 (0.91 to 1.01) in Q5 compared with Q1, p for trend = 0.11. No significant association was seen when the daily mean concentration of NO(2), SO(2), and O(3) was considered during the previous day as well as when day lag 2 or 3 was considered. The cumulative concentration (three consecutive days) of O(3) is negatively associated with RHR (p for trend = 0.02). CONCLUSION: Changes in pulse rate could reflect cardiac rhythm changes and may be part of the pathophysiological link between pollution and cardiovascular mortality.",10.1136/jech.2004.026252,B5
weather based yield forecasts developed for 12 california crops,David B. Lobell|Kimberly Nicholas Cahill|Christopher B. Field,2006,19,Open Access,https://doi.org/10.3733/ca.v060n04p211,"Crop-yield forecasts provide useful information to growers, marketers, government agencies and other users. Yields for several crops in California are currently forecast based on field surveys and farmer interviews, although official forecasts do not exist for many crops. Because broadscale crop yields depend largely on the weather, measurements from existing meteorological stations have the potential to provide reliable, timely and cost-effective predictions. We developed weather-based models of statewide yields for 12 major California crops and tested their accuracy using cross-validation from 1980 to 2003. Many of the weather-based forecasts were highly accurate, as judged by the percentage of yield variation explained by the forecast, the number of yields with correctly predicted direction of yield change, or the number of yields with correctly predicted extreme yields. The most successfully modeled crop was almonds, with 81% of yield variance captured by the forecast. Predictions for most crops relied on weather measurements well before harvest time, in many cases allowing longer lead times than existing procedures.",10.3733/ca.v060n04p211,B5
the effect of air pollution on cardio respiratory perfor mance of active individuals,Mahdi Kargarfard|Reza Rouzbahani|Saber Rezanejad|Parinaz Poursafa,2009,10,Open Access,,"Abstract BACKGROUND: Although much has been discussed regarding the improvement of quality of life with regular physical exercise, we need studies on the cardio respiratory response evaluated on the basis of O2 uptake, transport, and utilization in areas with high concentrations of pollutants in the atmosphere. The purpose of this study was to determine the effect of air pollution on respiratory and cardiac performance of active individuals in the environments with polluted air and non-polluted air. METHODS: Twenty healthy non-smoker athlete undergraduate male students (Mean ± SD: age 21.70 ± 2.10 yr, height 175.80 ± 6.78 cm, weight 65.58 ± 4.23 kg and BMI 24.44 ± 2.32) volunteered to participate in the study. First, two environments including polluted and non-polluted were determined on the basis of the environmental protection agency. Then, the subjects were performed on a field cooper test. The tests consisted of two phases: phase A, in non-polluted air area, and phase B, in polluted air area, with a 7-day interval between phases. Finally, respiratory volumes and capacities were measured. RESULTS: The results of analysis by paired t-test showed that there were significant decreases in all of the respiratory parameters (ERV, IC, FVC, FEV1, MVV, FEV25-75, FEV1/FVC), in polluted air compared with non-polluted air (P < 0.05). The heart rate measures in two group showed that the mean of heart rate in polluted area was (89 ± 4) more than non polluted environment (83 ± 5) and this was significant at P=0.028. CONCLUSION: Therefore, the acute exposure to polluted air, may cause a significant reduction in the respiratory and cardiac performance of active individuals. Keywords: air pollution, respiratory and cardiac performance, active individuals.",,B5
air pollution and the labor market evidence from wildfire smoke,Mark Borgschulte|David Molitor|Eric Zou,2022,55,Open Access,https://doi.org/10.3386/w29952,"We study how air pollution impacts the U.S. labor market by analyzing effects of drifting wildfire smoke that can affect populations far from the fires themselves. We link satellite smoke plumes with labor market outcomes to estimate that an additional day of smoke exposure reduces quarterly earnings by about 0.1 percent. Extensive margin responses, including employment reductions and labor force exits, can explain 13 percent of the overall earnings losses. The implied welfare cost of lost earnings due to air pollution exposure is on par with standard valuations of the mortality burden. The findings suggest that labor market channels warrant greater consideration in policy responses to air pollution.",10.3386/w29952,B5
corrigendum particulate pollution and the productivity of pear packers,Tom Chang|Joshua Graff Zivin|Tal Gross|Matthew Neidell,2019,7,NOT Open Access,https://doi.org/10.1257/pol.11.3.454,,10.1257/pol.11.3.454,B5
progressive statistics for studies in sports medicine and exercise science,Will G. Hopkins|Stephen W. Marshall|Alan M. Batterham|Juri Hanin,2008,9094,NOT Open Access,https://doi.org/10.1249/mss.0b013e31818cb278,,10.1249/mss.0b013e31818cb278,B6
health effects of fine particulate air pollution lines that connect,C. Arden Pope|Douglas W. Dockery,2006,6767,Open Access,https://doi.org/10.1080/10473289.2006.10464485,"Efforts to understand and mitigate thehealth effects of particulate matter (PM) air pollutionhave a rich and interesting history. This review focuseson six substantial lines of research that have been pursued since 1997 that have helped elucidate our understanding about the effects of PM on human health. There hasbeen substantial progress in the evaluation of PM health effects at different time-scales of exposure and in the exploration of the shape of the concentration-response function. There has also been emerging evidence of PM-related cardiovascular health effects and growing knowledge regarding interconnected general pathophysiological pathways that link PM exposure with cardiopulmonary morbidiity and mortality. Despite important gaps in scientific knowledge and continued reasons for some skepticism, a comprehensive evaluation of the research findings provides persuasive evidence that exposure to fine particulate air pollution has adverse effects on cardiopulmonaryhealth. Although much of this research has been motivated by environmental public health policy, these results have important scientific, medical, and public health implications that are broader than debates over legally mandated air quality standards.",10.1080/10473289.2006.10464485,B6
fine particulate air pollution and life expectancy in the united states,C. Arden Pope|Majid Ezzati|Douglas W. Dockery,2009,2322,Open Access,https://doi.org/10.1056/nejmsa0805646,"BACKGROUND: Exposure to fine-particulate air pollution has been associated with increased morbidity and mortality, suggesting that sustained reductions in pollution exposure should result in improved life expectancy. This study directly evaluated the changes in life expectancy associated with differential changes in fine particulate air pollution that occurred in the United States during the 1980s and 1990s. METHODS: We compiled data on life expectancy, socioeconomic status, and demographic characteristics for 211 county units in the 51 U.S. metropolitan areas with matching data on fine-particulate air pollution for the late 1970s and early 1980s and the late 1990s and early 2000s. Regression models were used to estimate the association between reductions in pollution and changes in life expectancy, with adjustment for changes in socioeconomic and demographic variables and in proxy indicators for the prevalence of cigarette smoking. RESULTS: A decrease of 10 microg per cubic meter in the concentration of fine particulate matter was associated with an estimated increase in mean (+/-SE) life expectancy of 0.61+/-0.20 year (P=0.004). The estimated effect of reduced exposure to pollution on life expectancy was not highly sensitive to adjustment for changes in socioeconomic, demographic, or proxy variables for the prevalence of smoking or to the restriction of observations to relatively large counties. Reductions in air pollution accounted for as much as 15% of the overall increase in life expectancy in the study areas. CONCLUSIONS: A reduction in exposure to ambient fine-particulate air pollution contributed to significant and measurable improvements in life expectancy in the United States.",10.1056/nejmsa0805646,B6
particulate air pollution and acute health effects,Anthony Seaton|David Godden|William MacNee|Ken Donaldson,1995,2189,NOT Open Access,https://doi.org/10.1016/s0140-6736(95)90173-6,,10.1016/s0140-6736(95)90173-6,B6
clearing the air a review of the effects of particulate matter air pollution on human health,Jonathan O. Anderson|Josef G. Thundiyil|Andrew Stolbach,2011,1787,Open Access,https://doi.org/10.1007/s13181-011-0203-1,,10.1007/s13181-011-0203-1,B6
performance characteristics according to playing position in elite soccer,Valter Di Salvo|Ramon Baron|Harald Tschan|Francisco Montero|Norbert Bachl|Fabio Pigozzi,2007,1262,NOT Open Access,https://doi.org/10.1055/s-2006-924294,,10.1055/s-2006-924294,B6
airports air pollution and contemporaneous health,Wolfram Schlenker|William R. Walker,2015,609,NOT Open Access,https://doi.org/10.1093/restud/rdv043,,10.1093/restud/rdv043,B6
measuring soccer skill performance a review,Ajmol Ali,2011,349,NOT Open Access,https://doi.org/10.1111/j.1600-0838.2010.01256.x,,10.1111/j.1600-0838.2010.01256.x,B6
interpreting physical performance in professional soccer match play should we be more pragmatic in our approach,Christopher Carling,2013,284,NOT Open Access,https://doi.org/10.1007/s40279-013-0055-8,,10.1007/s40279-013-0055-8,B6
short term effects of pm2 5 pm10 and pm2 5 10 on daily mortality in the netherlands,Nicole Janssen|Paul Fischer|Marten Marra|Caroline Ameling|Flemming R. Cassee,2013,283,Open Access,https://doi.org/10.1016/j.scitotenv.2013.05.062,"INTRODUCTION: Information on the relationship between levels of particulate matter (PM) smaller than 2.5 μm and mortality rates in Europe is relatively sparse because of limited availability of PM2.5 measurement data. Even less information is available on the health effects attributable to PM2.5-10, especially for North-West Europe. OBJECTIVES: To investigate the relationship between various PM size fractions and daily mortality rates. METHODS: Daily concentrations of PM from the Dutch National Ambient Air Quality Monitoring Network as well as all cause and cause-specific mortality rates in The Netherlands were obtained for the period 2008-2009. Poisson regression analysis using generalized additive models was used, with adjustment for potential confounding including long-term and seasonal trends, influenza incidence, meteorological variables, day of the week, and holidays. Different measures of PM (PM2.5, PM10 and PM2.5-10) were analysed. RESULTS: PM10 and PM2.5 levels were statistically significantly (p<0.05) associated with all cause and cause-specific deaths. For example, a 10 μg/m(3) increase in previous day PM was associated with 0.8% (95% CI 0.3-1.2) excess risk in all cause mortality for PM2.5 and a 0.6% (CI 0.2-1.0) excess risk for PM10. No appreciable associations were observed for PM2.5-10. Effects of PM10, and PM2.5 were insensitive to adjustment for PM2.5-10, and vice-versa. PM10 and PM2.5 were too highly correlated to disentangle their independent effects. CONCLUSIONS: PM10 and PM2.5 both were significantly associated with all cause and cause-specific mortality. We were unable to demonstrate significant effects for PM2.5-10, possibly due to the lower temporal variability and the higher exposure misclassification in PM2.5-10 compared to PM10 or PM2.5. The lack of effects of PM2.5-10 in our study should therefore not be interpreted as an indication that PM2.5-10 can be considered harmless.",10.1016/j.scitotenv.2013.05.062,B6
are declines in physical performance associated with a reduction in skill related performance during professional soccer match play,Christopher Carling|Grégory Dupont,2010,253,Open Access,https://doi.org/10.1080/02640414.2010.521945,"The aim of this study was to determine whether declines in physical performance in a professional soccer team during match-play were associated with reductions in skill-related performance. Computerized tracking of performance in midfield players (n = 11) showed that total distance and distance covered in high-speed running (>14.4 km · h⁻¹) were greater in the first versus second half of games (both P < 0.001) and in the first versus the final 15 min of play (P < 0.05). Analysis of high-speed running across 5-min periods showed that more distance was covered in the first versus the final game period, and in the peak period of activity compared with the following period and game mean for other periods (all P < 0.05). Analysis of skill-related measures revealed no significant decline between halves, across 15-min intervals or in the 5-min period following that of peak high-speed activity compared with the game mean for other 5-min periods. In contrast, frequencies of passing, ball possessions, and duels were greater in the first 5-min than in the final 5-min period (P < 0.05). Neither physical nor skill-related performance was affected across three consecutive games within a period of ≤7 days. The results suggest that the players were generally able to maintain skill-related performance throughout games and when competing in successive matches within a short time.",10.1080/02640414.2010.521945,B6
the effect of air pollution on body weight and obesity evidence from china,Olivier Deschênes|Huixia Wang|Si Wang|Peng Zhang,2020,250,Open Access,https://doi.org/10.1016/j.jdeveco.2020.102461,,10.1016/j.jdeveco.2020.102461,B6
caffeine enhances cognitive function and skill performance during simulated soccer activity,Andrew Foskett|Ajmol Ali|Nicholas Gant,2009,197,NOT Open Access,https://doi.org/10.1123/ijsnem.19.4.410,,10.1123/ijsnem.19.4.410,B6
physical and energetic demand of soccer a brief review,Filippo Dolci|Nicolas H. Hart|Andrew E. Kilding|Paola Chivers|Ben Piggott|Tania Spiteri,2020,167,NOT Open Access,https://doi.org/10.1519/ssc.0000000000000533,,10.1519/ssc.0000000000000533,B6
air pollution and tourism development an interplay,Ning Zhang|Ru Jia Ren|Qiong Zhang|Tao Zhang,2020,133,Open Access,https://doi.org/10.1016/j.annals.2020.103032,,10.1016/j.annals.2020.103032,B6
do cognitive training strategies improve motor and positive psychological skills development in soccer players insights from a systematic review,Maamer Slimani|Nicola Luigi Bragazzi|David Tod|Alexandre Dellal|Olivier Hüe|Foued Chéour|Lee Taylor|Karim Chamari,2016,78,Open Access,https://doi.org/10.1080/02640414.2016.1254809,"Soccer players are required to have well-developed physical, technical and cognitive abilities. The present systematic review, adhering to Preferred Reporting Items for Systematic reviews and Meta-Analysis guidelines, examined the effects of cognitive training strategies on motor and positive psychological skills development in soccer performance and identified the potential moderators of the ""cognitive training-soccer performance"" relationship. Thirteen databases were systematically searched using keywords related to psychological or cognitive training in soccer players. The review is based on 18 studies, employing 584 soccer players aged 7-39 years. Cognitive strategies, particularly imagery, appear to improve sports performance in soccer players. Regarding imagery, the combination of two different types of cognitive imagery training (i.e., cognitive general and cognitive specific) has a positive influence on soccer performance during training, whereas motivational imagery (i.e., motivational general-arousal, motivational general-mastery and motivational specific) enhance competition performance. Younger soccer players employ cognitive general and cognitive specific imagery techniques to a greater extent than older soccer players. Combined cognitive training strategies were more beneficial than a single cognitive strategy relative to motor skills enhancement in elite (particularly midfielders) and amateur (i.e., when practising complex and specific soccer skills in precompetitive period) soccer players. In conclusion, it appears that there are differences in cognitive/psychological training interventions, and their efficacy, according to whether they are directed towards training or competition, and the age, standard and playing position of the players.",10.1080/02640414.2016.1254809,B6
perceptual cognitive skill and the in situ performance of soccer players,Mariëtte J.J. van Maarseveen|Raôul R. D. Oudejans|David L. Mann|Geert J.P. Savelsbergh,2016,76,Open Access,https://doi.org/10.1080/17470218.2016.1255236,"Many studies have shown that experts possess better perceptual-cognitive skills than novices (e.g., in anticipation, decision making, pattern recall), but it remains unclear whether a relationship exists between performance on those tests of perceptual-cognitive skill and actual on-field performance. In this study, we assessed the in situ performance of skilled soccer players and related the outcomes to measures of anticipation, decision making, and pattern recall. In addition, we examined gaze behaviour when performing the perceptual-cognitive tests to better understand whether the underlying processes were related when those perceptual-cognitive tasks were performed. The results revealed that on-field performance could not be predicted on the basis of performance on the perceptual-cognitive tests. Moreover, there were no strong correlations between the level of performance on the different tests. The analysis of gaze behaviour revealed differences in search rate, fixation duration, fixation order, gaze entropy, and percentage viewing time when performing the test of pattern recall, suggesting that it is driven by different processes to those used for anticipation and decision making. Altogether, the results suggest that the perceptual-cognitive tests may not be as strong determinants of actual performance as may have previously been assumed.",10.1080/17470218.2016.1255236,B6
what do epidemiologic findings tell us about health effects of environmental aerosols,C. Arden Pope,2000,142,NOT Open Access,https://doi.org/10.1089/jam.2000.13.335,,10.1089/jam.2000.13.335,B6
attributional style and athletic performance strategic optimism and defensive pessimism,Randall A. Gordon,2007,79,NOT Open Access,https://doi.org/10.1016/j.psychsport.2007.04.007,,10.1016/j.psychsport.2007.04.007,B6
technical demands of different playing positions in the uefa champions league,Qing Yi|Hong Jia|Hongyou Liu|Miguel‐Ángel Gómez,2018,70,Open Access,https://doi.org/10.1080/24748668.2018.1528524,"This study aimed to identity the technical demands of different playing positions controlling the effects of situational variables in the UEFA Champions League from a long-term perspective. Data of 18 technical performance-related match actions and events achieved by 1,990 out-field players (classified into five positional roles) in 1,000 matches played in the UEFA Champions League from season 2009/2010 to 2016/2017 were collected. Generalised mixed linear modelling was employed taking the value of each of the 18 technical performance-related variables as the dependent variable, and taking the classified 5 positions as the predictor variable. Uncertainty in the true effects of the predictors was evaluated using non-clinical magnitude-based inference. Results showed that the differences between central defenders and forwards were biggest while central defenders and full backs presented the smallest difference. The performances of midfielders in variables related to passing and organising were worse than expected and wide midfielders showed relative better performances than central midfielders in passing and organising. Meanwhile, defenders, especially central defenders, achieved good performance in variables related to passing and organising. Forwards played an important role in the aspects of goal scoring and organising, they also participated in the initial defending process.",10.1080/24748668.2018.1528524,B6
does improved decision making ability reduce the physiological demands of game based activities in field sport athletes,Tim J. Gabbett|Josh Carius|Mike J Mulvey,2008,56,NOT Open Access,https://doi.org/10.1519/jsc.0b013e3181887f34,,10.1519/jsc.0b013e3181887f34,B6
immediate impacts of air pollution on the performance of football players,Jianglong Li|Shiqiang Sun|Mun S. Ho,2024,9,NOT Open Access,https://doi.org/10.1177/15270025241260031,,10.1177/15270025241260031,B6
statistical methods for comparing regression coefficients between models,Clifford C. Clogg|Eva Petkova|Adamantios Haritou,1995,2109,NOT Open Access,https://doi.org/10.1086/230638,,10.1086/230638,B7
pollution and health a progress update,Richard Fuller|Philip J. Landrigan|Kalpana Balakrishnan|Glynda Bathan|Stephan Böse‐O’Reilly|Michael Bräuer|Jack Caravanos|Tom Chiles|Aaron Cohen|Lilian Corra|Maureen Cropper|Gregory L. Ferraro|J. L. Hanna|David Hanrahan|Howard Hu|David Hunter|Gloria Janata|Rachael Kupka|Bruce P. Lanphear|Maureen Y. Lichtveld|Keith Martin|Adetoun Mustapha|Ernesto Sánchez-Triana|Karti Sandilya|Laura Schaefli|Joseph R. Shaw|Jessica Seddon|William A. Suk|Martha María Téllez‐Rojo|Chonghuai Yan,2022,2088,Open Access,https://doi.org/10.1016/s2542-5196(22)00090-0,"The Lancet Commission on pollution and health reported that pollution was responsible for 9 million premature deaths in 2015, making it the world's largest environmental risk factor for disease and premature death. We have now updated this estimate using data from the Global Burden of Diseases, Injuriaes, and Risk Factors Study 2019. We find that pollution remains responsible for approximately 9 million deaths per year, corresponding to one in six deaths worldwide. Reductions have occurred in the number of deaths attributable to the types of pollution associated with extreme poverty. However, these reductions in deaths from household air pollution and water pollution are offset by increased deaths attributable to ambient air pollution and toxic chemical pollution (ie, lead). Deaths from these modern pollution risk factors, which are the unintended consequence of industrialisation and urbanisation, have risen by 7% since 2015 and by over 66% since 2000. Despite ongoing efforts by UN agencies, committed groups, committed individuals, and some national governments (mostly in high-income countries), little real progress against pollution can be identified overall, particularly in the low-income and middle-income countries, where pollution is most severe. Urgent attention is needed to control pollution and prevent pollution-related disease, with an emphasis on air pollution and lead poisoning, and a stronger focus on hazardous chemical pollution. Pollution, climate change, and biodiversity loss are closely linked. Successful control of these conjoined threats requires a globally supported, formal science-policy interface to inform intervention, influence research, and guide funding. Pollution has typically been viewed as a local issue to be addressed through subnational and national regulation or, occasionally, using regional policy in higher-income countries. Now, however, it is increasingly clear that pollution is a planetary threat, and that its drivers, its dispersion, and its effects on health transcend local boundaries and demand a global response. Global action on all major modern pollutants is needed. Global efforts can synergise with other global environmental policy programmes, especially as a large-scale, rapid transition away from all fossil fuels to clean, renewable energy is an effective strategy for preventing pollution while also slowing down climate change, and thus achieves a double benefit for planetary health.",10.1016/s2542-5196(22)00090-0,B7
long term effects of ambient air pollution on lung function,Thomas Götschi|Joachim Heinrich|Jordi Sunyer|Nino Künzli,2008,312,NOT Open Access,https://doi.org/10.1097/ede.0b013e318181650f,,10.1097/ede.0b013e318181650f,B7
the influence of temperature on ozone production under varying no x conditions a modelling study,J. Coates|Kathleen A. Mar|Narendra Ojha|Tim Butler,2016,256,Open Access,https://doi.org/10.5194/acp-16-11601-2016,"Abstract. Surface ozone is a secondary air pollutant produced during the atmospheric photochemical degradation of emitted volatile organic compounds (VOCs) in the presence of sunlight and nitrogen oxides (NOx). Temperature directly influences ozone production through speeding up the rates of chemical reactions and increasing the emissions of VOCs, such as isoprene, from vegetation. In this study, we used an idealised box model with different chemical mechanisms (Master Chemical Mechanism, MCMv3.2; Common Representative Intermediates, CRIv2; Model for OZone and Related Chemical Tracers, MOZART-4; Regional Acid Deposition Model, RADM2; Carbon Bond Mechanism, CB05) to examine the non-linear relationship between ozone, NOx and temperature, and we compared this to previous observational studies. Under high-NOx conditions, an increase in ozone from 20 to 40 °C of up to 20 ppbv was due to faster reaction rates, while increased isoprene emissions added up to a further 11 ppbv of ozone. The largest inter-mechanism differences were obtained at high temperatures and high-NOx emissions. CB05 and RADM2 simulated more NOx-sensitive chemistry than MCMv3.2, CRIv2 and MOZART-4, which could lead to different mitigation strategies being proposed depending on the chemical mechanism. The increased oxidation rate of emitted VOC with temperature controlled the rate of Ox production; the net influence of peroxy nitrates increased net Ox production per molecule of emitted VOC oxidised. The rate of increase in ozone mixing ratios with temperature from our box model simulations was about half the rate of increase in ozone with temperature observed over central Europe or simulated by a regional chemistry transport model. Modifying the box model set-up to approximate stagnant meteorological conditions increased the rate of increase of ozone with temperature as the accumulation of oxidants enhanced ozone production through the increased production of peroxy radicals from the secondary degradation of emitted VOCs. The box model simulations approximating stagnant conditions and the maximal ozone production chemical regime reproduced the 2 ppbv increase in ozone per degree Celsius from the observational and regional model data over central Europe. The simulated ozone–temperature relationship was more sensitive to mixing than the choice of chemical mechanism. Our analysis suggests that reductions in NOx emissions would be required to offset the additional ozone production due to an increase in temperature in the future.",10.5194/acp-16-11601-2016,B7
air pollution depressive and anxiety disorders and brain effects a systematic review,Clara G. Zundel|Patrick Ryan|Cole Brokamp|Autumm Heeter|Yaoxian Huang|Jeffrey R. Strawn|Hilary A. Marusak,2022,221,Open Access,https://doi.org/10.1016/j.neuro.2022.10.011,,10.1016/j.neuro.2022.10.011,B7
gray matters fetal pollution exposure and human capital formation,Prashant Bharadwaj|Matthew Gibson|Joshua Graff Zivin|Christopher Neilson,2017,185,NOT Open Access,https://doi.org/10.1086/691591,,10.1086/691591,B7
the light and the heat productivity co benefits of energy saving technology,Achyuta Adhvaryu|Namrata Kala|Anant Nyshadham,2019,168,Open Access,https://doi.org/10.1162/rest_a_00886,"We study the adoption of energy-efficient LED lighting in garment factories around Bangalore, India. Combining daily production line–level data with weather data, we estimate a negative, nonlinear productivity-temperature gradient. We find that LED lighting raises productivity on hot days. Using the firm's costs data, we estimate that the payback period for LED adoption is less than one-third the length after accounting for productivity co-benefits. The average factory in our data gains about $2,880 in power consumption savings and about $7,500 in productivity gains.",10.1162/rest_a_00886,B7
the effects of chronic exposure to traffic derived air pollution on the ocular surface,Priscila Novaes|Paulo Hilário Nascimento Saldiva|Monique Matsuda|Mariângela Macchione|Maristela Peres Rangel|Newton Kara-Júnior|Alejandro Berra,2010,153,NOT Open Access,https://doi.org/10.1016/j.envres.2010.03.003,,10.1016/j.envres.2010.03.003,B7
this is air the nonhealth effects of air pollution,Sandra Aguilar-Gómez|Holt Dwyer|Joshua Graff Zivin|Matthew Neidell,2022,128,NOT Open Access,https://doi.org/10.1146/annurev-resource-111820-021816,,10.1146/annurev-resource-111820-021816,B7
air pollution and criminal activity microgeographic evidence from chicago,Evan Herrnstadt|Anthony Heyes|Erich Muehlegger|Soodeh Saberian,2021,108,Open Access,https://doi.org/10.1257/app.20190091,"A growing literature documents that air pollution adversely impacts health, productivity, and cognition. This paper provides the first evidence of a causal link between air pollution and aggressive behavior, as documented by violent crime. Using the geolocation of crimes in Chicago from 2001–2012, we compare crime upwind and downwind of major highways on days when wind blows orthogonally to the road. Consistent with research linking pollution to aggression, we find that air pollution increases violent crime on the downwind sides of interstates. Our results suggest that pollution may reduce welfare and affect behavior through a wider set of channels than previously considered. (JEL K42, Q53)",10.1257/app.20190091,B7
effect of air pollution on heart failure systematic review and meta analysis,Yanhui Jia|Zhennan Lin|Zhimin He|Chenyang Li|Youjing Zhang|Jingyu Wang|Fangchao Liu|Jianxin Li|Keyong Huang|Jie Cao|Xinyuan Gong|Xiangfeng Lu|Shufeng Chen,2023,106,Open Access,https://doi.org/10.1289/ehp11506,"Background: Heart failure (HF) poses a significant global disease burden. The current evidence on the impact of air pollution on HF remains inconsistent. Objectives: We aimed to conduct a systematic review of the literature and meta-analysis to provide a more comprehensive and multiperspective assessment of the associations between short- and long-term air pollution exposure and HF from epidemiological evidences. Methods: Three databases were searched up to 31 August 2022 for studies investigating the association between air pollutants (PM2.5, PM10, NO2, SO2, CO, O3) and HF hospitalization, incidence, or mortality. A random effects model was used to derive the risk estimations. Subgroup analysis was conducted by geographical location, age of participants, outcome, study design, covered area, the methods of exposure assessment, and the length of exposure window. Sensitivity analysis and adjustment for publication bias were performed to test the robustness of the results. Results: Of 100 studies covering 20 countries worldwide, 81 were for short-term and 19 were for long-term exposure. Almost all air pollutants were adversely associated with the risk of HF in both short- and long-term exposure studies. For short-term exposures, we found the risk of HF increased by 1.8% [relative risk (RR)=1.018, 95% confidence interval (CI): 1.011, 1.025] and 1.6% (RR=1.016, 95% CI: 1.011, 1.020) per 10-μg/m3 increment of PM2.5 and PM10, respectively. HF was also significantly associated with NO2, SO2, and CO, but not O3. Positive associations were stronger when exposure was considered over the previous 2 d (lag 0–1) rather than on the day of exposure only (lag 0). For long-term exposures, there were significant associations between several air pollutants and HF with RR (95% CI) of 1.748 (1.112, 2.747) per 10-μg/m3 increment in PM2.5, 1.212 (1.010, 1.454) per 10-μg/m3 increment in PM10, and 1.204 (1.069, 1.356) per 10-ppb increment in NO2, respectively. The adverse associations of most pollutants with HF were greater in low- and middle-income countries than in high-income countries. Sensitivity analysis demonstrated the robustness of our results. Discussion: Available evidence highlighted adverse associations between air pollution and HF regardless of short- and long-term exposure. Air pollution is still a prevalent public health issue globally and sustained policies and actions are called for to reduce the burden of HF. https://doi.org/10.1289/EHP11506",10.1289/ehp11506,B7
air pollution lowers high skill public sector worker productivity in china,Matthew E. Kahn|Pei Li,2020,84,Open Access,https://doi.org/10.1088/1748-9326/ab8b8c,"Abstract China’s urbanites continue to be exposed to high levels of air pollution. Such pollution exposure raises mortality risk, lowers the day-to-day sentiment of the population and lowers outdoor worker productivity. Using a unique set of data for Chinese judges, we document that local air pollution also lowers the productivity of high skilled government officials who work indoors. Our new evidence on the effects of air pollution highlights both the challenge that pollution poses for quality of life and workforce productivity and indicates that the Chinese urban elites gain co-benefits when their cities burn less fossil fuel.",10.1088/1748-9326/ab8b8c,B7
temperature worker productivity and adaptation evidence from survey data production,Melissa LoPalo,2022,65,NOT Open Access,https://doi.org/10.1257/app.20200547,,10.1257/app.20200547,B7
the effects of air pollution on students cognitive performance evidence from brazilian university entrance tests,Juliana Margarida Carneiro|Matthew A. Cole|Eric Strobl,2021,58,Open Access,https://doi.org/10.1086/714671,"We examine the contemporaneous causal relationship between outdoor air pollution levels and student cognitive performance in Brazil’s nationwide university entrance examinations. Our analysis relies upon a unique and previously unexplored student-level data set allowing us to examine the effect of particulate matter (PM10) on students’ scores. In our main specification we construct individual-level panel data for the 2 days of exams across 3 years and apply student fixed effects to address potential endogeneity concerns. In addition, we take advantage of plausibly exogenous spatial and temporal variation in PM10 across municipalities in the states of Rio de Janeiro and São Paulo and utilize an instrumental variable approach based on wind direction. Our results suggest that air pollution negatively impacts the cognitive performance of students. We find suggestive evidence that boys may be more affected than girls, and less well-off exam takers at the bottom of the score distribution are more affected than their more privileged counterparts.",10.1086/714671,B7
a 28 day 2 year study reveals that adolescents are more fatigued and distressed on days with greater no2 and co air pollution,Emma Armstrong‐Carter|Andrew J. Fuligni|Xiao Wu|Nancy A. Gonzales|Eva H. Telzer,2022,11,Open Access,https://doi.org/10.1038/s41598-022-20602-z,"Abstract This 2-year, 28-day study examined whether adolescents felt greater fatigue and emotional distress the same day and the day after air quality was worse. We linked objective daily air quality measurements to daily self-reports from 422 Mexican–American adolescents in Los Angeles County, California from 2009 to 2011 (50% girls, MAge = 15 years). A robust, within-subject analysis of 9696 observations revealed that adolescents with ongoing physical complaints reported greater fatigue and emotional distress on days that the air contained higher levels of nitrogen dioxide (NO2) and carbon monoxide (CO). Regardless of physical complaints, adolescents on average also reported greater fatigue the day after NO2 levels were higher. The same-day and next-day associations between air pollution and distress were mediated via daily increases in fatigue. Results were robust when controlling for day of the week, and daily temperature and humidity. Sulfur dioxide (SO2), ozone (O3), PM2.5 and PM10 were not related to daily fatigue or distress.",10.1038/s41598-022-20602-z,B7
comparing regression coefficients between nested linear models for clustered data with generalized estimating equations,Jun Yan|Robert H. Aseltine|Ofer Harel,2012,18,NOT Open Access,https://doi.org/10.3102/1076998611432175,,10.3102/1076998611432175,B7
the role of work schedules and the macroeconomy on labor effort,Garrett Senney|Lucia F. Dunn,2019,12,NOT Open Access,https://doi.org/10.1016/j.labeco.2019.01.003,,10.1016/j.labeco.2019.01.003,B7
air pollution and adult cognition evidence from brain training,Andrea La Nauze|Edson Severnini,2021,38,Open Access,https://doi.org/10.3386/w28785,"We exploit novel data from brain-training games to examine the impacts of air pollution on a comprehensive set of cognitive skills in adults. We find that exposure to particulate matter (PM2.5) impairs adult cognitive function, and that these effects are largest for those in prime working age. These results confirm a hypothesized mechanism for the impacts of air pollution on workforce productivity. We also find that the cognitive effects are largest for new tasks and for those with low ability, suggesting that air pollution increases inequality in productivity.",10.3386/w28785,B7
nonlinear temperature effects indicate severe damages to u s crop yields under climate change,Wolfram Schlenker|Michael J. Roberts,2009,3397,Open Access,https://doi.org/10.1073/pnas.0906865106,"The United States produces 41% of the world's corn and 38% of the world's soybeans. These crops comprise two of the four largest sources of caloric energy produced and are thus critical for world food supply. We pair a panel of county-level yields for these two crops, plus cotton (a warmer-weather crop), with a new fine-scale weather dataset that incorporates the whole distribution of temperatures within each day and across all days in the growing season. We find that yields increase with temperature up to 29 degrees C for corn, 30 degrees C for soybeans, and 32 degrees C for cotton but that temperatures above these thresholds are very harmful. The slope of the decline above the optimum is significantly steeper than the incline below it. The same nonlinear and asymmetric relationship is found when we isolate either time-series or cross-sectional variations in temperatures and yields. This suggests limited historical adaptation of seed varieties or management practices to warmer temperatures because the cross-section includes farmers' adaptations to warmer climates and the time-series does not. Holding current growing regions fixed, area-weighted average yields are predicted to decrease by 30-46% before the end of the century under the slowest (B1) warming scenario and decrease by 63-82% under the most rapid warming scenario (A1FI) under the Hadley III model.",10.1073/pnas.0906865106,B8
frontier production functions technical efficiency and panel data with application to paddy farmers in india,George E. Battese|Timothy Coelli,1992,2863,NOT Open Access,https://doi.org/10.1007/bf00158774,,10.1007/bf00158774,B8
effect of climate change on air quality,Daniel J. Jacob|Darrell A. Winner,2008,2066,Open Access,https://doi.org/10.1016/j.atmosenv.2008.09.051,,10.1016/j.atmosenv.2008.09.051,B8
anthropogenic drivers of 2013 2017 trends in summer surface ozone in china,Ke Li|Daniel J. Jacob|Hong Liao|Lu Shen|Qiang Zhang|Kelvin H. Bates,2018,1875,NOT Open Access,https://doi.org/10.1073/pnas.1812168116,,10.1073/pnas.1812168116,B8
super learner,Mark J. van der Laan|Eric C. Polley|Alan Hubbard,2007,1738,NOT Open Access,https://doi.org/10.2202/1544-6115.1309,,10.2202/1544-6115.1309,B8
the global impact of ozone on agricultural crop yields under current and future air quality legislation,Rita Van Dingenen|Frank Dentener|Frank Raes|Maarten Krol|Lisa Emberson|J. Cofała,2008,759,Open Access,https://doi.org/10.1016/j.atmosenv.2008.10.033,,10.1016/j.atmosenv.2008.10.033,B8
assessing pm 2 5 exposures with high spatiotemporal resolution across the continental united states,Qian Di|Itai Kloog|Petros Koutrakis|Alexei Lyapustin|Yujie Wang|Joel Schwartz,2016,520,Open Access,https://doi.org/10.1021/acs.est.5b06121,"A number of models have been developed to estimate PM2.5 exposure, including satellite-based aerosol optical depth (AOD) models, land-use regression, or chemical transport model simulation, all with both strengths and weaknesses. Variables like normalized difference vegetation index (NDVI), surface reflectance, absorbing aerosol index, and meteoroidal fields are also informative about PM2.5 concentrations. Our objective is to establish a hybrid model which incorporates multiple approaches and input variables to improve model performance. To account for complex atmospheric mechanisms, we used a neural network for its capacity to model nonlinearity and interactions. We used convolutional layers, which aggregate neighboring information, into a neural network to account for spatial and temporal autocorrelation. We trained the neural network for the continental United States from 2000 to 2012 and tested it with left out monitors. Ten-fold cross-validation revealed a good model performance with a total R(2) of 0.84 on the left out monitors. Regional R(2) could be even higher for the Eastern and Central United States. Model performance was still good at low PM2.5 concentrations. Then, we used the trained neural network to make daily predictions of PM2.5 at 1 km × 1 km grid cells. This model allows epidemiologists to access PM2.5 exposure in both the short-term and the long-term.",10.1021/acs.est.5b06121,B8
response and adaptation of agriculture to climate change evidence from china,Shuai Chen|Binlei Gong,2020,446,NOT Open Access,https://doi.org/10.1016/j.jdeveco.2020.102557,,10.1016/j.jdeveco.2020.102557,B8
impacts of climate change on agriculture evidence from china,Shuai Chen|Xiaoguang Chen|Jintao Xu,2015,435,NOT Open Access,https://doi.org/10.1016/j.jeem.2015.01.005,,10.1016/j.jeem.2015.01.005,B8
productivity growth in world agriculture sources and constraints,Vernon W. Ruttan,2002,403,NOT Open Access,https://doi.org/10.1257/089533002320951028,,10.1257/089533002320951028,B8
a new hybrid spatio temporal model for estimating daily multi year pm2 5 concentrations across northeastern usa using high resolution aerosol optical depth data,Itai Kloog|Alexandra Chudnovsky|Allan C. Just|Francesco Nordio|Petros Koutrakis|Brent A. Coull|Alexei Lyapustin|Yujie Wang|Joel Schwartz,2014,325,Open Access,https://doi.org/10.1016/j.atmosenv.2014.07.014,,10.1016/j.atmosenv.2014.07.014,B8
spatiotemporal prediction of daily ambient ozone levels across china using random forest for human exposure assessment,Yu Zhan|Yuzhou Luo|Xunfei Deng|Michael L. Grieneisen|Minghua Zhang|Baofeng Di,2017,321,NOT Open Access,https://doi.org/10.1016/j.envpol.2017.10.029,,10.1016/j.envpol.2017.10.029,B8
recent climate and air pollution impacts on indian agriculture,Jennifer Burney|V. Ramanathan,2014,319,Open Access,https://doi.org/10.1073/pnas.1317275111,"Recent research on the agricultural impacts of climate change has primarily focused on the roles of temperature and precipitation. These studies show that India has already been negatively affected by recent climate trends. However, anthropogenic climate changes are a result of both global emissions of long-lived greenhouse gases (LLGHGs) and other short-lived climate pollutants (SLCPs). Two potent SLCPs, tropospheric ozone and black carbon, have direct effects on crop yields beyond their indirect effects through climate; emissions of black carbon and ozone precursors have risen dramatically in India over the past three decades. Here, to our knowledge for the first time, we present results of the combined effects of climate change and the direct effects of SLCPs on wheat and rice yields in India from 1980 to 2010. Our statistical model suggests that, averaged over India, yields in 2010 were up to 36% lower for wheat than they otherwise would have been, absent climate and pollutant emissions trends, with some densely populated states experiencing 50% relative yield losses. [Our point estimates for rice (-20%) are similarly large, but not statistically significant.] Upper-bound estimates suggest that an overwhelming fraction (90%) of these losses is due to the direct effects of SLCPs. Gains from addressing regional air pollution could thus counter expected future yield losses resulting from direct climate change effects of LLGHGs.",10.1073/pnas.1317275111,B8
ozone pollution threatens the production of major staple crops in east asia,Zhaozhong Feng|Yansen Xu|Kazuhiko Kobayashi|Lulu Dai|Tianyi Zhang|Evgenios Agathokleous|Vicent Calatayud|Elena Paoletti|Arideep Mukherjee|Madhoolika Agrawal|Rokjin J. Park|Yujin J. Oak|Xu Yue,2022,319,Open Access,https://doi.org/10.1038/s43016-021-00422-6,,10.1038/s43016-021-00422-6,B8
all cause mortality risk associated with long term exposure to ambient pm2 5 in china a cohort study,Tiantian Li|Yi Zhang|Jiaonan Wang|Dandan Xu|Zhaoxue Yin|Huashuai Chen|Yuebin Lv|Jiesi Luo|Yi Zeng|Yang Liu|Patrick L. Kinney|Xiaoming Shi,2018,307,Open Access,https://doi.org/10.1016/s2468-2667(18)30144-0,"Background Evidence from cohort studies in North America and Europe indicates that long-term exposure to fine particulate matter (PM 2·5 ) is associated with an increased mortality risk. However, this association has rarely been quantified at higher ambient concentrations. We estimated the hazard ratio (HR) for all-cause mortality from long-term exposure to PM 2·5 in a well established Chinese cohort of older adults. Methods The Chinese Longitudinal Healthy Longevity Survey (CLHLS) is a prospective cohort study of men and women aged 65 years and older enrolled in 2008 and followed up through 2014 for mortality events. We studied individuals for whom residential locations were available in 2008 for linkage to 1 km grids of PM 2·5 concentrations, derived from satellite remote sensing. Cox proportional hazards models were used to estimate the effect of long-term exposure to PM 2·5 on all-cause mortality, controlling for age, sex, smoking status, drinking status, physical activity, body-mass index, household income, marital status, and education. We then used our results to estimate premature mortality related to PM 2·5 exposure in the population aged 65 years and older in China in 2010. Findings 13 344 individuals in the CLHLS cohort had data for all timepoints, yielding follow-up data for 49 440 person-years. In a 3-year window, these individuals were exposed to a median PM 2·5 concentration of 50·7 μg/m 3 (range 6·7–113·3). The overall HR for a 10 μg/m 3 increase in this value was 1·08 (95% CI 1·06–1·09). In stratified analyses, HRs were higher in rural than in urban locations, in southern versus northern regions, and with exposure to lower versus higher PM 2·5 concentrations. Based on the overall HR, we estimated that 1 765 820 people aged 65 years and older in China in 2010 had premature mortality related to PM 2·5 exposure. Interpretation Long-term exposure to PM 2·5 is associated with an increased risk of all-cause mortality among adults aged 65 years and older in China, but the magnitude of the risk declines as the concentration of PM 2·5 increases. Funding National Natural Science Foundation of China, National High-Level Talents Special Support Plan of China for Young Talents, US National Aeronautics and Space Administration, and the Columbia University Global Policy Initiative.",10.1016/s2468-2667(18)30144-0,B8
estimating long term pm2 5 concentrations in china using satellite based aerosol optical depth and a chemical transport model,Guannan Geng|Qiang Zhang|Randall V. Martin|Aaron van Donkelaar|Hong Huo|Huizheng Che|Jintai Lin|Kebin He,2015,286,NOT Open Access,https://doi.org/10.1016/j.rse.2015.05.016,,10.1016/j.rse.2015.05.016,B8
impacts of ozone on trees and crops,B. S. Felzer|Timothy W. Cronin|John M. Reilly|Jerry M. Melillo|Xiaodong Wang,2007,258,NOT Open Access,https://doi.org/10.1016/j.crte.2007.08.008,,10.1016/j.crte.2007.08.008,B8
spatiotemporal distributions of surface ozone levels in china from 2005 to 2017 a machine learning approach,Riyang Liu|Zongwei Ma|Yang Liu|Yanchuan Shao|Wei Zhao|Jun Bi,2020,256,Open Access,https://doi.org/10.1016/j.envint.2020.105823,"In recent years, ground-level ozone has become a severe ambient pollutant in major urban areas of China, which has adverse impacts on population health. However, in-situ measurements of the ozone concentration before 2013 in China are quite scarce, which cannot facilitate the assessment of the long-term trends and effects of ozone pollution. In this study, we used daily maximum 8-hour average (MDA8) ozone observations from 2013 to 2017 combined with concurrent ozone retrievals, aerosol reanalysis, meteorological parameters, and land-use data to establish a nationwide MDA8 prediction model based on the eXtreme Gradient Boosting (XGBoost) algorithm. The model achieves high prediction accuracy compared with other studies, with R2 values for the by-year, site-based, and sample-based cross-validation (CV) schemes of 0.61, 0.64, and 0.78, respectively, at the daily level. External testing with regional measurements from 2005 to 2012 and nationwide data in 2018 have shown that the model is robust and reliable for historical data prediction, with external model testing R2 values ranging from 0.60 to 0.87 at the month level in different years. Using the final estimator, we obtained nationwide monthly mean ozone concentrations from 2005 to 2012 and daily MDA8 ozone concentrations from 2013 to 2017 at a resolution of 0.1° × 0.1°. According to the average number of days exceeding the standard and the average of the 90th percentile of the MDA8 ozone concentrations, the Beijing-Tianjin-Hebei (BTH), the Yangtze River Delta, the Pearl River Delta, the Jianghan Plain, the Sichuan Basin, and the Northeast Plain regions were identified as pollution hotspots. During the research period, the overall ozone levels fluctuated slightly, and their trends were not spatially continuous. There was a significant increasing trend in the BTH region by 1.37 (95% CI: 0.46,2.29) μg/m3/year between 2013 and 2017. In 2017, 26.24% of the population lived in areas exceeding the Chinese grade II national air quality standard, which shows that ozone pollution has posed an obvious threat to population health in China. Our products will provide reliable support for future long-term nationwide health impact studies and policy-making for pollution control and prevention.",10.1016/j.envint.2020.105823,B8
an analysis of ozone damage to historical maize and soybean yields in the united states,Justin M. McGrath|Amy M. Betzelberger|Shaowen Wang|Eric Shook|Xin-Guang Zhu|Stephen P. Long|Elizabeth A. Ainsworth,2015,219,Open Access,https://doi.org/10.1073/pnas.1509777112,"Numerous controlled experiments find that elevated ground-level ozone concentrations ([O3]) damage crops and reduce yield. There have been no estimates of the actual yield losses in the field in the United States from [O3], even though such estimates would be valuable for projections of future food production and for cost-benefit analyses of reducing ground-level [O3]. Regression analysis of historical yield, climate, and [O3] data for the United States were used to determine the loss of production due to O3 for maize (Zea mays) and soybean (Glycine max) from 1980 to 2011, showing that over that period production of rain-fed fields of soybean and maize were reduced by roughly 5% and 10%, respectively, costing approximately $9 billion annually. Maize, thought to be inherently resistant to O3, was at least as sensitive as soybean to O3 damage. Overcoming this yield loss with improved emission controls or more tolerant germplasm could substantially increase world food and feed supply at a time when a global yield jump is urgently needed.",10.1073/pnas.1509777112,B8
ground level ozone in china distribution and effects on crop yields,Xiaoke Wang|William J. Manning|Zongwei Feng|Yong‐Guan Zhu,2006,195,NOT Open Access,https://doi.org/10.1016/j.envpol.2006.05.006,,10.1016/j.envpol.2006.05.006,B8
health impacts of long term ozone exposure in china over 2013 2017,Yuanlin Wang|Oliver Wild|Xueshun Chen|Qizhong Wu|Meng Gao|Huan‐Sheng Chen|一朗 漆崎|Zifa Wang,2020,171,Open Access,https://doi.org/10.1016/j.envint.2020.106030,"Increasing ozone concentrations are becoming a severe problem for air pollution in China and have an adverse impact on human health. Here we evaluate premature deaths attributable to long-term exposure to ambient ozone in China between 2013 and 2017 with an air quality model at 5 km resolution and the latest estimates of the relative risk to health. We use a modified inverse distance weighting method to bias-correct the key model-simulated ozone metrics. We find that on a 5-year average basis there are 186,000 (95% Confidence Interval: 129,000-237,000) respiratory deaths and 125,000 (42,000-204,000) cardiovascular deaths attributable to ozone exposure. Sichuan exhibits the largest per capita respiratory mortality (0.31‰) among all provinces. We find that there are 73,000 (51,000-93,000) premature respiratory deaths in urban areas, accounting for 39% of total deaths. Between 2013 and 2017 the population-weighted annual average maximum daily 8-h average ozone (AMDA8) and premature respiratory deaths increased by 14% and 31%, respectively, at a national level. Changes in precursor emissions explain most of these increases, with differences in meteorology accounting for 21% and 16% respectively. Interannual variations in population-weighted ozone and premature respiratory deaths at a provincial level are much larger than those at a national level, particularly in northern, central and eastern China. These findings emphasize that ozone should be an important focus of future air quality policies in China, and tighter controls of precursor emissions are urgently needed.",10.1016/j.envint.2020.106030,B8
impacts of meteorology and emissions on summertime surface ozone increases over central eastern china between 2003 and 2015,Lei Sun|Likun Xue|Yuhang Wang|Longlei Li|Jintai Lin|Ruijing Ni|Yingying Yan|Lulu Chen|Juan Li|Qingzhu Zhang|Wenxing Wang,2019,159,Open Access,https://doi.org/10.5194/acp-19-1455-2019,"Abstract. Recent studies have shown that surface ozone (O3) concentrations over central eastern China (CEC) have increased significantly during the past decade. We quantified the effects of changes in meteorological conditions and O3 precursor emissions on surface O3 levels over CEC between July 2003 and July 2015 using the GEOS-Chem model. The simulated monthly mean maximum daily 8 h average O3 concentration (MDA8 O3) in July increased by approximately 13.6 %, from 65.5±7.9 ppbv (2003) to 74.4±8.7 ppbv (2015), comparable to the observed results. The change in meteorology led to an increase in MDA8 O3 of 5.8±3.9 ppbv over the central part of CEC, in contrast to a decrease of about -0.8±3.5 ppbv over the eastern part of the region. In comparison, the MDA8 O3 over the central and eastern parts of CEC increased by 3.5±1.4 and 5.6±1.8 ppbv due to the increased emissions. The increase in averaged O3 in the CEC region resulting from the emission increase (4.0±1.9 ppbv) was higher than that caused by meteorological changes (3.1±4.9 ppbv) relative to the 2003 standard simulation, while the regions with larger O3 increases showed a higher sensitivity to meteorological conditions than to emission changes. Sensitivity tests indicate that increased levels of anthropogenic non-methane volatile organic compounds (NMVOCs) dominate the O3 increase over the eastern part of CEC, and anthropogenic nitrogen oxides (NOx) mainly increase MDA8 O3 over the central and western parts and decrease O3 in a few urban areas in the eastern part. Budget analysis showed that net photochemical production and meteorological conditions (transport in particular) are two important factors that influence O3 levels over the CEC. The results of this study suggest a need to further assess the effectiveness of control strategies for O3 pollution in the context of regional meteorology and anthropogenic emission changes.",10.5194/acp-19-1455-2019,B8
within season producer response to warmer temperatures defensive investments by kenyan farmers,Maulik Jagnani|Christopher B. Barrett|Yanyan Liu|Liangzhi You,2020,118,NOT Open Access,https://doi.org/10.1093/ej/ueaa063,,10.1093/ej/ueaa063,B8
impacts of ozone and climate change on yields of perennial crops in california,Chaopeng Hong|Nathaniel D. Mueller|Jennifer Burney|Yang Zhang|Amir AghaKouchak|Frances C. Moore|Yue Qin|Dan Tong|Steven J. Davis,2020,117,NOT Open Access,https://doi.org/10.1038/s43016-020-0043-8,,10.1038/s43016-020-0043-8,B8
chasing clean air pollution induced travels in china,Shuai Chen|Yuyu Chen|Ziteng Lei|Jie‐Sheng Tan‐Soo,2020,113,NOT Open Access,https://doi.org/10.1086/711476,,10.1086/711476,B8
climate change cropland adjustments and food security evidence from china,Xiaomeng Cui|Zhong Zheng,2023,108,NOT Open Access,https://doi.org/10.1016/j.jdeveco.2023.103245,,10.1016/j.jdeveco.2023.103245,B8
a random forest approach to estimate daily particulate matter nitrogen dioxide and ozone at fine spatial resolution in sweden,Massimo Stafoggia|Christer Johansson|Paul Glantz|Matteo Renzi|Alexandra Shtein|Kees de Hoogh|Itai Kloog|Marina Davoli|Paola Michelozzi|Tom Bellander,2020,96,Open Access,https://doi.org/10.3390/atmos11030239,"Air pollution is one of the leading causes of mortality worldwide. An accurate assessment of its spatial and temporal distribution is mandatory to conduct epidemiological studies able to estimate long-term (e.g., annual) and short-term (e.g., daily) health effects. While spatiotemporal models for particulate matter (PM) have been developed in several countries, estimates of daily nitrogen dioxide (NO2) and ozone (O3) concentrations at high spatial resolution are lacking, and no such models have been developed in Sweden. We collected data on daily air pollutant concentrations from routine monitoring networks over the period 2005–2016 and matched them with satellite data, dispersion models, meteorological parameters, and land-use variables. We developed a machine-learning approach, the random forest (RF), to estimate daily concentrations of PM10 (PM<10 microns), PM2.5 (PM<2.5 microns), PM2.5–10 (PM between 2.5 and 10 microns), NO2, and O3 for each squared kilometer of Sweden over the period 2005–2016. Our models were able to describe between 64% (PM10) and 78% (O3) of air pollutant variability in held-out observations, and between 37% (NO2) and 61% (O3) in held-out monitors, with no major differences across years and seasons and better performance in larger cities such as Stockholm. These estimates will allow to investigate air pollution effects across the whole of Sweden, including suburban and rural areas, previously neglected by epidemiological investigations.",10.3390/atmos11030239,B8
extreme heat and rural household adaptation evidence from northeast china,Xiaomeng Cui|Qu Tang,2023,76,NOT Open Access,https://doi.org/10.1016/j.jdeveco.2023.103243,,10.1016/j.jdeveco.2023.103243,B8
differentiated agricultural sensitivity and adaptability to rising temperatures across regions and sectors in china,Xiaoguang Chen|Xiaomeng Cui|Jing Gao,2023,59,Open Access,https://doi.org/10.1016/j.jeem.2023.102801,,10.1016/j.jeem.2023.102801,B8
adapting crop production to climate change and air pollution at different scales,Evgenios Agathokleous|Michael Frei|Oliver Knopf|Onno Muller|Yansen Xu|Thuy Huu Nguyen|Thomas Gaiser|Xiaoyu Liu|Bing Liu|Costas J. Saitanis|Bo Shang|Muhammad Shahedul Alam|Yanru Feng|Frank Ewert|Zhaozhong Feng,2023,53,NOT Open Access,https://doi.org/10.1038/s43016-023-00858-y,,10.1038/s43016-023-00858-y,B8
significant reductions in crop yields from air pollution and heat stress in the united states,Xiang Liu|Ankur R. Desai,2021,51,Open Access,https://doi.org/10.1029/2021ef002000,"Abstract The joint exposure of plants to surface ozone, atmospheric aerosols, and heat stress can lead to considerable decreases in crop yields. Surface ozone negatively impacts plant photosynthesis while aerosols can have positive or negative effects from its dual impact on light and temperature. Here, using a statistical model, we show that in the United States, as a result of improvements in air quality, the damages caused by ozone and aerosols have decreased since 1980. Historically, relative yield losses due to ozone were 8.7% and 4.8%, and due to aerosols were 11.3% and 23.2% for maize and soybean, respectively. Maize yields are more sensitive to ozone pollution while soybean yields are more sensitive to aerosol pollution. In future RCP 8.5 scenario, absent significant reductions in emissions or improvements in air quality, maize, and soybean would have on average, 58.5% and 36.9% additional yield reductions, respectively, mainly caused by warming. Future climate warming and fossil fuel combustion driven changes to air pollution may have differing impacts on crop yield and should be jointly considered in any assessment of U.S. food security.",10.1029/2021ef002000,B8
the health care cost of air pollution evidence from the world s largest payment network,Panle Jia Barwick|Shanjun Li|D. C. Rao|Nahim Bin Zahur,2024,31,NOT Open Access,https://doi.org/10.1162/rest_a_01430,,10.1162/rest_a_01430,B8
impacts of ozone on forests a european perspective,L. Skärby|H. Ro‐Poulsen|Florence A. M. Wellburn|Lucy J. Sheppard,1998,245,NOT Open Access,https://doi.org/10.1046/j.1469-8137.1998.00184.x,,10.1046/j.1469-8137.1998.00184.x,B8
development of long term spatiotemporal models for ambient ozone in six metropolitan regions of the united states the mesa air study,Meng Wang|Joshua P. Keller|Sara D. Adar|Sun‐Young Kim|Timothy V. Larson|Casey Olives|Paul D. Sampson|Lianne Sheppard|Adam A. Szpiro|Sverre Vedal|Joel D. Kaufman,2015,48,NOT Open Access,https://doi.org/10.1016/j.atmosenv.2015.10.042,,10.1016/j.atmosenv.2015.10.042,B8
the impacts of surface ozone pollution on winter wheat productivity in china an econometric approach,Fujin Yi|Fei Jiang|Funing Zhong|Xun Bo Zhou|Aijun Ding,2015,44,NOT Open Access,https://doi.org/10.1016/j.envpol.2015.09.052,,10.1016/j.envpol.2015.09.052,B8
the distributional effect of climate change on agriculture evidence from a ricardian quantile analysis of brazilian census data,Guilherme DePaula,2020,39,NOT Open Access,https://doi.org/10.1016/j.jeem.2020.102378,,10.1016/j.jeem.2020.102378,B8
china feels the heat negative impacts of high temperatures on china s rice sector,Xiaoguang Chen|Shuai Chen,2018,31,Open Access,https://doi.org/10.1111/1467-8489.12267,"We analysed a county‐level data set of single‐season rice yield and daily weather outcomes in China to examine the effects of temperature on China's rice sector. We found that rice yield exhibited highly nonlinear responses to temperature changes: rice yield increased with temperature up to 28°C and decreased sharply with higher temperatures. Holding current growing seasons and regions constant, average rice yield in China is projected to decrease by 10–19 per cent by 2050 and 11–33 per cent by 2070 due to future warming under the global climate models HadGEM2‐ES and NorESM1‐M. These results imply that future warming poses a major challenge for Chinese rice farmers and that the effectiveness of adaptations will depend on how well they reduce the negative temperature impacts on rice yield because of very hot days.",10.1111/1467-8489.12267,B8
air pollution weather and agricultural worker productivity,Alexandra Hill|Jesse Burkhardt|Jude Bayham|Katelyn O’Dell|Bonne Ford|Emily V. Fischer|Jeffrey R. Pierce,2023,18,Open Access,https://doi.org/10.1111/ajae.12439,"Abstract Outdoor agricultural workers often work in harsh environmental conditions, including high temperatures and poor air quality. This paper studies how these factors impact worker productivity, which can have implications for worker health, well‐being, and income as well as farm payroll, production, and profitability. Our analysis uses 6 years of payroll records of harvesters on two large farms combined with pollution and weather monitor data from multiple sources. We address simultaneity issues by exploring pollution measurements from nearby upwind and downwind monitors and incorporating an alternative PM2.5measure that better captures ambient or regional concentration. Across all specifications, results suggest that heightened concentrations of ground‐level ozone and PM2.5are associated with reduced productivity. In our main specification, we find that one standard deviation increases in ozone and PM2.5are associated with reductions in productivity of 2% and 1.1%, respectively.",10.1111/ajae.12439,B8
the spatiotemporal pattern of surface ozone and its impact on agricultural productivity in china,Xiaoguang Chen|Jing Gao|Luoye Chen|Madhu Khanna|Binlei Gong|Maximilian Auffhammer,2023,14,Open Access,https://doi.org/10.1093/pnasnexus/pgad435,"Abstract The slowing of agricultural productivity growth globally over the past two decades has brought a new urgency to detect its drivers and potential solutions. We show that air pollution, particularly surface ozone (O3), is strongly associated with declining agricultural total factor productivity (TFP) in China. We employ machine learning algorithms to generate estimates of high-resolution surface O3 concentrations from 2002 to 2019. Results indicate that China's O3 pollution has intensified over this 18-year period. We coupled these O3 estimates with a statistical model to show that rising O3 pollution during nonwinter seasons has reduced agricultural TFP by 18% over the 2002–2015 period. Agricultural TFP is projected to increase by 60% if surface O3 concentrations were reduced to meet the WHO air quality standards. This productivity gain has the potential to counter expected productivity losses from 2°C warming.",10.1093/pnasnexus/pgad435,B8
transport of atmospheric carbon monoxide ozone and hydrocarbons from chinese coast to okinawa island in the western pacific during winter,Shungo Kato,2004,75,NOT Open Access,https://doi.org/10.1016/j.atmosenv.2004.02.049,,10.1016/j.atmosenv.2004.02.049,B8
effect of ambient ozone exposure on lung function in farm workers,Michael Bräuer|J. Anthony Blair|Sverre Vedal,1996,49,NOT Open Access,https://doi.org/10.1164/ajrccm.154.4.8887595,,10.1164/ajrccm.154.4.8887595,B8
surface level ozone and its adverse effects on crops and forests a need for an interdisciplinary understanding,Sagar V. Krupa,2001,1,Open Access,https://doi.org/10.1100/tsw.2001.24,"Surface level ozone (O3) is clearly a global scale problem with regard to its adverse effects on crops, forests and native, terrestrial plant ecosystems. Photochemists and meteorologists are continuing to define the chemistry and physics of the prevalence of O3at the ground level. Similarly, plant scientists in the U.S. and Europe have examined the effects of O3on crops and tree seedlings or saplings through large-scale studies. Examples include the U.S. National Crop Loss Assessment Network (NCLAN), the U.S. EPA’s (Environmental Protection Agency’s) San Bernardino National Forest Photochemical Oxidant Study, European Open-top Chambers Programme (EOTCP), and several ongoing EU (European Union) projects. In addition, there have been studies on mature tree responses through field measurements and by simulation modeling.",10.1100/tsw.2001.24,B8
air pollution and health,Bert Brunekreef|Stephen T. Holgate,2002,4711,Open Access,https://doi.org/10.1016/s0140-6736(02)11274-8,,10.1016/s0140-6736(02)11274-8,B9
epidemiology of fine particulate air pollution and human health biologic mechanisms and who s at risk,C. Arden Pope,2000,938,Open Access,https://doi.org/10.1289/ehp.108-1637679,"This article briefly summarizes the epidemiology of the health effects of fine particulate air pollution, provides an early, somewhat speculative, discussion of the contribution of epidemiology to evaluating biologic mechanisms, and evaluates who's at risk or is susceptible to adverse health effects. Based on preliminary epidemiologic evidence, it is speculated that a systemic response to fine particle-induced pulmonary inflammation, including cytokine release and altered cardiac autonomic function, may be part of the pathophysiologic mechanisms or pathways linking particulate pollution with cardiopulmonary disease. The elderly, infants, and persons with chronic cardiopulmonary disease, influenza, or asthma are most susceptible to mortality and serious morbidity effects from short-term acutely elevated exposures. Others are susceptible to less serious health effects such as transient increases in respiratory symptoms, decreased lung function, or other physiologic changes. Chronic exposure studies suggest relatively broad susceptibility to cumulative effects of long-term repeated exposure to fine particulate pollution, resulting in substantive estimates of population average loss of life expectancy in highly polluted environments. Additional knowledge is needed about the specific pollutants or mix of pollutants responsible for the adverse health effects and the biologic mechanisms involved.",10.1289/ehp.108-1637679,B9
monthly global estimates of fine particulate matter and their uncertainty,Aaron van Donkelaar|Melanie S. Hammer|Liam Bindle|Michael Bräuer|J. R. Brook|M. J. Garay|N. Christina Hsu|О. В. Калашникова|Ralph A. Kahn|Colin Lee|R. C. Levy|Alexei Lyapustin|A. M. Sayer|Randall V. Martin,2021,763,Open Access,https://doi.org/10.1021/acs.est.1c05309,"estimates provide precise regional-scale representation, with residual uncertainty inversely proportional to the sample size.",10.1021/acs.est.1c05309,B9
happiness in the air how does a dirty sky affect mental health and subjective well being,Xin Zhang|Xiaobo Zhang|Xi Chen,2017,676,Open Access,https://doi.org/10.1016/j.jeem.2017.04.001,,10.1016/j.jeem.2017.04.001,B9
concentrated ambient air particles induce mild pulmonary inflammation in healthy human volunteers,Andrew J. Ghio|Kim Chong|Robert B. Devlin,2000,548,NOT Open Access,https://doi.org/10.1164/ajrccm.162.3.9911115,,10.1164/ajrccm.162.3.9911115,B9
what should economists know about the current chinese hukou system,Yang Song,2014,425,NOT Open Access,https://doi.org/10.1016/j.chieco.2014.04.012,,10.1016/j.chieco.2014.04.012,B9
the relationship between air pollution emissions and income us data,Richard T. Carson|Yongil Jeon|Donald R. McCubbin,1997,329,NOT Open Access,https://doi.org/10.1017/s1355770x97000235,,10.1017/s1355770x97000235,B9
the winter choke coal fired heating air pollution and mortality in china,Maoyong Fan|Guojun He|Maigeng Zhou,2020,303,NOT Open Access,https://doi.org/10.1016/j.jhealeco.2020.102316,,10.1016/j.jhealeco.2020.102316,B9
air pollution and development in africa impacts on health the economy and human capital,Samantha Fisher|David C. Bellinger|Maureen Cropper|Pushpam Kumar|Agnès Binagwaho|Juliette Biao Koudenoukpo|Yongjoon Park|Gabriella Taghian|Philip J. Landrigan,2021,290,Open Access,https://doi.org/10.1016/s2542-5196(21)00201-1,"Background Africa is undergoing both an environmental and an epidemiological transition. Household air pollution is the predominant form of air pollution, but it is declining, whereas ambient air pollution is increasing. We aimed to quantify how air pollution is affecting health, human capital, and the economy across Africa, with a particular focus on Ethiopia, Ghana, and Rwanda. Methods Data on household and ambient air pollution were from WHO Global Health Observatory, and data on morbidity and mortality were from the 2019 Global Burden of Disease Study. We estimated economic output lost due to air pollution-related disease by country, with use of labour income per worker, adjusted by the probability that a person (of a given age) was working. Losses were expressed in 2019 international dollars and as a proportion of gross domestic product (GDP). We also quantified the contribution of particulate matter (PM) 2·5 pollution to intelligence quotient (IQ) loss in children younger than 10 years, with use of an exposure–response coefficient based on previously published data. Findings Air pollution was responsible for 1·1 million deaths across Africa in 2019. Household air pollution accounted for 697 000 deaths and ambient air pollution for 394 000. Ambient air pollution-related deaths increased from 361 000 in 2015, to 383 000 in 2019, with the greatest increases in the most highly developed countries. The majority of deaths due to ambient air pollution are caused by non-communicable diseases. The loss in economic output in 2019 due to air pollution-related morbidity and mortality was $3·02 billion in Ethiopia (1·16% of GDP), $1·63 billion in Ghana (0·95% of GDP), and $349 million in Rwanda (1·19% of GDP). PM 2·5 pollution was estimated to be responsible for 1·96 billion lost IQ points in African children in 2019. Interpretation Ambient air pollution is increasing across Africa. In the absence of deliberate intervention, it will increase morbidity and mortality, diminish economic productivity, impair human capital formation, and undercut development. Because most African countries are still early in development, they have opportunities to transition rapidly to wind and solar energy, avoiding a reliance on fossil fuel-based economies and minimising pollution. Funding UN Environment Programme.",10.1016/s2542-5196(21)00201-1,B9
brain drain the impact of air pollution on firm performance,Shuyu Xue|Bohui Zhang|Xiaofeng Zhao,2021,202,NOT Open Access,https://doi.org/10.1016/j.jeem.2021.102546,,10.1016/j.jeem.2021.102546,B9
long term impact of trade liberalization on human capital formation,Jie Li|Yi Lu|Hong Song|Huihua Xie,2019,94,NOT Open Access,https://doi.org/10.1016/j.jce.2019.08.002,,10.1016/j.jce.2019.08.002,B9
air pollution and brain drain evidence from college graduates in china,Wangyang Lai|Hong Song|Chang Wang|Huanhuan Wang,2021,80,NOT Open Access,https://doi.org/10.1016/j.chieco.2021.101624,,10.1016/j.chieco.2021.101624,B9
air pollution stock returns and trading activities in china,Qinqin Wu|Ying Hao|Jing Lu,2018,77,Open Access,https://doi.org/10.1016/j.pacfin.2018.08.018,,10.1016/j.pacfin.2018.08.018,B9
natural gas flaring respiratory health and distributional effects,Wesley Blundell|Anatolii Kokoza,2022,52,NOT Open Access,https://doi.org/10.1016/j.jpubeco.2022.104601,,10.1016/j.jpubeco.2022.104601,B9
the impact of covid 19 on employment and income of vocational graduates in china evidence from surveys in january and july 2020,Xiao Liang|Scott Rozelle|Hongmei Yi,2022,51,Open Access,https://doi.org/10.1016/j.chieco.2022.101832,,10.1016/j.chieco.2022.101832,B9
impact of air pollution on labor productivity evidence from prison factory data,Shuai Chen|Dandan Zhang,2021,44,Open Access,https://doi.org/10.1016/j.ceqi.2021.04.004,"This study examined the causal relationship between air pollution and labor productivity, by adopting prison factory data for a perfect measure of labor productivity. To address the endogeneity of air pollution, an instrumental variable strategy was used. The results showed that a 10-unit increase in air pollution index led to a significant decrease in labor productivity by 4%. A nonlinear relationship between air pollution and labor productivity was also suggested, which implied that the extreme air pollution reduced labor productivity heavily. This study emphasized the negative externality of air pollution on labor productivity.",10.1016/j.ceqi.2021.04.004,B9
estimating returns to education in urban china evidence from a natural experiment in schooling reform,Yi Chen|Sheng Jiang|Li‐An Zhou,2019,34,NOT Open Access,https://doi.org/10.1016/j.jce.2019.09.004,,10.1016/j.jce.2019.09.004,B9
labor market outcomes cognitive skills and noncognitive skills in rural china,Paul Glewwe|Yang Song|Xianqiang Zou,2021,33,NOT Open Access,https://doi.org/10.1016/j.jebo.2021.11.021,,10.1016/j.jebo.2021.11.021,B9
the mortality impact of fine particulate matter in china evidence from trade shocks,Yazhen Gong|Shanjun Li|Nicholas Sanders|Guang Shi,2022,33,NOT Open Access,https://doi.org/10.1016/j.jeem.2022.102759,,10.1016/j.jeem.2022.102759,B9
the effect of childhood left behind experience on individual s income evidence from china,Qundi Feng|Qinying He|Chung-Ping A. Loh,2022,12,NOT Open Access,https://doi.org/10.1080/00036846.2022.2042465,,10.1080/00036846.2022.2042465,B9
economic vulnerability among low educated europeans,Maurice Gesthuizen|Peer Scheepers,2010,47,Open Access,https://doi.org/10.1177/0001699310374491,"In this article, we pose the question: To what extent does a lack of individual resources and of access to high quality resources in one’s core social network explain why low-educated people are likely to experience economic vulnerability? Additionally, we explain cross-national differences in the risk that the low-educated run in terms of economic vulnerability. Multi-level models estimated for 22 countries of the European Social Survey show that a lack of labour market success and partner’s resources explain why the low-educated are likely to suffer from economic vulnerability. Next, we find a number of determinants to explain why the low-educated are better off in some countries than in others, i.e. cross-national variation in access of the low-educated group to high quality social resources, beliefs about the productivity of the group as a whole, structural labour market conditions and welfare state arrangements. In so far as welfare states can influence the contexts in which their (low-educated) citizens live, to a great extent they can also reduce economic vulnerability among the low-educated.",10.1177/0001699310374491,B9
the changing texture of the city size wage differential in chinese cities effects of skill and identity,Liqun Pan|Pundarik Mukhopadhaya|Jing Li,2018,11,NOT Open Access,https://doi.org/10.1016/j.chieco.2018.09.008,,10.1016/j.chieco.2018.09.008,B9
top incomes and income polarisation in china,Chen Zhang|Yangcheng Yu|Qinghai Li,2022,6,NOT Open Access,https://doi.org/10.1016/j.chieco.2022.101912,,10.1016/j.chieco.2022.101912,B9
changing trends in china s inequality evidence analysis and prospects,Yitian Ren,2020,21,Open Access,https://doi.org/10.1080/15387216.2020.1860786,"The edited book, Changing trends in China’s inequality: Evidence, Analysis, and Prospects is a comprehensive, evidence-based, systematic study of various issues of the evolving inequality in China....",10.1080/15387216.2020.1860786,B9
just above the exam cutoff score elite college admission and wages in china,Ruixue Jia|Hongbin Li,2021,6,Open Access,https://doi.org/10.2139/ssrn.3781337,,10.2139/ssrn.3781337,B9
unobservable selection and coefficient stability theory and evidence,Emily Oster,2016,5238,Open Access,https://doi.org/10.1080/07350015.2016.1227711,"A common approach to evaluating robustness to omitted variable bias is to observe coefficient movements after inclusion of controls. This is informative only if selection on observables is informative about selection on unobservables. Although this link is known in theory in existing literature, very few empirical articles approach this formally. I develop an extension of the theory that connects bias explicitly to coefficient stability. I show that it is necessary to take into account coefficient and R-squared movements. I develop a formal bounding argument. I show two validation exercises and discuss application to the economics literature. Supplementary materials for this article are available online.",10.1080/07350015.2016.1227711,B10
selection on observed and unobserved variables assessing the effectiveness of catholic schools,Joseph G. Altonji|Todd E. Elder|Christopher Taber,2005,3771,NOT Open Access,https://doi.org/10.1086/426036,,10.1086/426036,B10
the o ring theory of economic development,Michael Kremer,1993,1661,NOT Open Access,https://doi.org/10.2307/2118400,,10.2307/2118400,B10
why do management practices differ across firms and countries,Nicholas Bloom|John Van Reenen,2010,1511,Open Access,https://doi.org/10.1257/jep.24.1.203,"Economists have long puzzled over the astounding differences in productivity between firms and countries. In this paper, we present evidence on a possible explanation for persistent differences in productivity at the firm and the national level—namely, that such differences largely reflect variations in management practices. We have, over the last decade, undertaken a large survey research program to systematically measure management practices across firms, industries, and countries. Our survey approach focuses on aspects of management like systematic performance monitoring, setting appropriate targets, and providing incentives for good performance. We explain how we measure management; identify some basic patterns in our data; then turn to the question of why management practices vary so much across firms and nations. What we find is a combination of imperfectly competitive markets, family ownership of firms, regulations restricting management practices, and informational barriers allow bad management to persist.",10.1257/jep.24.1.203,B10
authority control and the distribution of earnings,Sherwin Rosen,1982,1253,NOT Open Access,https://doi.org/10.2307/3003456,,10.2307/3003456,B10
temperature and the allocation of time implications for climate change,Joshua Graff Zivin|Matthew Neidell,2013,1019,NOT Open Access,https://doi.org/10.1086/671766,,10.1086/671766,B10
corporate governance and green innovation,Mario Daniele Amore|Morten Bennedsen,2015,918,NOT Open Access,https://doi.org/10.1016/j.jeem.2015.11.003,,10.1016/j.jeem.2015.11.003,B10
respiratory effects of exposure to diesel traffic in persons with asthma,James McCreanor|Paul Cullinan|Mark Nieuwenhuijsen|James Stewart‐Evans|Eleni Malliarou|Lars Järup|Robert Harrington|Magnus Svartengren|Inkyu Han|Pamela Ohman‐Strickland|Kian Fan Chung|Junfeng Zhang,2007,915,NOT Open Access,https://doi.org/10.1056/nejmoa071535,,10.1056/nejmoa071535,B10
acute inflammatory responses in the airways and peripheral blood after short term exposure to diesel exhaust in healthy human volunteers,Sundeep Salvi|Anders Blomberg|Bertil Rudell|Frank Kelly|Thomas Sandström|Stephen T. Holgate|Anthony J. Frew,1999,914,NOT Open Access,https://doi.org/10.1164/ajrccm.159.3.9709083,,10.1164/ajrccm.159.3.9709083,B10
fine particles and coarse particles concentration relationships relevant to epidemiologic studies,William E. Wilson|Helen Suh,1997,616,Open Access,https://doi.org/10.1080/10473289.1997.10464074,"Fine particles and coarse particles are defined in terms of the modal structure of particle size distributions typically observed in the atmosphere. Differences between the various modes are discussed. The fractions of fine and coarse particles collected in specific size ranges, such as total suspended particulate matter (TSP), PM10, PM2.5, and PM(10-2.5), are shown. Correlations of 24-h concentrations of PM2.5, PM10, and PM(10-2.5) at the same site show that, in Philadelphia and St. Louis, PM2.5 is highly correlated with PM10 but poorly correlated with PM (10-2.5). Among sites distributed across these urban areas, the site-to-site correlations of 24-h PM concentrations are high for PM2.5 but not for PM(10-2.5). This indicates that a PM measurement at a central monitor can serve as a better indicator of the community-wide concentration of fine particles than of coarse particles. The fraction of ambient outdoor particles found suspended indoors is greater for fine particles than for coarse particles because of the difference in indoor lifetimes. Consideration of these relationships leads to the hypothesis that the statistical associations found between daily PM indicators and health outcomes may be the result of variations in the fine particle component of the atmospheric aerosol, not of variations in the coarse component. As a result, epidemiologic studies using PM10 or TSP may provide more useful information on the acute health effects of fine particles than coarse particles. Fine and coarse particles are separate classes of pollutants and should be measured separately in research and epidemiologic studies. PM2.5 and PM(10-2.5) are indicators or surrogates, but not measurements, of fine and coarse particles.",10.1080/10473289.1997.10464074,B10
multiple hypothesis testing in experimental economics,John A. List|Azeem M. Shaikh|Yang Xu,2019,471,NOT Open Access,https://doi.org/10.1007/s10683-018-09597-5,,10.1007/s10683-018-09597-5,B10
social connections and incentives in the workplace evidence from personnel data,Oriana Bandiera|Iwan Barankay|Imran Rasul,2009,416,NOT Open Access,https://doi.org/10.3982/ecta6496,,10.3982/ecta6496,B10
incentives for managers and inequality among workers evidence from a firm level experiment,Oriana Bandiera|Iwan Barankay|Imran Rasul,2007,380,NOT Open Access,https://doi.org/10.1162/qjec.122.2.729,,10.1162/qjec.122.2.729,B10
manufacturing growth and the lives of bangladeshi women,Rachel Heath|Ahmed Mushfiq Mobarak,2015,343,NOT Open Access,https://doi.org/10.1016/j.jdeveco.2015.01.006,,10.1016/j.jdeveco.2015.01.006,B10
time series studies of particulate matter,Michelle L. Bell|Jonathan M. Samet|Francesca Dominici,2004,332,NOT Open Access,https://doi.org/10.1146/annurev.publhealth.25.102802.124329,,10.1146/annurev.publhealth.25.102802.124329,B10
ethnic divisions and production in firms,Jonas Hjort,2014,318,NOT Open Access,https://doi.org/10.1093/qje/qju028,,10.1093/qje/qju028,B10
modern management good for the environment or just hot air,Nicholas Bloom|Christos Genakos|Ralf Martin|Raffaella Sadun,2010,266,Open Access,https://doi.org/10.1111/j.1468-0297.2010.02351.x,We use an innovative methodology to measure management practices in over 300 manufacturing firms in the UK. We then match this management data to production and energy usage information for establishments owned by these firms. We find that establishments in better managed firms are significantly less energy intensive. This effect is quantitatively substantial: going from the 25th to the 75th percentile of management practices is associated with a 17.4% reduction in energy intensity. Better managed firms are also significantly more productive. These results suggest that management practices that are associated with improved productivity are also linked to lower greenhouse gas emissions.,10.1111/j.1468-0297.2010.02351.x,B10
anatomy of a paradox management practices organizational structure and energy efficiency,Ralf Martin|Mirabelle Muûls|Laure de Preux|Ulrich J. Wagner,2011,221,NOT Open Access,https://doi.org/10.1016/j.jeem.2011.08.003,,10.1016/j.jeem.2011.08.003,B10
association of heart rate variability in taxi drivers with marked changes in particulate air pollution in beijing in 2008,Shaowei Wu|Furong Deng|Jie Niu|Qinsheng Huang|You‐Cheng Liu|Xinbiao Guo,2009,209,Open Access,https://doi.org/10.1289/ehp.0900818,"Abstract Background Heart rate variability (HRV), a marker of cardiac autonomic function, has been associated with particulate matter (PM) air pollution, especially in older patients and those with cardiovascular diseases. However, the effect of PM exposure on cardiac autonomic function in young, healthy adults has received less attention. Objectives We evaluated the relationship between exposure to traffic-related PM with an aerodynamic diameter ≤ 2.5 μm (PM2.5) and HRV in a highly exposed panel of taxi drivers. Methods Continuous measurements of personal exposure to PM2.5 and ambulatory electrocardiogram monitoring were conducted on 11 young healthy taxi drivers for a 12-hr work shift during their work time (0900–2100 hr) before, during, and after the Beijing 2008 Olympic Games. Mixed-effects regression models were used to estimate associations between PM2.5 exposure and percent changes in 5-min HRV indices after combining data from the three time periods and controlling for potentially confounding variables. Results Personal exposures of taxi drivers to PM2.5 changed markedly across the three time periods. The standard deviation of normal-to-normal (SDNN) intervals decreased by 2.2% [95% confidence interval (CI), −3.8% to −0.6%] with an interquartile range (IQR; 69.5 μg/m3) increase in the 30-min PM2.5 moving average, whereas the low-frequency and high-frequency powers decreased by 4.2% (95% CI, −9.0% to 0.8%) and 6.2% (95% CI, −10.7% to −1.5%), respectively, in association with an IQR increase in the 2-hr PM2.5 moving average. Conclusions Marked changes in traffic-related PM2.5 exposure were associated with altered cardiac autonomic function in young healthy adults.",10.1289/ehp.0900818,B10
effects on symptoms and lung function in humans experimentally exposed to diesel exhaust,Bertil Rudell|M C Ledin|Ulf Hammarström|N Stjernberg|Bo Lundbäck|Thomas Sandström,1996,157,Open Access,https://doi.org/10.1136/oem.53.10.658,"OBJECTIVES: Diesel exhaust is a common air pollutant made up of several gases, hydrocarbons, and particles. An experimental study was carried out which was designed to evaluate if a particle trap on the tail pipe of an idling diesel engine would reduce effects on symptoms and lung function caused by the diesel exhaust, compared with exposure to unfiltered exhaust. METHODS: Twelve healthy non-smoking volunteers (aged 20-37) were investigated in an exposure chamber for one hour during light work on a bicycle ergometer at 75 W. Each subject underwent three separate double blind exposures in a randomised sequence: to air and to diesel exhaust with the particle trap at the tail pipe and to unfiltered diesel exhaust. Symptoms were recorded according to the Borg scale before, every 10 minutes during, and 30 minutes after the exposure. Lung function was measured with a computerised whole body plethysmograph. RESULTS: The ceramic wall flow particle trap reduced the number of particles by 46%, whereas other compounds were relatively constant. It was shown that the most prominent symptoms during exposure to diesel exhaust were irritation of the eyes and nose and an unpleasant smell increasing during exposure. Both airway resistance (R(aw)) and specific airway resistance (SR(aw)) increased significantly during the exposures to diesel exhaust. Despite the 46% reduction in particle numbers by the trap effects on symptoms and lung function were not significantly attenuated. CONCLUSION: Exposure to diesel exhaust caused symptoms and bronchoconstriction which were not significantly reduced by a particle trap.",10.1136/oem.53.10.658,B10
employer learning productivity and the earnings distribution evidence from performance measures,Lisa Kahn|Frank Thomas Lange,2014,124,NOT Open Access,https://doi.org/10.1093/restud/rdu021,,10.1093/restud/rdu021,B10
consulting and capital experiments with microenterprise tailors in ghana,Dean Karlan|Ryan Knight|Christopher Udry,2015,123,NOT Open Access,https://doi.org/10.1016/j.jebo.2015.04.005,,10.1016/j.jebo.2015.04.005,B10
respiratory and inflammatory responses to short term exposure to traffic related air pollution with and without moderate physical activity,Nadine Kubesch|Audrey de Nazelle|Dane Westerdahl|David Martínez|Glòria Carrasco‐Turigas|Laura Bouso|Stefano Guerra|Mark Nieuwenhuijsen,2014,119,NOT Open Access,https://doi.org/10.1136/oemed-2014-102106,,10.1136/oemed-2014-102106,B10
the cost of air pollution,World Bank,2016,108,Open Access,https://doi.org/10.1596/25013,"The Cost of Air Pollution: Strengthening the economic case for action, a joint study of the World Bank and the Institute for Health Metrics and Evaluation (IHME), seeks to estimate the costs of premature deaths related to air pollution, to strengthen the case for action and facilitate decision making in the context of scarce resources. An estimated 5.5 million lives were lost in 2013 to diseases associated with outdoor and household air pollution, causing human suffering and reducing economic development. Those deaths cost the global economy about US$225 billion in lost labor income in 2013 and more than US$5 trillion in welfare losses, pointing toward the economic burden of air pollution.",10.1596/25013,B10
turbulence firm decentralization and growth in bad times,Philippe Aghion|Nicholas Bloom|Brian Lucking|Raffaella Sadun|John Van Reenen,2020,102,Open Access,https://doi.org/10.1257/app.20180752,"What is the optimal form of firm organization during “bad times”? The greater turbulence following macro shocks may benefit decentralized firms because the value of local information increases (the “localist” view). On the other hand, the need to make tough decisions may favor centralized firms (the “centralist” view). Using two large micro datasets on decentralization in firms in ten OECD countries (WMS) and US establishments (MOPS administrative data), we find that firms that delegated more power from the central headquarters to local plant managers prior to the Great Recession outperformed their centralized counterparts in sectors that were hardest hit by the subsequent crisis (as measured by export growth and product durability). Results based on measures of turbulence based on product churn and stock market volatility provide further support to the localist view. This conclusion is robust to alternative explanations such as managerial fears of bankruptcy and changing coordination costs. Although decentralization will be suboptimal in many environments, it does appear to be beneficial for the average firm during bad times. (JEL D22, G12, G32, G34, L23)",10.1257/app.20180752,B10
smarter task assignment or greater effort the impact of incentives on team performance,Simon Burgess|Carol Propper|Marisa Ratto|Stephanie von Hinke|Emma Tominey,2009,83,NOT Open Access,https://doi.org/10.1111/j.1468-0297.2009.02331.x,,10.1111/j.1468-0297.2009.02331.x,B10
do management interventions last evidence from india,Nicholas Bloom|Aprajit Mahajan|David McKenzie|John Roberts,2020,75,Open Access,https://doi.org/10.1257/app.20180369,"We revisited Indian weaving firms nine years after a randomized experiment that changed their management practices. While about half of the practices adopted in the original experimental plants had been dropped, there was still a large and significant gap in practices between the treatment and control plants, suggesting lasting impacts of effective management interventions. Few practices had spread across the firms in the study, but many had spread within firms. Managerial turnover and the lack of director time were two of the most cited reasons for the drop in management practices, highlighting the importance of key employees. (JEL D22, D24, L67, L84, M11, O14)",10.1257/app.20180369,B10
bronchoalveolar inflammation after exposure to diesel exhaust comparison between unfiltered and particle trap filtered exhaust,Bertil Rudell|Anders Blomberg|Ragnberth Helleday|M C Ledin|Bo Lundbäck|N Stjernberg|Per Hörstedt|T. Sandström,1999,172,Open Access,https://doi.org/10.1136/oem.56.8.527,"OBJECTIVES: Air pollution particulates have been identified as having adverse effects on respiratory health. The present study was undertaken to further clarify the effects of diesel exhaust on bronchoalveolar cells and soluble components in normal healthy subjects. The study was also designed to evaluate whether a ceramic particle trap at the end of the tail pipe, from an idling engine, would reduce indices of airway inflammation. METHODS: The study comprised three exposures in all 10 healthy never smoking subjects; air, diluted diesel exhaust, and diluted diesel exhaust filtered with a ceramic particle trap. The exposures were given for 1 hour in randomised order about 3 weeks apart. The diesel exhaust exposure apperatus has previously been carefully developed and evaluated. Bronchoalveolar lavage was performed 24 hours after exposures and the lavage fluids from the bronchial and bronchoalveolar region were analysed for cells and soluble components. RESULTS: The particle trap reduced the mean steady state number of particles by 50%, but the concentrations of the other measured compounds were almost unchanged. It was found that diesel exhaust caused an increase in neutrophils in airway lavage, together with an adverse influence on the phagocytosis by alveolar macrophages in vitro. Furthermore, the diesel exhaust was found to be able to induce a migration of alveolar macrophages into the airspaces, together with reduction in CD3+CD25+ cells. (CD = cluster of differentiation) The use of the specific ceramic particle trap at the end of the tail pipe was not sufficient to completely abolish these effects when interacting with the exhaust from an idling vehicle. CONCLUSIONS: The current study showed that exposure to diesel exhaust may induce neutrophil and alveolar macrophage recruitment into the airways and suppress alveolar macrophage function. The particle trap did not cause significant reduction of effects induced by diesel exhaust compared with unfiltered diesel exhaust. Further studies are warranted to evaluate more efficient treatment devices to reduce adverse reactions to diesel exhaust in the airways.",10.1136/oem.56.8.527,B10
respiratory changes due to long term exposure to urban levels of air pollution,Marcelo B. Souza|Paulo Hilário Nascimento Saldiva|C. Arden Pope|Vera Luíza Capelozzi,1998,105,NOT Open Access,https://doi.org/10.1378/chest.113.5.1312,,10.1378/chest.113.5.1312,B10
the flat rental puzzle,Sungjin Cho|John Rust,2010,62,NOT Open Access,https://doi.org/10.1111/j.1467-937x.2009.00556.x,,10.1111/j.1467-937x.2009.00556.x,B10
short term exposure to noise fine particulate matter and nitrogen oxides on ambulatory blood pressure a repeated measure study,Li-Te Chang|Kai-Jen Chuang|Wei-Ting Yang|Ven-Shing Wang|Hsiao‐Chi Chuang|Bo‐Ying Bao|Chiu-Shong Liu|Ta-Yuan Chang,2015,55,NOT Open Access,https://doi.org/10.1016/j.envres.2015.06.004,,10.1016/j.envres.2015.06.004,B10
input allocation workforce management and productivity spillovers evidence from personnel data,Francesco Amodio|Miguel Martinez-Carrasco,2018,48,Open Access,https://doi.org/10.1093/restud/rdy010,"This article shows how input heterogeneity triggers productivity spillovers at the workplace. In an egg production plant in rural Peru, workers produce output combining effort with inputs of heterogeneous quality. Exploiting variation in the productivity of inputs assigned to workers, we find evidence of a negative causal effect of an increase in coworkers’ daily output on own output and its quality. We show theoretically and suggest empirically that the effect captures free riding among workers, which originates from the way the management informs its dismissal decisions. Our study and results show that input heterogeneity and information on input quality contribute to determine the shape of incentives and have implications for human resource management, production management, and the interaction between the two. Counterfactual analyses show that processing information on inputs or changing their allocation among workers can generate significant productivity gains.",10.1093/restud/rdy010,B10
the relationship between traffic related air pollutants and cardiac autonomic function in a panel of healthy adults a further analysis with existing data,Shaowei Wu|Furong Deng|Jie Niu|Qinsheng Huang|You‐Cheng Liu|Xinbiao Guo,2011,34,NOT Open Access,https://doi.org/10.3109/08958378.2011.568976,,10.3109/08958378.2011.568976,B10
arterial blood pressure responses to short term exposure to fine and ultrafine particles from indoor sources a randomized sham controlled exposure study of healthy volunteers,Vanessa Soppa|Roel P. F. Schins|Frauke Hennig|Mark Nieuwenhuijsen|Bryan Hellack|Ulrich Quaß|Heinz Kaminski|Birgitta Sasse|Samir Shinnawi|Thomas A. J. Kuhlbusch|Barbara Hoffmann,2017,37,NOT Open Access,https://doi.org/10.1016/j.envres.2017.06.006,,10.1016/j.envres.2017.06.006,B10
traffic pollution and mental efficiency,J.R. Lewis|Alan Baddeley|K. G. BONHAM|D. Lovett,1970,27,NOT Open Access,https://doi.org/10.1038/225095a0,,10.1038/225095a0,B10
a two dimensional interpolation function for irregularly spaced data,Donald S. Shepard,1968,5076,NOT Open Access,https://doi.org/10.1145/800186.810616,,10.1145/800186.810616,B11
air pollution mechanisms of neuroinflammation and cns disease,Michelle L. Block|Lilian Calderón‐Garcidueñas,2009,1663,NOT Open Access,https://doi.org/10.1016/j.tins.2009.05.009,,10.1016/j.tins.2009.05.009,B11
the economic impacts of climate change evidence from agricultural output and random fluctuations in weather comment,Anthony C. Fisher|W. Michael Hanemann|Michael J. Roberts|Wolfram Schlenker,2012,1079,Open Access,https://doi.org/10.1257/aer.102.7.3749,"In a series of studies employing a variety of approaches, we have found that the potential impact of climate change on US agriculture is likely negative. Deschênes and Greenstone (2007) report dramatically different results based on regressions of agricultural profits and yields on weather variables. The divergence is explained by (1) missing and incorrect weather and climate data in their study; (2) their use of older climate change projections rather than the more recent and less optimistic projections from the Fourth Assessment Report; and (3) difficulties in their profit measure due to the confounding effects of storage.",10.1257/aer.102.7.3749,B11
mixing depths wind speeds and air pollution potential for selected locations in the united states,George C. Holzworth,1967,359,NOT Open Access,https://doi.org/10.1175/1520-0450(1967)006<1039:mdwsaa>2.0.co;2,,10.1175/1520-0450(1967)006<1039:mdwsaa>2.0.co;2,B11
temperature and decisions evidence from 207 000 court cases,Anthony Heyes|Soodeh Saberian,2019,193,Open Access,https://doi.org/10.1257/app.20170223,"We analyze the impact of outdoor temperature on high-stakes decisions (immigration adjudications) made by professional decision-makers (US immigration judges). In our preferred specification, which includes spatial, temporal, and judge fixed effects, and controls for various potential confounders, a 10°F degree increase in case-day temperature reduces decisions favorable to the applicant by 6.55 percent. This is despite judgements being made indoors, “protected ” by climate control. Results are consistent with established links from temperature to mood and risk appetite and have important implications for evaluating the influence of climate on “cognitive output.” (JEL K37, K41, Q54)",10.1257/app.20170223,B11
pollution models and inverse distance weighting some critical remarks,Louis de Mesnard,2012,129,NOT Open Access,https://doi.org/10.1016/j.cageo.2012.11.002,,10.1016/j.cageo.2012.11.002,B11
inflammation and lithium clues to mechanisms contributing to suicide linked traits,Eléonore Beurel|Richard S. Jope,2014,94,Open Access,https://doi.org/10.1038/tp.2014.129,"Suicide is one of the leading causes of death in the United States, yet it remains difficult to understand the mechanistic provocations and to intervene therapeutically. Stress is recognized as a frequent precursor to suicide. Psychological stress is well established to cause activation of the inflammatory response, including causing neuroinflammation, an increase of inflammatory molecules in the central nervous system (CNS). Neuroinflammation is increasingly recognized as affecting many aspects of CNS functions and behaviors. In particular, much evidence demonstrates that inflammatory markers are elevated in traits that have been linked to suicidal behavior, including aggression, impulsivity and depression. Lithium is recognized as significantly reducing suicidal behavior, is anti-inflammatory and diminishes aggression, impulsivity and depression traits, each of which is associated with elevated inflammation. The anti-inflammatory effects of lithium result from its inhibition of glycogen synthase kinase-3 (GSK3). GSK3 has been demonstrated to strongly promote inflammation, aggressive behavior in rodents and depression-like behaviors in rodents, whereas regulation of impulsivity by GSK3 has not yet been investigated. Altogether, evidence is building supporting the hypothesis that stress activates GSK3, which in turn promotes inflammation, and that inflammation is linked to behaviors associated with suicide, including particularly aggression, impulsivity and depression. Further investigation of these links may provide a clearer understanding of the causes of suicidal behavior and provide leads for the development of effective preventative interventions, which may include inhibitors of GSK3.",10.1038/tp.2014.129,B11
air pollution forecast in cities by an air pollution index highly correlated with meteorological variables,E. Cogliani,2001,119,NOT Open Access,https://doi.org/10.1016/s1352-2310(01)00071-1,,10.1016/s1352-2310(01)00071-1,B11
medium and long term consequences of pollution on labor supply evidence from indonesia,Younoh Kim|James Manley|Vlad Radoias,2017,52,Open Access,https://doi.org/10.1186/s40172-017-0055-2,"Abstract We use a natural experiment in Indonesia to study the medium- and long-term effects of air pollution on labor supply. We find that exposure to air pollution reduces hours worked and while the medium-term effects are larger in magnitude, some effects do persist in the long term. More interestingly, we are able to provide some insight regarding the underlying channels that contribute to the reduced labor supply. Own health seems to be the only responsible channel in the long term, while in the medium term, a different channel based on dependent caregiving is the most important. JEL Classification: J22, Q53",10.1186/s40172-017-0055-2,B11
contribution of nitrogen oxide and sulfur dioxide exposure from power plant emissions on respiratory symptom and disease prevalence,Eric Amster|Maayan Haim|Jonathan Dubnov|David M. Broday,2013,50,NOT Open Access,https://doi.org/10.1016/j.envpol.2013.10.032,,10.1016/j.envpol.2013.10.032,B11
chemical characterization of the indoor air quality of a university hospital penetration of outdoor air pollutants,Paul T.J. Scheepers|Luuk van Wel|Gwendolyn Beckmann|Rob Anzion,2017,39,Open Access,https://doi.org/10.3390/ijerph14050497,"For healthcare centers, local outdoor sources of air pollution represent a potential threat to indoor air quality (IAQ). The aim of this study was to study the impact of local outdoor sources of air pollution on the IAQ of a university hospital. IAQ was characterized at thirteen indoor and two outdoor locations and source samples were collected from a helicopter and an emergency power supply. Volatile organic compounds (VOC), acrolein, formaldehyde, nitrogen dioxide (NO2), respirable particulate matter (PM-4.0 and PM-2.5) and their respective benz(a)pyrene contents were determined over a period of two weeks. Time-weighted average concentrations of NO2 (4.9–17.4 μg/m3) and formaldehyde (2.5–6.4 μg/m3) were similar on all indoor and outdoor locations. The median concentration VOC in indoor air was 119 μg/m3 (range: 33.1–2450 μg/m3) and was fivefold higher in laboratories (316 μg/m3) compared to offices (57.0 μg/m3). PM-4.0 and benzo(a)pyrene concentration were lower in buildings serviced by a >99.95% efficiency particle filter, compared to buildings using a standard 80–90% efficiency filter (p < 0.01). No indications were found that support a significant contribution of known local sources such as fuels or combustion engines to any of the IAQ parameters measured in this study. Chemical IAQ was primarily driven by known indoor sources and activities.",10.3390/ijerph14050497,B11
pollution and politician productivity the effect of pm on mps,Anthony Heyes|Nicholas Rivers|Brandon Schaufele,2019,37,Open Access,https://doi.org/10.3368/le.95.2.157,"Applying methods of textual analysis to all 119,225 speeches made in the Canadian House of Commons between 2006 and 2011, we establish that air pollution reduces the speech quality of Canadian members of parliament (MPs). Exposure to fine particulate matter concentrations exceeding 15 µg/m3 causes a 2.3% reduction in the quality of MPs’ speech (equivalent to a 2.6 month decrease in education). For more difficult communication tasks the decrement in quality is equivalent to the loss of 6.5 months of schooling. Our design accounts for the potential endogeneity of exposure and controls for many potential confounders including individual fixed effects. (JEL Q52, Q53)",10.3368/le.95.2.157,B11
fresh air eases work the effect of air quality on individual investor activity,Steffen Meyer|Michaela Pagel,2017,31,Open Access,https://doi.org/10.3386/w24048,"This paper shows that air quality has a significantly negative effect on the likelihood of individual investors to sit down, log in, and trade in their brokerage accounts controlling for investor-, weather-, traffic-, and market-specific factors. In perspective, a one standard deviation increase in fine particulate matter leads to the same reduction in the probability of logging in and trading as a one standard deviation increase in sunshine. We document this effect for low levels of pollution that are commonly found throughout the developed world. As individual investor trading can be a proxy for everyday cognitively-demanding tasks such as office work, our findings suggest that the negative effects of pollution on white-collar work productivity are much more severe than previously thought. To our knowledge, this is the first study to demonstrate a negative impact of pollution on a measure of white-collar productivity at the individual level in a western country.",10.3386/w24048,B11
crime is in the air the contemporaneous relationship between air pollution and crime,Malvina Bondy|Sefi Roth|Lutz Sager,2018,17,Open Access,https://doi.org/10.2139/ssrn.3170281,,10.2139/ssrn.3170281,B11
i am innocent hourly variations in air pollution and crime behavior,Luis Sarmiento,2020,2,Open Access,https://doi.org/10.2139/ssrn.3639084,,10.2139/ssrn.3639084,B11
rank order tournaments as optimum labor contracts,Edward P. Lazear|Sherwin Rosen,1981,4659,Open Access,https://doi.org/10.1086/261010,"This paper analyzes compensation schemes which pay according to an individual's ordinal rank in an organization rather than his output level. When workers are risk neutral, it is shown that wages based upon rank induce the same efficient allocation of resources as an incentive reward scheme based on individual output levels. Under some circumstances, risk-averse workers actually prefer to be paid on the basis of rank. In addition, if workers are heterogeneous in ability, low-quality workers attempt to contaminate high-quality firms, resulting in adverse selection. However, if ability is known in advance, a competitive handicapping structure exists which allows all workers to compete efficiently in the same organization.",10.1086/261010,B12
drivers of improved pm 2 5 air quality in china from 2013 to 2017,Qiang Zhang|Yixuan Zheng|Dan Tong|Min Shao|Shuxiao Wang|Yuanhang Zhang|Xiangde Xu|Wang Jinnan|Hong He|Wenqing Liu|Yihui Ding|Yu Lei|Junhua Li|Zifa Wang|Xiaoye Zhang|Yuesi Wang|Jing Cheng|Yang Liu|﻿Qinren Shi|Liu Yan|Guannan Geng|Chaopeng Hong|Meng Li|Fei Liu|Bo Zheng|Junji Cao|Aijun Ding|Jian Gao|Qingyan Fu|Juntao Huo|Baoxian Liu|Zirui Liu|Fumo Yang|Kebin He|Jiming Hao,2019,2261,Open Access,https://doi.org/10.1073/pnas.1907956116,"From 2013 to 2017, with the implementation of the toughest-ever clean air policy in China, significant declines in fine particle (PM 2.5 ) concentrations occurred nationwide. Here we estimate the drivers of the improved PM 2.5 air quality and the associated health benefits in China from 2013 to 2017 based on a measure-specific integrated evaluation approach, which combines a bottom-up emission inventory, a chemical transport model, and epidemiological exposure-response functions. The estimated national population–weighted annual mean PM 2.5 concentrations decreased from 61.8 (95%CI: 53.3–70.0) to 42.0 µg/m 3 (95% CI: 35.7–48.6) in 5 y, with dominant contributions from anthropogenic emission abatements. Although interannual meteorological variations could significantly alter PM 2.5 concentrations, the corresponding effects on the 5-y trends were relatively small. The measure-by-measure evaluation indicated that strengthening industrial emission standards (power plants and emission-intensive industrial sectors), upgrades on industrial boilers, phasing out outdated industrial capacities, and promoting clean fuels in the residential sector were major effective measures in reducing PM 2.5 pollution and health burdens. These measures were estimated to contribute to 6.6- (95% CI: 5.9–7.1), 4.4- (95% CI: 3.8–4.9), 2.8- (95% CI: 2.5–3.0), and 2.2- (95% CI: 2.0–2.5) µg/m 3 declines in the national PM 2.5 concentration in 2017, respectively, and further reduced PM 2.5 -attributable excess deaths by 0.37 million (95% CI: 0.35–0.39), or 92% of the total avoided deaths. Our study confirms the effectiveness of China’s recent clean air actions, and the measure-by-measure evaluation provides insights into future clean air policy making in China and in other developing and polluting countries.",10.1073/pnas.1907956116,B12
mix a mosaic asian anthropogenic emission inventory under the international collaboration framework of the mics asia and htap,Meng Li|Qiang Zhang|Junichi Kurokawa|Jung‐Hun Woo|Kebin He|Zifeng Lü|Toshimasa Ohara|Yu Song|David G. Streets|Gregory R. Carmichael|Yafang Cheng|Chaopeng Hong|Hong Huo|Xujia Jiang|Sicong Kang|Fei Liu|Hang Su|Bo Zheng,2017,1672,Open Access,https://doi.org/10.5194/acp-17-935-2017,"Abstract. The MIX inventory is developed for the years 2008 and 2010 to support the Model Inter-Comparison Study for Asia (MICS-Asia) and the Task Force on Hemispheric Transport of Air Pollution (TF HTAP) by a mosaic of up-to-date regional emission inventories. Emissions are estimated for all major anthropogenic sources in 29 countries and regions in Asia. We conducted detailed comparisons of different regional emission inventories and incorporated the best available ones for each region into the mosaic inventory at a uniform spatial and temporal resolution. Emissions are aggregated to five anthropogenic sectors: power, industry, residential, transportation, and agriculture. We estimate the total Asian emissions of 10 species in 2010 as follows: 51.3 Tg SO2, 52.1 Tg NOx, 336.6 Tg CO, 67.0 Tg NMVOC (non-methane volatile organic compounds), 28.8 Tg NH3, 31.7 Tg PM10, 22.7 Tg PM2.5, 3.5 Tg BC, 8.3 Tg OC, and 17.3 Pg CO2. Emissions from China and India dominate the emissions of Asia for most of the species. We also estimated Asian emissions in 2006 using the same methodology of MIX. The relative change rates of Asian emissions for the period of 2006–2010 are estimated as follows: −8.1 % for SO2, +19.2 % for NOx, +3.9 % for CO, +15.5 % for NMVOC, +1.7 % for NH3, −3.4 % for PM10, −1.6 % for PM2.5, +5.5 % for BC, +1.8 % for OC, and +19.9 % for CO2. Model-ready speciated NMVOC emissions for SAPRC-99 and CB05 mechanisms were developed following a profile-assignment approach. Monthly gridded emissions at a spatial resolution of 0.25° × 0.25° are developed and can be accessed from http://www.meicmodel.org/dataset-mix.",10.5194/acp-17-935-2017,B12
co benefits of mitigating global greenhouse gas emissions for future air quality and human health,J. Jason West|Steven J. Smith|Raquel A. Silva|Vaishali Naïk|Yuqiang Zhang|Zachariah Adelman|M. M. Fry|Susan C. Anenberg|Larry W. Horowitz|Jean‐François Lamarque,2013,773,NOT Open Access,https://doi.org/10.1038/nclimate2009,,10.1038/nclimate2009,B12
environment and statecraft the strategy of environmental treaty making,Scott Barrett,2003,668,NOT Open Access,https://doi.org/10.1108/meq.2003.14.5.622.3,,10.1108/meq.2003.14.5.622.3,B12
environmental statistics,Vic Barnett,2003,571,NOT Open Access,https://doi.org/10.1002/0470024747,,10.1002/0470024747,B12
air pollutant emissions from chinese households a major and underappreciated ambient pollution source,Jun Liu|Denise L. Mauzerall|Qi Chen|Qiang Zhang|Yu Song|Wei Peng|Zbigniew Klimont|Xinghua Qiu|Shiqiu Zhang|Min Hu|Weili Lin|Kirk R. Smith|Tong Zhu,2016,524,Open Access,https://doi.org/10.1073/pnas.1604537113,"As part of the 12th Five-Year Plan, the Chinese government has developed air pollution prevention and control plans for key regions with a focus on the power, transport, and industrial sectors. Here, we investigate the contribution of residential emissions to regional air pollution in highly polluted eastern China during the heating season, and find that dramatic improvements in air quality would also result from reduction in residential emissions. We use the Weather Research and Forecasting model coupled with Chemistry to evaluate potential residential emission controls in Beijing and in the Beijing, Tianjin, and Hebei (BTH) region. In January and February 2010, relative to the base case, eliminating residential emissions in Beijing reduced daily average surface PM2.5 (particulate mater with aerodynamic diameter equal or smaller than 2.5 micrometer) concentrations by 14 ± 7 μg⋅m(-3) (22 ± 6% of a baseline concentration of 67 ± 41 μg⋅m(-3); mean ± SD). Eliminating residential emissions in the BTH region reduced concentrations by 28 ± 19 μg⋅m(-3) (40 ± 9% of 67 ± 41 μg⋅m(-3)), 44 ± 27 μg⋅m(-3) (43 ± 10% of 99 ± 54 μg⋅m(-3)), and 25 ± 14 μg⋅m(-3) (35 ± 8% of 70 ± 35 μg⋅m(-3)) in Beijing, Tianjin, and Hebei provinces, respectively. Annually, elimination of residential sources in the BTH region reduced emissions of primary PM2.5 by 32%, compared with 5%, 6%, and 58% achieved by eliminating emissions from the transportation, power, and industry sectors, respectively. We also find air quality in Beijing would benefit substantially from reductions in residential emissions from regional controls in Tianjin and Hebei, indicating the value of policies at the regional level.",10.1073/pnas.1604537113,B12
air pollution lowers chinese urbanites expressed happiness on social media,Siqi Zheng|Jianghao Wang|Cong Sun|Xiaonan Zhang|Matthew E. Kahn,2019,487,NOT Open Access,https://doi.org/10.1038/s41562-018-0521-2,,10.1038/s41562-018-0521-2,B12
heat stress causes substantial labour productivity loss in australia,Kerstin K. Zander|W. J. Wouter Botzen|Elspeth Oppermann|Tord Kjellström|Stephen T. Garnett,2015,462,NOT Open Access,https://doi.org/10.1038/nclimate2623,,10.1038/nclimate2623,B12
mental retirement,Susann Rohwedder|Robert J. Willis,2010,414,Open Access,https://doi.org/10.1257/jep.24.1.119,"Some studies suggest that people can maintain their cognitive abilities through ""mental exercise."" This has not been unequivocally proven. Retirement is associated with a large change in a person's daily routine and environment. In this paper, we propose two mechanisms how retirement may lead to cognitive decline. For many people retirement leads to a less stimulating daily environment. In addition, the prospect of retirement reduces the incentive to engage in mentally stimulating activities on the job. We investigate the effect of retirement on cognition empirically using cross-nationally comparable surveys of older persons in the United States, England, and 11 European countries in 2004. We find that early retirement has a significant negative impact on the cognitive ability of people in their early 60s that is both quantitatively important and causal. Identification is achieved using national pension policies as instruments for endogenous retirement.",10.1257/jep.24.1.119,B12
air pollution and defensive expenditures evidence from particulate filtering facemasks,Junjie Zhang|Quan Mu,2017,385,Open Access,https://doi.org/10.1016/j.jeem.2017.07.006,"Individuals take preventive measures to avoid costly air pollution exposure. This paper provides new empirical evidence of pollution avoidance that Chinese urban residents purchase particulate-filtering facemasks to protect against ambient air pollution. The analysis is conducted with detailed and comprehensive data available on daily facemask purchases and air quality that became available only very recently. We find that this transitory air pollution avoidance behavior exhibits dynamics and nonlinearities, with significant increases of facemask purchases during extreme pollution episodes. The daily model shows that a 100-point increase in Air Quality Index (AQI) increases the consumption of all masks by 54.5 percent and anti-PM2.5 masks by 70.6 percent. The estimates from the aggregated model with flexible pollution levels are used to simulate the benefit of air quality improvement. If 10 percent of heavy pollution days (AQI ≥201) were eliminated, the total savings on facemasks alone would be approximately 187 million USD in China. This result suggests that reducing the occurrence of “airpocalypse” events represents a signifi1cant opportunity to improve social welfare. Nevertheless, our estimates are likely only a small part of the benefit of clean air because facemasks can only partially reduce the negative health effects of air pollution and the costs of other avoidance behaviors are not included.",10.1016/j.jeem.2017.07.006,B12
lawyers political embeddedness and institutional continuity in china s transition from socialism,Ethan Michelson,2007,223,NOT Open Access,https://doi.org/10.1086/518907,,10.1086/518907,B12
financial decision making and cognition in a family context,James P. Smith|John J. McArdle|Robert J. Willis,2010,210,Open Access,https://doi.org/10.1111/j.1468-0297.2010.02394.x,"In this paper, we studied the association of cognitive traits and in particular numeracy of both spouses on financial outcomes of the family. We found significant effects, particularly for numeracy for financial and non-financial respondents alike, but much larger effects for the financial decision maker in the family. We also examined who makes these financial decisions in the family and why. Once again, cognitive traits such as numeracy were an important component of that decision with larger effects of numeracy for husbands compared to wives.",10.1111/j.1468-0297.2010.02394.x,B12
a high resolution air pollutants emission inventory in 2013 for the beijing tianjin hebei region china,Ji Qi|Bo Zheng|Meng Li|Fang Yu|Chuchu Chen|Fei Liu|Xiafei Zhou|Jing Yuan|Qiang Zhang|Kebin He,2017,206,NOT Open Access,https://doi.org/10.1016/j.atmosenv.2017.09.039,,10.1016/j.atmosenv.2017.09.039,B12
impacts of coal burning on ambient pm 2 5 pollution in china,Qiao Ma|Siyi Cai|Shuxiao Wang|Bin Zhao|Randall V. Martin|Michael Bräuer|Aaron Cohen|Jingkun Jiang|Wei Zhou|Jiming Hao|Joseph Frostad|Mohammad H. Forouzanfar|Richard T. Burnett,2017,165,Open Access,https://doi.org/10.5194/acp-17-4477-2017,"Abstract. High concentration of fine particles (PM2.5), the primary concern about air quality in China, is believed to closely relate to China's large consumption of coal. In order to quantitatively identify the contributions of coal combustion in different sectors to ambient PM2. 5, we developed an emission inventory for the year 2013 using up-to-date information on energy consumption and emission controls, and we conducted standard and sensitivity simulations using the chemical transport model GEOS-Chem. According to the simulation, coal combustion contributes 22 µg m−3 (40 %) to the total PM2. 5 concentration at national level (averaged in 74 major cities) and up to 37 µg m−3 (50 %) in the Sichuan Basin. Among major coal-burning sectors, industrial coal burning is the dominant contributor, with a national average contribution of 10 µg m−3 (17 %), followed by coal combustion in power plants and the domestic sector. The national average contribution due to coal combustion is estimated to be 18 µg m−3 (46 %) in summer and 28 µg m−3 (35 %) in winter. While the contribution of domestic coal burning shows an obvious reduction from winter to summer, contributions of coal combustion in power plants and the industrial sector remain at relatively constant levels throughout the year.",10.5194/acp-17-4477-2017,B12
aiming for efficiency rather than proficiency,Derek Neal,2010,163,Open Access,https://doi.org/10.1257/jep.24.3.119,"The No Child Left Behind law is flawed for many reasons, but the most important is that it is built around proficiency targets. Proficiency rates are not useful metrics of school performance because universal proficiency is not a socially efficient goal for principals and teachers. Further, the variation in proficiency rates among schools reflects, in large part, interschool differences in student background characteristics. The designers of accountability systems must move away from systems designed around a one-size-fits-all standard and begin designing systems that organize and promote competition among schools. Well-organized competition among schools is the best vehicle for making sure that schools use public funds efficiently. If education officials pursue this paradigm, they must develop relative performance measures that assess the outcomes of these contests while making reasonable allowance for differences in student populations served by public schools. I will discuss a method for deriving context-specific measures of school performance. A percentile performance index tells public officials how often the students in a particular school or classroom perform better than students in other schools who began the year in similar circumstances with respect to their prior achievements, the compositions of their classmates, and their family backgrounds. This index of relative performance provides the information policymakers need to make preliminary judgments concerning when to reorganize a given school and give a new staff the opportunity to prove they can do better.",10.1257/jep.24.3.119,B12
escaping from pollution the effect of air quality on inter city population mobility in china,Can Cui|Zhen Wang|Pan He|Shanfeng Yuan|Beibei Niu|Ping Kang|Chaogui Kang,2019,77,Open Access,https://doi.org/10.1088/1748-9326/ab5039,"Abstract China faces severe air pollution issues due to the rapid growth of the economy, causing concerns for human physical and mental health as well as behavioral changes. Such adverse impacts can be mediated by individual avoidance behaviors such as traveling from polluted cities to cleaner ones. This study utilizes smartphone-based location data and instrumental variable regression to try and find out how air quality affects population mobility. Our results confirm that air quality does affect the population outflows of cities. An increase of 100 points in the air quality index will cause a 49.60% increase in population outflow, and a rise of 1 μg m−3 in PM2.5 may cause a 0.47% rise in population outflow. Air pollution incidents can drive people to leave their cities 3 days or a week later by railway or road. The effect is heterogeneous among workdays, weekends and holidays. Our results imply that air quality management can be critical for urban tourism and environmental competitiveness.",10.1088/1748-9326/ab5039,B12
how are they paid a study of civil service pay in china,Hon S. Chan|Jun Ma,2011,44,NOT Open Access,https://doi.org/10.1177/0020852311399231,,10.1177/0020852311399231,B12
health co benefits of climate change mitigation policies in the transport sector,Caroline Shaw|Simon Hales|Philippa Howden‐Chapman|Richard Edwards,2014,103,NOT Open Access,https://doi.org/10.1038/nclimate2247,,10.1038/nclimate2247,B12
examining the efficiency of the u s courts of appeals pathologies and prescriptions,Robert K. Christensen|John Szmer,2011,79,NOT Open Access,https://doi.org/10.1016/j.irle.2011.12.004,,10.1016/j.irle.2011.12.004,B12
an empirical study on public service motivation of the next generation civil servants in china,Kilkon Ko|Lulu Han,2013,52,NOT Open Access,https://doi.org/10.1177/0091026013487122,,10.1177/0091026013487122,B12
air filters pollution and student achievement,Michael Gilraine,2023,20,NOT Open Access,https://doi.org/10.3368/jhr.0421-11642r2,,10.3368/jhr.0421-11642r2,B12
pollution health and avoidance behavior evidence from the ports of los angeles,Enrico Moretti|Matthew Neidell,2009,206,Open Access,https://doi.org/10.3386/w14939,"A pervasive problem in the literature on the health costs of pollution is that optimizing individuals may compensate for increases in pollution by reducing their exposure to protect their health. This implies that estimates of the health effects of pollution may vastly understate the full welfare effects of pollution, particularly for individuals most at risk who have the greatest incentive to adopt compensatory behavior. Furthermore, using ambient monitors to approximate individual exposure to pollution may induce considerable measurement error. We overcome these issues by estimating the short run effects of ozone on respiratory related health conditions using daily boat arrivals and departures into the two major ports of Los Angeles as an instrumental variable for ozone levels. While daily variation in boat traffic is a major contributor to local ozone pollution, time-varying pollution due to port activity is arguably a randomly determined event uncorrelated with factors related to health. Instrumental variable estimates are significantly larger than OLS estimates, indicating the importance of accounting for avoidance behavior and measurement error in understanding the full welfare effects from pollution.",10.3386/w14939,B12
mix a mosaic asian anthropogenic emission inventory for the mics asia and the htap projects,Meng Li|Q. Zhang|Jun‐ichi Kurokawa|Jung‐Hun Woo|Kebin He|Zifeng Lü|T. Ohara|Yu Song|David G. Streets|Gregory R. Carmichael|Yafang Cheng|Chaopeng Hong|Hong Huo|Xuguang Jiang|Sicong Kang|Fei Liu|Hang Su|Bo Zheng,2015,118,Open Access,https://doi.org/10.5194/acpd-15-34813-2015,"Abstract. An anthropogenic emission inventory for Asia is developed for the years 2008 and 2010 to support the Model Inter-Comparison Study for Asia (MICS-Asia) and the Task Force on Hemispheric Transport of Air Pollution (TF HTAP) projects by a mosaic of up-to-date regional emission inventories. Emissions are estimated for all major anthropogenic sources in 30 countries and regions in Asia. We conducted detailed comparisons of different regional emission inventories and incorporated the best-available ones for each region into the mosaic inventory at a uniform spatial and temporal resolution. We estimate the total Asian emissions of ten species in 2010 as follows: 51.3 Tg SO2, 52.1 Tg NOx, 336.6 Tg CO, 67.0 Tg NMVOC (non-methane volatile organic compounds), 28.8 Tg NH3, 31.7 Tg PM10, 22.7 Tg PM2.5, 3.5 Tg BC, 8.3 Tg OC and 17.3 Pg CO2. Emissions from China and India dominate the emissions of Asia for most of the species. We also estimated Asian emissions in 2006 using the same methodology of MIX. The relative change rates of Asian emissions for the period of 2006–2010 are estimated as follows: −8.0 % for SO2, +19 % for NOx, +4 % for CO, +15 % for NMVOC, +2 % for NH3, −3 % for PM10, −2 % for PM2.5, +6 % for BC, +2 % for OC and +20 % for CO2. Model-ready speciated NMVOC emissions for SAPRC-99 and CB05 mechanisms were developed following a profile-assignment approach. Monthly gridded emissions at a spatial resolution of 0.25° × 0.25° are developed and can be accessed from http://www.meicmodel.org/dataset-mix.",10.5194/acpd-15-34813-2015,B12
from fog to smog the value of pollution information,Panle Jia Barwick|Shanjun Li|Liguo Lin|Eric Zou,2019,95,Open Access,https://doi.org/10.3386/w26541,"In 2013, China launched a landmark program to monitor air quality and disclose real-time data, significantly increasing the public’s access to and awareness of pollution information. The program triggered cascading behavioral changes such as stronger avoidance of outdoor pollution exposure and increased spending on protective products. These behavioral responses mitigated the mortality impact of air pollution. Conservative estimates indicate that the program’s health benefits outweigh the costs by an order of magnitude. The findings highlight the benefits of improving public access to pollution information in developing countries which often experience severe air pollution but lack pollution data collection and dissemination.",10.3386/w26541,B12
criminal defense in china the politics of lawyers at work,Sida Liu|Terence C. Halliday,2016,49,NOT Open Access,https://doi.org/10.1017/9781316677230,,10.1017/9781316677230,B12
does haze cloud decision making a natural laboratory experiment,Soo Hong Chew|Wei Huang|Xun Li,2018,30,Open Access,https://doi.org/10.2139/ssrn.3102263,,10.2139/ssrn.3102263,B12
destructive behavior judgment and economic decision making under thermal stress,Ingvild Almås|Maximilian Auffhammer|Tessa Bold|Ian Bolliger|Aluma Dembo|Solomon Hsiang|Shuhei Kitamura|Edward Miguel|Robert Pickmans,2019,29,Open Access,https://doi.org/10.3386/w25785,"Accumulating evidence indicates that environmental temperature substantially affects economic outcomes and violence, but the reasons for this linkage are only partially understood. While factors external to human beings (such as agricultural production) are known to respond adversely to high temperatures, extreme temperatures could also directly influence the internal mental processes governing decision-making. We study this by systematically evaluating the effect of thermal stress on multiple dimensions of economic decision-making, judgment, and destructive behavior with 2,000 participants in Kenya and the US who were randomly assigned to different temperatures in a laboratory. We find that heat significantly affects individuals' willingness to voluntarily destroy other participants' assets, with pronounced increases among those experiencing heightened political conflict in Kenya. We find that other major dimensions of economic decision making are largely unaffected by temperature.",10.3386/w25785,B12
age tenure and productivity of the u s supreme court are term limits necessary,Joshua C. Teitelbaum,2006,6,Open Access,,"This paper examines the relationship between the productivity of the U.S. Supreme Court and the age and tenure of the Supreme Court Justices. The motivation for this paper is the Supreme Court Renewal Act of 2005 (SCRA) and other recent proposals to impose term limits for Supreme Court Justices. The authors of the SCRA and others suggest that term limits are necessary because, inter alia, increased longevity and terms of service of the Justices has resulted in a decline in the productivity of the Court as measured by the number of cases accepted for review and the number of opinions issued per term. On the whole, the empirical findings of this paper do not provide clear support for this assertion.",,B12
lung cancer cardiopulmonary mortality and long term exposure to fine particulate air pollution,C. Arden Pope,2002,8593,NOT Open Access,https://doi.org/10.1001/jama.287.9.1132,,10.1001/jama.287.9.1132,B13
long term ozone exposure and mortality,Michael Jerrett|Richard T. Burnett|C. Arden Pope|Kazuhiko Ito|George D. Thurston|Daniel Krewski|Yuanli Shi|Eugenia E. Calle|Michael J. Thun,2009,1657,Open Access,https://doi.org/10.1056/nejmoa0803894,"BACKGROUND: Although many studies have linked elevations in tropospheric ozone to adverse health outcomes, the effect of long-term exposure to ozone on air pollution-related mortality remains uncertain. We examined the potential contribution of exposure to ozone to the risk of death from cardiopulmonary causes and specifically to death from respiratory causes. METHODS: Data from the study cohort of the American Cancer Society Cancer Prevention Study II were correlated with air-pollution data from 96 metropolitan statistical areas in the United States. Data were analyzed from 448,850 subjects, with 118,777 deaths in an 18-year follow-up period. Data on daily maximum ozone concentrations were obtained from April 1 to September 30 for the years 1977 through 2000. Data on concentrations of fine particulate matter (particles that are < or = 2.5 microm in aerodynamic diameter [PM(2.5)]) were obtained for the years 1999 and 2000. Associations between ozone concentrations and the risk of death were evaluated with the use of standard and multilevel Cox regression models. RESULTS: In single-pollutant models, increased concentrations of either PM(2.5) or ozone were significantly associated with an increased risk of death from cardiopulmonary causes. In two-pollutant models, PM(2.5) was associated with the risk of death from cardiovascular causes, whereas ozone was associated with the risk of death from respiratory causes. The estimated relative risk of death from respiratory causes that was associated with an increment in ozone concentration of 10 ppb was 1.040 (95% confidence interval, 1.010 to 1.067). The association of ozone with the risk of death from respiratory causes was insensitive to adjustment for confounders and to the type of statistical model used. CONCLUSIONS: In this large study, we were not able to detect an effect of ozone on the risk of death from cardiovascular causes when the concentration of PM(2.5) was taken into account. We did, however, demonstrate a significant increase in the risk of death from respiratory causes in association with an increase in ozone concentration.",10.1056/nejmoa0803894,B13
multimodel ensemble simulations of present day and near future tropospheric ozone,David S. Stevenson|F. J. Dentener|Martin G. Schultz|Kari E. Ellingsen|Twan van Noije|Oliver Wild|Guang Zeng|Markus Amann|C. S. Atherton|N. Bell|Dan Bergmann|I. Bey|Tim Butler|J. Cofała|W. J. Collins|Richard G. Derwent|R. M. Doherty|J. Drevet|Henk Eskes|Arlene M. Fiore|Michael Gauss|Didier Hauglustaine|Larry W. Horowitz|I. S. A. Isaksen|Maarten Krol|Jean‐François Lamarque|M. G. Lawrence|V. Montanaro|Jean‐François Müller|Giovanni Pitari|Michael J. Prather|J. A. Pyle|Sebastian Rast|J. M. Rodriguez|M. G. Sanderson|Nick Savage|Drew Shindell|S. E. Strahan|Kengo Sudo|Sophie Szopa,2006,1384,Open Access,https://doi.org/10.1029/2005jd006338,"Global tropospheric ozone distributions, budgets, and radiative forcings from an ensemble of 26 state‐of‐the‐art atmospheric chemistry models have been intercompared and synthesized as part of a wider study into both the air quality and climate roles of ozone. Results from three 2030 emissions scenarios, broadly representing “optimistic,” “likely,” and “pessimistic” options, are compared to a base year 2000 simulation. This base case realistically represents the current global distribution of tropospheric ozone. A further set of simulations considers the influence of climate change over the same time period by forcing the central emissions scenario with a surface warming of around 0.7K. The use of a large multimodel ensemble allows us to identify key areas of uncertainty and improves the robustness of the results. Ensemble mean changes in tropospheric ozone burden between 2000 and 2030 for the 3 scenarios range from a 5% decrease, through a 6% increase, to a 15% increase. The intermodel uncertainty (±1 standard deviation) associated with these values is about ±25%. Model outliers have no significant influence on the ensemble mean results. Combining ozone and methane changes, the three scenarios produce radiative forcings of −50, 180, and 300 mW m−2, compared to a CO2 forcing over the same time period of 800–1100 mW m−2. These values indicate the importance of air pollution emissions in short‐ to medium‐term climate forcing and the potential for stringent/lax control measures to improve/worsen future climate forcing. The model sensitivity of ozone to imposed climate change varies between models but modulates zonal mean mixing ratios by ±5 ppbv via a variety of feedback mechanisms, in particular those involving water vapor and stratosphere‐troposphere exchange. This level of climate change also reduces the methane lifetime by around 4%. The ensemble mean year 2000 tropospheric ozone budget indicates chemical production, chemical destruction, dry deposition and stratospheric input fluxes of 5100, 4650, 1000, and 550 Tg(O3) yr−1, respectively. These values are significantly different to the mean budget documented by the Intergovernmental Panel on Climate Change (IPCC) Third Assessment Report (TAR). The mean ozone burden (340 Tg(O3)) is 10% larger than the IPCC TAR estimate, while the mean ozone lifetime (22 days) is 10% shorter. Results from individual models show a correlation between ozone burden and lifetime, and each model's ozone burden and lifetime respond in similar ways across the emissions scenarios. The response to climate change is much less consistent. Models show more variability in the tropics compared to midlatitudes. Some of the most uncertain areas of the models include treatments of deep tropical convection, including lightning NOx production; isoprene emissions from vegetation and isoprene's degradation chemistry; stratosphere‐troposphere exchange; biomass burning; and water vapor concentrations.",10.1029/2005jd006338,B13
review of epidemiological evidence of health effects of particulate air pollution,C. Arden Pope|Douglas W. Dockery|Joel Schwartz,1995,841,NOT Open Access,https://doi.org/10.3109/08958379509014267,,10.3109/08958379509014267,B13
long term inhalable particles and other air pollutants related to mortality in nonsmokers,David E. Abbey|Naomi Nishino|William F. McDonnell|Raoul J. Burchette|Synnøve F. Knutsen|W. Lawrence Beeson|Jie Yang,1999,602,NOT Open Access,https://doi.org/10.1164/ajrccm.159.2.9806020,,10.1164/ajrccm.159.2.9806020,B13
respiratory disease associated with community air pollution and a steel mill utah valley,C. Arden Pope,1989,578,Open Access,https://doi.org/10.2105/ajph.79.5.623,"This study assessed the association between hospital admissions and fine particulate pollution (PM10) in Utah Valley during the period April 1985-February 1988. This time period included the closure and reopening of the local steel mill, the primary source of PM10. An association between elevated PM10 levels and hospital admissions for pneumonia, pleurisy, bronchitis, and asthma was observed. During months when 24-hour PM10 levels exceeded 150 micrograms/m3, average admissions for children nearly tripled; in adults, the increase in admissions was 44 per cent. During months with mean PM10 levels greater than or equal to 50 micrograms/m3 average admissions for children and adults increased by 89 and 47 per cent, respectively. During the winter months when the steel mill was open, PM10 levels were nearly double the levels experienced during the winter months when the mill was closed. This occurred even though relatively stagnant air was experienced during the winter the mill was closed. Children's admissions were two to three times higher during the winters when the mill was open compared to when it was closed. Regression analysis also revealed that PM10 levels were strongly correlated with hospital admissions. They were more strongly correlated with children's admissions than with adult admissions and were more strongly correlated with admissions for bronchitis and asthma than with admissions for pneumonia and pleurisy.",10.2105/ajph.79.5.623,B13
mortality in the london fog incident 1952,W. P. D. Logan,1953,474,NOT Open Access,https://doi.org/10.1016/s0140-6736(53)91012-5,,10.1016/s0140-6736(53)91012-5,B13
air pollution and early deaths in the united states part i quantifying the impact of major sectors in 2005,Fabio Caiazzo|Akshay Ashok|Ian A. Waitz|Steve Hung Lam Yim|Steven R. H. Barrett,2013,410,NOT Open Access,https://doi.org/10.1016/j.atmosenv.2013.05.081,,10.1016/j.atmosenv.2013.05.081,B13
peak performance and age among superathletes track and field swimming baseball tennis and golf,Richard Schulz|C. Curnow,1988,282,NOT Open Access,https://doi.org/10.1093/geronj/43.5.p113,,10.1093/geronj/43.5.p113,B13
the health effects of exercising in air pollution,Luisa V. Giles|Michael S. Koehle,2013,275,NOT Open Access,https://doi.org/10.1007/s40279-013-0108-z,,10.1007/s40279-013-0108-z,B13
information avoidance behavior and health the effect of ozone on asthma hospitalizations,Matthew Neidell,2009,220,Open Access,https://doi.org/10.1353/jhr.2009.0018,"This paper assesses whether responses to information about risk impact estimates of the relationship between ozone and asthma in Southern California. Using a regression discontinuity design, I find smog alerts significantly reduces daily attendance at two major outdoor facilities. Using daily time-series regression models that include year-month and small area fixed effects, I find estimates of the effect of ozone for children and the elderly that include information are significantly larger than estimates that do not. These results are consistent with the hypothesis that individuals take substantial action to reduce exposure to risk; estimates ignoring these actions are severely biased.",10.1353/jhr.2009.0018,B13
the clean air act of 1970 and adult mortality,Kenneth Y. Chay|Carlos Dobkin|Michael Greenstone,2003,164,NOT Open Access,https://doi.org/10.1023/a:1025897327639,,10.1023/a:1025897327639,B13
energy system contribution to 400 metre and 800 metre track running,Rob Duffield|Brian Dawson|Carmél Goodman,2005,151,Open Access,https://doi.org/10.1080/02640410410001730043,"As a wide range of values has been reported for the relative energetics of 400-m and 800-m track running events, this study aimed to quantify the respective aerobic and anaerobic energy contributions to these events during track running. Sixteen trained 400-m (11 males, 5 females) and 11 trained 800-m (9 males, 2 females) athletes participated in this study. The participants performed (on separate days) a laboratory graded exercsie test and multiple race time-trials. The relative energy system contribution was calculated by multiple methods based upon measures of race VO2, accumulated oxygen deficit (AOD), blood lactate and estimated phosphocreatine degradation (lactate/PCr). The aerobic/anaerobic energy system contribution (AOD method) to the 400-m event was calculated as 41/59% (male) and 45/55% (female). For the 800-m event, an increased aerobic involvement was noted with a 60/40% (male) and 70/30% (female) respective contribution. Significant (P < 0.05) negative correlations were noted between race performance and anaerobic energy system involvement (lactate/PCr) for the male 800-m and female 400-m events (r = - 0.77 and - 0.87 respectively). These track running data compare well with previous estimates of the relative energy system contributions to the 400-m and 800-m events. Additionally, the relative importance and speed of interaction of the respective metabolic pathways has implications to training for these events.",10.1080/02640410410001730043,B13
outdoor air pollution ozone health effects,Tze-Ming Chen|Ware G. Kuschner|Janaki Gokhale|Scott Shofer,2007,124,NOT Open Access,https://doi.org/10.1097/maj.0b013e31803b8e8c,,10.1097/maj.0b013e31803b8e8c,B13
ozone exposure and lung function,Stacey Alexeeff|Augusto A. Litonjua|Helen Suh|David Sparrow|Pantel Vokonas|Joel Schwartz,2007,88,NOT Open Access,https://doi.org/10.1378/chest.07-1126,,10.1378/chest.07-1126,B13
environmental toxicants,,2008,86,NOT Open Access,https://doi.org/10.1002/9780470442890,,10.1002/9780470442890,B13
the physiological basis of athletic records,A.V. Hill,1925,83,NOT Open Access,https://doi.org/10.1016/s0140-6736(01)15546-7,,10.1016/s0140-6736(01)15546-7,B13
unattenuated structural and biochemical alterations in the rat lung during functional adaptation to ozone,Jeffrey S. Tepper|Daniel L. Costa|James R. Lehmann|Mary F. Weber|Gary E. Hatch,1989,114,NOT Open Access,https://doi.org/10.1164/ajrccm/140.2.493,,10.1164/ajrccm/140.2.493,B13
effects of age socioeconomic status and menstrual cycle on pulmonary response to ozone,Elston Seal|William F. McDonnell|Dennis E. House,1996,17,NOT Open Access,https://doi.org/10.1080/00039896.1996.9936006,,10.1080/00039896.1996.9936006,B13
adaptation to ozone duration of effect,Steven M. Horvath|Jeffrey A. Gliner|Lawrence J. Folinsbee,1981,112,NOT Open Access,https://doi.org/10.1164/arrd.1981.123.5.496,,10.1164/arrd.1981.123.5.496,B13
adaptation to short term respiratory effects of ozone in men exposed repeatedly,Jack D. Hackney|W S Linn|John G. Mohler|Clarence R. Collier,1977,108,NOT Open Access,https://doi.org/10.1152/jappl.1977.43.1.82,,10.1152/jappl.1977.43.1.82,B13
oxidant air pollution and athletic performance,Walborg S. Wayne,1967,93,NOT Open Access,https://doi.org/10.1001/jama.1967.03120120089015,,10.1001/jama.1967.03120120089015,B13
persistence of adaptation to ozone in volunteers exposed repeatedly for six weeks,William S. Linn|Deborah A. Medway|Ute T. Anzar|Lupe M. Valencia|Charles E. Spier|Frank S.-D. Tsao|D. Armin Fischer|Jack D. Hackney,1982,66,NOT Open Access,https://doi.org/10.1164/arrd.1982.125.5.491,,10.1164/arrd.1982.125.5.491,B13
the global burden of disease from air pollution,Michael Bräuer,2016,14,NOT Open Access,,,,B13
the comparison of the responses of lung function indices to aerobic and anaerobic exercises in polluted air,N Shavandi|Saremi Abas|L Moeini|Mohammad Parastesh|Ghorbani Akbar|rahmat Heydarpour,2010,2,NOT Open Access,,,,B13
skeletal muscle adaptability significance for metabolism and performance,Bengt Saltin|P. D. Gollnick,1983,887,NOT Open Access,https://doi.org/10.1002/cphy.cp100119,,10.1002/cphy.cp100119,B13
digital transformation and environmental sustainability a review and research agenda,A. Karim Feroz|Hangjung Zo|Ananth Chiravuri,2021,680,Open Access,https://doi.org/10.3390/su13031530,"Digital transformation refers to the unprecedented disruptions in society, industry, and organizations stimulated by advances in digital technologies such as artificial intelligence, big data analytics, cloud computing, and the Internet of Things (IoT). Presently, there is a lack of studies to map digital transformation in the environmental sustainability domain. This paper identifies the disruptions driven by digital transformation in the environmental sustainability domain through a systematic literature review. The results present a framework that outlines the transformations in four key areas: pollution control, waste management, sustainable production, and urban sustainability. The transformations in each key area are divided into further sub-categories. This study proposes an agenda for future research in terms of organizational capabilities, performance, and digital transformation strategy regarding environmental sustainability.",10.3390/su13031530,B14
spatial spillover effects of environmental regulations on air pollution evidence from urban agglomerations in china,Tong Feng|Huibin Du|Zhongguo Lin|Jian Zuo,2020,386,NOT Open Access,https://doi.org/10.1016/j.jenvman.2020.110998,,10.1016/j.jenvman.2020.110998,B14
impaired visibility the air pollution people see,Nicole P. Hyslop,2008,358,NOT Open Access,https://doi.org/10.1016/j.atmosenv.2008.09.067,,10.1016/j.atmosenv.2008.09.067,B14
long term effects of pm2 5 on neurological disorders in the american medicare population a longitudinal cohort study,Liuhua Shi|Xiao Wu|Mahdieh Danesh Yazdi|Danielle Braun|Yara Abu Awad|Yaguang Wei|Pengfei Liu|Qian Di|Yun Wang|Joel Schwartz|Francesca Dominici|Marianthi‐Anna Kioumourtzoglou|Antonella Zanobetti,2020,319,Open Access,https://doi.org/10.1016/s2542-5196(20)30227-8,"Background Accumulating evidence links fine particulate matter (PM 2·5 ) to premature mortality, cardiovascular disease, and respiratory disease. However, less is known about the influence of PM 2·5 on neurological disorders. We aimed to investigate the effect of long-term PM 2·5 exposure on development of Parkinson's disease or Alzheimer's disease and related dementias. Methods We did a longitudinal cohort study in which we constructed a population-based nationwide open cohort including all fee-for-service Medicare beneficiaries (aged ≥65 years) in the contiguous United States (2000–16) with no exclusions. We assigned PM 2·5 postal code (ie, ZIP code) concentrations based on mean annual predictions from a high-resolution model. To accommodate our very large dataset, we applied Cox-equivalent Poisson models with parallel computing to estimate hazard ratios (HRs) for first hospital admission for Parkinson's disease or Alzheimer's disease and related dementias, adjusting for potential confounders in the health models. Findings Between Jan 1, 2000, and Dec 31, 2016, of 63 038 019 individuals who were aged 65 years or older during the study period, we identified 1·0 million cases of Parkinson's disease and 3·4 million cases of Alzheimer's disease and related dementias based on primary and secondary diagnosis billing codes. For each 5 μg/m 3 increase in annual PM 2·5 concentrations, the HR was 1·13 (95% CI 1·12–1·14) for first hospital admission for Parkinson's disease and 1·13 (1·12–1·14) for first hospital admission for Alzheimer's disease and related dementias. For both outcomes, there was strong evidence of linearity at PM 2·5 concentrations less than 16 μg/m 3 (95th percentile of the PM 2·5 distribution), followed by a plateaued association with increasingly larger confidence bands. Interpretation We provide evidence that exposure to annual mean PM 2·5 in the USA is significantly associated with an increased hazard of first hospital admission with Parkinson's disease and Alzheimer's disease and related dementias. For the ageing American population, improving air quality to reduce PM 2·5 concentrations to less than current national standards could yield substantial health benefits by reducing the burden of neurological disorders. Funding The Health Effects Institute, The National Institute of Environmental Health Sciences, The National Institute on Aging, and the HERCULES Center.",10.1016/s2542-5196(20)30227-8,B14
the changing global geography of low technology labor intensive industry clothing footwear and furniture,Allen J. Scott,2006,250,NOT Open Access,https://doi.org/10.1016/j.worlddev.2006.01.003,,10.1016/j.worlddev.2006.01.003,B14
covid 19 how much unemployment was caused by the shutdown in germany,Anja Bauer|Enzo Weber,2020,153,Open Access,https://doi.org/10.1080/13504851.2020.1789544,"This paper evaluates the short-term labour market impact of the COVID-19 containment measures in Germany. By assessing the treatment effect on unemployment via difference-in-difference estimation, we find that 60% of the considerably increased inflows from employment into unemployment in April 2020 were due to the shutdown measures. Disentangling further, we find that the hiring margin accounted for additional 82% of the unemployment effect coming from the separations margin. In sum, the shutdown measures increased unemployment in the short run by 117,000 persons.",10.1080/13504851.2020.1789544,B14
digital green value co creation behavior digital green network embedding and digital green innovation performance moderating effects of digital green network fragmentation,Shi Yin|Yudan Zhao,2024,138,Open Access,https://doi.org/10.1057/s41599-024-02691-5,"Abstract In the era of digital economy, digital green value co-creation behavior (DGVCB) has replaced the previous value creation. DGVCB has become a tool for business ecosystems to gain sustainable ecological advantages in today’s increasingly complex market. At present, there are few researches on the influence of DGVCB and digital green network embedding(DGNE) on digital green innovation performance(DGIP). This paper faces the institutional logic of DGVCB, analyzes the mechanism of DGNE and digital green network fragmentation (DGNF) in the context of business ecosystem competition, and then constructs the causal relationship between DGVCB and DGIP. Based on 326 valid questionnaires and sample data, this paper empirically studies the effects of digital green value co-creation and DGNE on DGIP by using regression analysis method, and verifies and discusses the proposed theoretical hypotheses. The results show that DGVCB and DGNE have significant positive effects on the improvement of DGIP. DGNE plays an intermediary role between DGVCB and DGIP. DGNF plays a positive moderating role between DGVCB and DGIP. This study provides theoretical guidance for the governance of business ecosystem and the formulation of cooperation strategies for enterprises.",10.1057/s41599-024-02691-5,B14
preliminary lessons from covid 19 disruptions of small scale fishery supply chains,Hannah R. Bassett|Jacqueline Lau|Christopher Giordano|Sharon Suri|Sahir Advani|Sonia Sharan,2021,132,Open Access,https://doi.org/10.1016/j.worlddev.2021.105473,"The ongoing COVID-19 pandemic and associated mitigation measures have disrupted global systems that support the health, food and nutrition security, and livelihoods of billions of people. These disruptions have likewise affected the small-scale fishery (SSF) sector, disrupting SSF supply chains and exposing weaknesses in the global seafood distribution system. To inform future development of adaptive capacity and resilience in the sector, it is important to understand how supply chain actors are responding in the face of a macroeconomic shock. Comparing across seven SSF case studies in four countries, we explore how actors are responding to COVID-19 disruptions, identify constraints to adaptive responses, and describe patterns of disruption and response across cases. In all cases examined, actors shifted focus to local and regional distribution channels and particularly drew on flexibility, organization, and learning to re-purpose pre-existing networks and use technology to their advantage. Key constraints to reaching domestic consumers included domestic restrictions on movement and labor, reduced spending power amongst domestic consumers, and lack of existing distribution channels. In addition, the lack of recognition of SSFs as essential food-producers and inequities in access to technology hampered efforts to continue local seafood supply. We suggest that the initial impacts from COVID-19 highlight the risks in of over-reliance on global trade networks. The SSFs that were able to change strategies most successfully had local organizations and connections in place that they leveraged in innovative ways. As such, supporting local and domestic networks and flexible organizations within the supply chain may help build resilience in the face of future macroeconomic shocks. Importantly, bolstering financial wellbeing and security within the domestic market both before and during such large-scale disruptions is crucial for supporting ongoing supply chain operations and continued food provision during macroeconomic crises.",10.1016/j.worlddev.2021.105473,B14
the soe premium and government support in china s credit market,Zhe Geng|Jun Pan,2024,128,NOT Open Access,https://doi.org/10.1111/jofi.13380,,10.1111/jofi.13380,B14
an agent based evolutionary system model of the transformation from building material industry bmi to green intelligent bmi under supply chain management,Shi Yin|Yudan Zhao,2024,103,Open Access,https://doi.org/10.1057/s41599-024-02988-5,"Abstract The building materials industry ranks first in terms of carbon emissions and energy consumption within the industrial sector. To achieve the goal of reducing carbon emissions, the development of the green intelligent building materials (GIBMs) industry has become a strategic priority and major demand for the country. Government support plays a vital role in promoting the growth of the GIBMs industry. This paper utilizes evolutionary game theory and Matlab software to analyze the impact of government regulations on the development of the GIBMs industry. The research findings indicate the following. i) Appropriate government control over building materials enterprises is beneficial for the advancement of the GIBMs industry. A balance is necessary, as both excessive control and weak control hinder the industry’s development. ii) Increased financial assistance from the government to enterprises producing GIBMs has a positive influence. This support enables building materials enterprises to overcome technical barriers, drive technological innovation, and encourage construction developers to actively purchase these materials. iii) Stronger government punishment for pollutant emissions by building materials enterprises serves as a catalyst for the production of GIBMs. Stricter penalties motivate these enterprises to adopt more environmentally friendly practices. iv) Moderate to strong government investment in infrastructure has a significant impact. It prompts construction developers to actively choose and purchase GIBMs. In response to government regulations and market demand, building materials enterprises are inclined to produce these environmentally friendly materials. This study emphasizes the importance of government regulations and support in promoting the growth of the GIBMs industry. By implementing appropriate control measures, providing financial assistance, imposing punishments for pollution, and investing in infrastructure, the government can effectively encourage the development of the GIBMs industry. These measures contribute to achieving the double carbon goals and fostering a more sustainable built environment.",10.1057/s41599-024-02988-5,B14
particulate matter induced emerging health effects associated with oxidative stress and inflammation,Eun Yeong Lim|Gun-Dong Kim,2024,97,Open Access,https://doi.org/10.3390/antiox13101256,"Environmental pollution continues to increase with industrial development and has become a threat to human health. Atmospheric particulate matter (PM) was designated as a Group 1 carcinogen by the International Agency for Research on Cancer in 2013 and is an emerging global environmental risk factor that is a major cause of death related to cardiovascular and respiratory diseases. PM is a complex composed of highly reactive organic matter, chemicals, and metal components, which mainly cause excessive production of reactive oxygen species (ROS) that can lead to DNA and cell damage, endoplasmic reticulum stress, inflammatory responses, atherosclerosis, and airway remodeling, contributing to an increased susceptibility to and the exacerbation of various diseases and infections. PM has various effects on human health depending on the particle size, physical and chemical characteristics, source, and exposure period. PM smaller than 5 μm can penetrate and accumulate in the alveoli and circulatory system, causing harmful effects on the respiratory system, cardiovascular system, skin, and brain. In this review, we describe the relationship and mechanism of ROS-mediated cell damage, oxidative stress, and inflammatory responses caused by PM and the health effects on major organs, as well as comprehensively discuss the harmfulness of PM.",10.3390/antiox13101256,B14
is pm1 similar to pm2 5 a new insight into the association of pm1 and pm2 5 with children s lung function,Mo Yang|Yuming Guo|Michael S. Bloom|Shyamali C. Dharmagee|Lídia Morawska|Joachim Heinrich|Bin Jalaludin|Iana Markevychd|Luke D Knibbsf|Shao Lin|Steve Hung Lan|Pasi Jalava|Mika Komppula|Marjut Roponen|Maija‐Riitta Hirvonen|Qi-Hua Guan|Zi-Mian Liang|Hongyao Yu|Li‐Wen Hu|Bo‐Yi Yang|Xiao‐Wen Zeng|Guang‐Hui Dong,2020,87,Open Access,https://doi.org/10.1016/j.envint.2020.106092,"Experimental data suggests that PM1 is more toxic than PM2.5 although the epidemiologic evidence suggests that the health associations are similar. However, few objective exposure data are available to compare the associations of PM1 and PM2.5 with children lung function. Our objectives are a) to evaluate associations between long-term exposure to PM1, PM2.5 and children’s lung function, and b) to compare the associations between PM1 and PM2.5. From 2012 to 2013, we enrolled 6,740 children (7–14 years), randomly recruited from primary and middle schools located in seven cities in northeast China. We measured lung function including forced vital capacity (FVC), forced expiratory volume in 1 s (FEV1), peak expiratory flow (PEF), and maximal mid-expiratory flow (MMEF) utilizing two portable electronic spirometers. We dichotomized continuous lung function measures according the expected values for gender and age. The spatial resolution at which PM1 and PM2.5 estimated were estimated using a machine learning method and the temporal average concentrations were averaged from 2009 to 2012. A multilevel regression model was used to estimate the associations of PM1, PM2.5 exposure and lung function measures, adjusted for confounding factors. Associations with lower lung function were consistently larger for PM1 than for PM2.5. Adjusted odds ratios (OR) per interquartile range greater PM1 ranged from 1.53 for MMEF (95% confidence interval [CI]: 1.20–1.96) to 2.14 for FEV1 (95% CI: 1.66–2.76) and ORs for PM2.5 ranged from 1.36 for MMEF (95%CI: 1.12–1.66) to 1.82 for FEV1 (95%CI: 1.49–2.22), respectively. PM1 and PM2.5 had significant associations with FVC and FEV1 in primary school children, and on PEF and MMEF in middle school children. Long-term PM1 and PM2.5 exposure can lead to decreased lung function in children, and the associations of PM1 are stronger than PM2.5. Therefore, PM1 may be more hazardous to children’s respiratory health than PM2.5 exposure.",10.1016/j.envint.2020.106092,B14
the effect of digital green strategic orientation on digital green innovation performance from the perspective of digital green business model innovation,Shi Yin|Yuanyuan Yu|Nan Zhang,2024,69,Open Access,https://doi.org/10.1177/21582440241261130,"Digital technology is gradually penetrating into all kinds of business of green innovation and green development. However, China’s industrial Internet technology foundation is weak. Scholars’ researches on the impact of digital green strategic orientation (DGSO) on digital green innovation performance (DGIP) and the intermediary role of digital green business model innovation (DGBMI) is relatively backward. Therefore, it is particularly important to divide the dimensions of DGSO from the perspective of DGBMI to describe the mechanism of DGIP. In this study, multiple regression approach was used to test the effect of DGSO on DGIP. The mediating role of DGBMI was explored through 562 questionnaires. In addition, the study divides the DGSO into three dimensions: green market orientation (GMO), digital green technology orientation (DGTO), and government orientation. DGBMI is divided into two dimensions: efficiency type and integration type. The results are as follows. (1) GMO, DGTO and government orientation all have positive effects on the improvement of DGIP. (2) GMO has a greater impact on integration DGBMI (IDGBMI). The influence of DGTO on efficient DGBMI (EDGBMI) is more significant. (3) Government orientation has a positive impact on EDGBMI. The influence of DGSO on DGIP can be realized through the intermediary role of EDGBMI and IDGBMI. The essence of this research is to help enterprises understand the characteristics of internal and external environment and make digital-green strategy-oriented choices to improve their DGIP. This study has a certain theoretical contribution to elucidating the influence of DGSO on DGIP and the mediating role of DGBMI. This study also provides a practical basis for enterprises’ digital green innovation practice based on their own environmental optimization and matching of DGSO to improve competitiveness.",10.1177/21582440241261130,B14
long term exposure to particulate matter on cardiovascular and respiratory diseases in low and middle income countries a systematic review and meta analysis,Juanmei Guo|Guorong Chai|Xuping Song|Hui Xu|Zhihong Li|Xiaowen Feng|Kehu Yang,2023,62,Open Access,https://doi.org/10.3389/fpubh.2023.1134341,"Background Long-term exposure to particulate matter (PM) has essential and profound effects on human health, but most current studies focus on high-income countries. Evidence of the correlations between PM and health effects in low- and middle-income countries (LMICs), especially the risk factor PM1 (particles < 1 μm in size), remains unclear. Objective To explore the effects of long-term exposure to particulate matter on the morbidity and mortality of cardiovascular and respiratory diseases in LMICs. Methods A systematic search was conducted in the PubMed, Web of Science, and Embase databases from inception to May 1, 2022. Cohort studies and case-control studies that examine the effects of PM1, PM2.5, and PM10 on the morbidity and mortality of cardiovascular and respiratory diseases in LMICs were included. Two reviewers independently selected the studies, extracted the data, and assessed the risk of bias. Outcomes were analyzed via a random effects model and are reported as the relative risk (RR) with 95% CI. Results Of the 1,978 studies that were identified, 38 met all the eligibility criteria. The studies indicated that long-term exposure to PM2.5, PM10, and PM1 was associated with cardiovascular and respiratory diseases: (1) Long-term exposure to PM2.5 was associated with an increased risk of cardiovascular morbidity (RR per 1.11 μg/m3, 95% CI: 1.05, 1.17) and mortality (RR per 1.10 μg/m3, 95% CI: 1.06, 1.14) and was significantly associated with respiratory mortality (RR 1.31, 95% CI: 1.25, 1.38) and morbidity (RR 1.08, 95% CI: 1.02, 1.04); (2) An increased risk of respiratory mortality was observed in the elderly (65+ years) (RR 1.21, 95% CI: 1.00, 1.47) with long-term exposure to PM2.5; (3) Long-term exposure to PM10 was associated with cardiovascular morbidity (RR 1.07, 95% CI 1.01, 1.13), respiratory morbidity (RR 1.43, 95% CI: 1.21, 1.69) and respiratory mortality (RR 1.28, 95% CI 1.10, 1.49); (4) A significant association between long-term exposure to PM1 and cardiovascular disease was also observed. Conclusions Long-term exposure to PM2.5, PM10 and PM1 was all related to cardiovascular and respiratory disease events. PM2.5 had a greater effect than PM10, especially on respiratory diseases, and the risk of respiratory mortality was significantly higher for LMICs than high-income countries. More studies are needed to confirm the effect of PM1 on cardiovascular and respiratory diseases.",10.3389/fpubh.2023.1134341,B14
exploring drivers of behavioral willingness to use clean energy to reduce environmental emissions in rural china an extension of the utaut2 model,Shi Yin|Yiran Wang|Yijie Liu|Shuo Wang,2024,62,NOT Open Access,https://doi.org/10.1063/5.0211668,,10.1063/5.0211668,B14
causal effects of air pollution on mental health among adults an exploration of susceptible populations and the role of physical activity based on a longitudinal nationwide cohort in china,Ke Ju|Liyong Lu|Wen Wang|Ting Chen|Chenyu Yang|En Zhang|Zongyou Xu|Shanshan Li|Jiangning Song|Jay Pan|Yuming Guo,2022,36,NOT Open Access,https://doi.org/10.1016/j.envres.2022.114761,,10.1016/j.envres.2022.114761,B14
state owned enterprises as institutional actors a hybrid historical institutionalist and institutional work framework,Olivier Butzbach|Douglas B. Fuller|Gerhard Schnyder|Liudmyla Svystunova,2021,31,Open Access,https://doi.org/10.1017/mor.2021.25,"ABSTRACT Although state-owned enterprises (SOEs) are recognized as important economic actors, the literature to date has assumed close state control over SOEs and, therefore, their passive stance towards institutions. Drawing on the institutional work and historical institutionalism literatures, we challenge this view. We develop a multilevel framework of SOE top management teams’ (TMTs’) embedded agency, spanning the national macro-institutional level, the meso-level of regimes of state-SOE relations, and sector-specific institutions. We then derive propositions regarding the factors across these multiple levels that shape SOE TMTs’ motivation, resources, and scope for institutional work. This framework allows us to explain the leeway for and likelihood of SOE TMTs’ engagement in institutional work across institutional contexts.",10.1017/mor.2021.25,B14
spatial analysis of air pollutants in an industrial city using gis based techniques a case study of pavlodar kazakhstan,Ruslan Sаfarov|Zhanat Shomanova|Yuriy Nossenko|Eldar Kopishev|Zhuldyz Bexeitova|Ruslan Kamatov,2024,18,Open Access,https://doi.org/10.3390/su16177834,"The given research employs high-resolution air quality monitoring and contemporary statistical methods to address gaps in understanding the urban air pollution in Pavlodar, a city with a significant industrial presence and promising touristic potential. Using mobile air quality sensors for detailed spatial data collection, the research aims to quantify concentrations of particulate matter (PM2.5, PM10), carbon monoxide (CO), nitrogen dioxide (NO2), sulfur dioxide (SO2), and ground-level ozone (O3); assess their distribution; and identify key influencing factors. In this study, we employed Geographic Information Systems (GISs) for spatial analysis, integrating multi-level B-spline interpolation to model spatial variability. Correlation analysis and structural equation modeling were utilized to explore the relationships between variables, while regression analysis was conducted to quantify these relationships. These techniques were crucial for accurately mapping and interpreting spatial patterns and their underlying factors. The study identifies PM2.5 and NO2 as the primary contributors to air pollution in Pavlodar, with NO2 exceeding the 24 h threshold in 87.38% of locations and PM2.5 showing the highest individual air quality index (AQI) in 75.7% of cases. Correlation analysis reveals a positive association between PM2.5 and AQI and a negative correlation between NO2 and AQI, likely due to the dominant influence of PM2.5 in AQI calculations. Structural equation modeling (SEM) further underscores PM2.5 as the most significant impactor on AQI, while NO2 shows no significant direct impact. Humidity is positively correlated with AQI, though this relationship is context-specific to seasonal patterns observed in May. The sectoral analysis of landscape indices reveals weak correlations between the green space ratio (GSR) and air quality, indicating that while vegetation reduces pollutants, its impact is minimal due to urban planting density. The road ratio (RR) lacks sufficient statistical evidence to draw conclusions about its effect on air quality, possibly due to the methodology used. Spatial variability in pollutant concentrations is evident, with increasing PM2.5, PM10, and AQI towards the east-northeast, likely influenced by industrial activities and prevailing wind patterns. In contrast, NO2 pollution does not show a clear geographic pattern, indicating vehicular emissions as its primary source. Spatial interpolation highlights pollution hotspots near industrial zones, posing health risks to vulnerable populations. While the city’s overall AQI is considered “moderate”, the study highlights the necessity of implementing measures to improve air quality in Pavlodar. This will not only enhance the city’s attractiveness to tourists but also support its sustainable development as an industrial center.",10.3390/su16177834,B14
the state advances the private sector retreats firm effects of china s great stimulus programme,Anders C. Johansson|Xunan Feng,2015,48,NOT Open Access,https://doi.org/10.1093/cje/bev075,,10.1093/cje/bev075,B14
a study on the dynamic spatial spillover effect of urban form on pm2 5 concentration at county scale in china,Xianglai Mao|Lunche Wang|Xiong Pan|Ming Zhang|Xiaojun Wu|Wei Zhang,2022,45,NOT Open Access,https://doi.org/10.1016/j.atmosres.2022.106046,,10.1016/j.atmosres.2022.106046,B14
the context dependent effect of urban form on air pollution a panel data analysis,Ze Liang|Feili Wei|Yueyao Wang|Jiao Huang|Hong Jiang|Fuyue Sun|Shuangcheng Li,2020,31,Open Access,https://doi.org/10.3390/rs12111793,"There have been debates and a lack of understanding about the complex effects of urban-scale urban form on air pollution. Based on the remotely sensed data of 150 cities in the Beijing-Tianjin-Hebei agglomeration in China from 2000 to 2015, we studied the effects of urban form on fine particulate matter (PM2.5) and nitrogen dioxide (NO2) concentrations from multiple perspectives. The panel models show that the elastic coefficients of aggregation index and fractal dimension are the highest among all factors for the whole region. Population density, aggregation index, and fractal dimension have stronger influences on air pollution in small cities, while area size demonstrates the opposite effect. Population density has a stronger impact on medium/high-elevation cities, while night light intensity (NLI), fractal dimension, and area size show the opposite effect. Low road network density can enlarge the influence magnitude of NLI and population density. The results of the linear regression model with multiplicative interactions provide evidence of interactions between population density and NLI or aggregation index. The slope of the line that captures the relationship between NLI on PM2.5 is positive at low levels of population density, flat at medium levels of population density, and negative at high levels of population density. The study results also show that when increasing the population density, the air pollution in a city with low economic and low morphological aggregation degrees will be impacted more greatly.",10.3390/rs12111793,B14
are there heterogeneous impacts of air pollution on mental health,Qingqing Hu|Yanhong Feng|Mark Xu,2021,26,Open Access,https://doi.org/10.3389/fpubh.2021.780022,"Many studies reveal that air pollution is related to mental health. However, the level of impact and the regulatory mechanism of air pollution on different types of mental health are unknown. This paper examines the heterogeneous impact and mediating mechanisms of air pollution on mental health based on data of 51 countries from 2010 to 2017 by using panel Tobit random effect model, mediating effect model, and bootstrap test. The findings show that, firstly, there is heterogeneous impact of air pollution on different types of mental health. Specifically, air pollution has a significant positive impact on depression; and the impacts on happiness and anxiety are closely related to income level. Secondly, the heterogeneous impact of air pollution on mental health is contingent on income levels. Thirdly, the heterogeneous impacts under different income levels are exacerbated by different levels of education and population density. Lastly, the mediating effect of physical health on different types of mental health is also heterogeneous. To be specific, the effects of air pollution on depression and anxiety are partly mediated by physical health; whereas the effect on happiness is not. These findings contribute to the understanding of air pollution on public health, and have significant implication for social and public health policy makers.",10.3389/fpubh.2021.780022,B14
potential contributions of digital finance to alleviating the low end lock in dilemma for green innovation in enterprises,Xinxin Yu,2024,20,Open Access,https://doi.org/10.1088/2515-7620/ad4261,"Abstract As climate change risks intensify worldwide, green technological innovation by enterprises has become a crucial factor affecting the balance between economic development and ecological governance. This paper utilizes data from Chinese A-share listed companies in heavily polluting industries from 2011 to 2021 to investigate the impact and mechanism of the knowledge spillover effect of enterprise digital finance development on the phenomenon of ‘low-end lock-in’ in green innovation. The study finds that digital finance development significantly promotes green innovation in enterprises, with a more pronounced enhancement in high-end green innovation output, thereby mitigating the phenomenon of ‘low-end lock-in’ in green innovation. Mechanism analysis reveals that the development of digital finance in enterprises facilitates high-end green innovation by alleviating financing constraints and enhancing internal control levels through internal and external governance structures. Heterogeneity tests indicate that the promotion effect of digital finance development on high-end green innovation is more pronounced in samples of state-owned enterprises, large and medium-sized enterprises, and enterprises in central and eastern regions. This paper constructs an index of digital finance development for enterprises through text analysis, providing theoretical support for micro-enterprise research on digital finance development and empirical support for the impact of financial development trends on theories of enterprise green innovation.",10.1088/2515-7620/ad4261,B14
introduction revisiting the role of state owned enterprises in strategic sectors,Maria Vagliasindi|Tito Cordella|Judith Clifton,2022,16,NOT Open Access,https://doi.org/10.1080/17487870.2022.2080409,,10.1080/17487870.2022.2080409,B14
spatial variability of air pollutants in a megacity characterized by mobile measurements,Reza Bashiri Khuzestani|Keren Liao|Ying Liu|Ruqian Miao|Yan Zheng|Xi Cheng|Tianjiao Jia|Xin Li|Shiyi Chen|Guancong Huang|Qi Chen,2022,16,Open Access,https://doi.org/10.5194/acp-22-7389-2022,"Abstract. Characterization of the spatial distributions of air pollutants on an intracity scale is important for understanding local sources, secondary formation, and human exposure. In this study, we conducted in situ mobile measurements for the chemical composition of fine particles, volatile organic compounds (VOCs), oxygenated VOCs (OVOCs), and common gas pollutants in winter in the megacity of Beijing. The spatial patterns of these pollutants under different pollution conditions were investigated. During the non-haze days all pollutants showed significant spatial variability. Large spatial variations of secondary species including OVOCs and secondary aerosol species highlight the chemical heterogeneity. In particular, the inorganic chemical composition of fine particles varied greatly on the 65 km urban highway, suggesting a wide range of particle neutralization in the megacity of Beijing. Localized sources such as vehicle, cooking, and industrial emissions led to hot spots and nonuniform distributions of primary pollutants in the city. The spatial heterogeneity of air pollutants under less polluted conditions calls for a future need of using fine-resolution models to evaluate human exposure and to develop pollution control strategies. During the haze day the spatial variabilities of secondary gaseous and particulate pollutants were largely reduced, explained by both the elevated urban background of the polluted air mass and the enhanced secondary formation by elevated precursor concentrations and heterogeneous or aqueous pathways. Although localized primary emissions were accumulated under stagnant haze conditions, the chemical composition of fine particles became relatively homogeneous because of the predominant secondary contributions. A uniform spatial pattern of particle neutralization was observed. The concentrations of hydrocarbons and less oxygenated OVOCs showed good positive spatiotemporal correlations during the haze day, while the concentrations of more oxygenated OVOCs showed good positive correlations among themselves but moderate negative correlations with the concentrations of hydrocarbons, less oxygenated OVOCs, and aerosol species. Our results indicate a spatial chemical homogeneity on the megacity scale to promote efficient secondary organic aerosol (SOA) production under haze conditions.",10.5194/acp-22-7389-2022,B14
air pollution control and health economic burdens evidence from a megacity in china from 2014 through 2022,Baifeng Zheng|Jiayi Chen|Qiu Zhang,2024,15,NOT Open Access,https://doi.org/10.1016/j.envres.2024.120392,,10.1016/j.envres.2024.120392,B14
uncovering local aggregated air quality index with smartphone captured images leveraging efficient deep convolutional neural network,Joyanta Jyoti Mondal|Md. Farhadul Islam|Raima Islam|Nowsin Kabir Rhidi|S. H. Shah Newaz|Meem Arafat Manab|A. B. M. Alim Al Islam|Jannatun Noor,2024,14,Open Access,https://doi.org/10.1038/s41598-023-51015-1,"The prevalence and mobility of smartphones make these a widely used tool for environmental health research. However, their potential for determining aggregated air quality index (AQI) based on PM2.5 concentration in specific locations remains largely unexplored in the existing literature. In this paper, we thoroughly examine the challenges associated with predicting location-specific PM2.5 concentration using images taken with smartphone cameras. The focus of our study is on Dhaka, the capital of Bangladesh, due to its significant air pollution levels and the large population exposed to it. Our research involves the development of a Deep Convolutional Neural Network (DCNN), which we train using over a thousand outdoor images taken and annotated. These photos are captured at various locations in Dhaka, and their labels are based on PM2.5 concentration data obtained from the local US consulate, calculated using the NowCast algorithm. Through supervised learning, our model establishes a correlation index during training, enhancing its ability to function as a Picture-based Predictor of PM2.5 Concentration (PPPC). This enables the algorithm to calculate an equivalent daily averaged AQI index from a smartphone image. Unlike, popular overly parameterized models, our model shows resource efficiency since it uses fewer parameters. Furthermore, test results indicate that our model outperforms popular models like ViT and INN, as well as popular CNN-based models such as VGG19, ResNet50, and MobileNetV2, in predicting location-specific PM2.5 concentration. Our dataset is the first publicly available collection that includes atmospheric images and corresponding PM2.5 measurements from Dhaka. Our codes and dataset are available at https://github.com/lepotatoguy/aqi .",10.1038/s41598-023-51015-1,B14
advancing nuanced pollution control local improvements and spatial spillovers of policies on key enterprises,Dong Liu|Xiao Li|Haijia Shi|Zuozhi Chen,2024,13,NOT Open Access,https://doi.org/10.1016/j.jenvman.2024.120533,,10.1016/j.jenvman.2024.120533,B14
does air quality improvement promote enterprise productivity increase based on the spatial spillover effect of 242 cities in china,Dong Le|Yusong Li|Fei Ren,2022,12,Open Access,https://doi.org/10.3389/fpubh.2022.1050971,"Introduction: Air pollution not only harms people's health, but also impedes urban economic development. This study aims to analyze how air quality improvement affects enterprise productivity. And then from regional and time heterogeneities' aspects to investigate if the air quality improvement increase enterprise productivity. Methods: The data were obtained from China Industrial Enterprise Database and China Patent Database,and this study used Spatial Durbin Model to analyze how air quality improvement affects enterprise productivity. Results: The results show that: (1) air quality improvement and its spatial spillover effect can significantly increase enterprise productivity in adjacent areas. (2) After 2010, the government implemented more stringent measures to prevent and control air pollution, which made the air quality improvement promote enterprise productivity increase more obviously. The air quality improvement in eastern and central regions was less obvious than in western regions. (3) Air quality improvement can increase enterprise productivity by improving enterprise innovation quality, ensuring the health of urban residents, and increasing the stock of urban human capital. Conclusion: Air quality improvement and its spatial spillover effect can significantly increase enterprise productivity in adjacent areas. So this study puts forward some policy enlightenment, such as establishing an air pollution detection system, using an intelligent network supervision platform, and implementing a coordinated defense and governance system.",10.3389/fpubh.2022.1050971,B14
how does heavy haze weather impact operational efficiency an empirical study of chinese manufacturing firms,Yefei Yang|Ziwei Wang|Ciwei Dong|T.C.E. Cheng,2024,9,NOT Open Access,https://doi.org/10.1016/j.ijpe.2024.109264,,10.1016/j.ijpe.2024.109264,B14
preliminary study on the spread of air borne pollutants in urban environment a cfd simulation approach,Fatma Ahmad|Debjit Majumder|Rabs Ranjit|Aman Gupta|Michael Manhart,2025,8,Open Access,https://doi.org/10.1038/s41598-025-03197-z,"The spreading of pollutants within urban areas, particularly from traffic emissions, poses a significant health risk. Computational Fluid Dynamics (CFD) has emerged as a key tool in understanding how pollutants spread within a city. In particular, the large-eddy simulation (LES) approach allows us to capture the complex time-dependent behaviour of the 3D flow field due to buildings in a dense urban environment. This work utilizes the CFD tool MGLET (Multi Grid Large Eddy Turbulence) to model the transport of pollutants within a selected domain in Munich city. MGLET offers a feature of simulating transport of multiple passive scalar quantities simultaneously. This facilitates the individual analysis of emissions from each major street in the domain of interest, providing detailed insights into their respective impacts. Additionally, MGLET utilizes the Immersed Boundary Method to resolve 3D building geometries, removing the need to generate body-fitted grids, which tends to be highly time-consuming. The streets are defined by area sources, and the emission rates for each street are defined by the average traffic flow rate. This high-fidelity approach offers a detailed analysis, allowing us to identify local features such as recirculation zones in street canyons and pinpoint the streets that contribute most significantly to pollution at specific locations. The insights from CFD studies can empower policymakers to craft legislation tailored to local pollution control efforts, thus enhancing the quality of life in urban areas. Ultimately, the accurate prediction of pollutant concentration is critical, as it directly impacts the health and well-being of urban residents, highlighting the urgent need for effective pollution control measures.",10.1038/s41598-025-03197-z,B14
agglomeration economic and environmental impacts,Junjie Wu,2019,17,NOT Open Access,https://doi.org/10.1146/annurev-resource-100518-094151,,10.1146/annurev-resource-100518-094151,B14
the impact of air pollution on labor supply in china,Mingxuan Fan|Corbett Grainger,2023,17,Open Access,https://doi.org/10.3390/su151713082,"A growing body of literature demonstrates that air pollution has negative impacts on human health, cognitive ability, and labor productivity, but little is known about the effect of chronic air pollution on labor supply decisions. We use restricted-access individual-level panel data from the China Family Panel Survey (CFPS), paired with sub-district level remote-sensing estimates of air pollution, to evaluate the impact of chronic exposure to fine particulate matter (PM2.5) on an individual’s hours worked. We exploit within-individual changes in air pollution, and fixed effects estimates indicate that an increase of 1 μg/m3 in PM2.5 reduces an individual’s average hours worked by about 14 min per week. We then leverage the city-level roll-out of air pollution monitoring and information provision to test hypotheses about the underlying mechanisms. We show that individuals with poor health respond to changes in PM2.5 the most. For individuals who are environmentally unaware, this effect is mostly through an impact of pollution on health, while individuals who are environmentally aware engage in avoidance behavior. Finally, the roll-out of monitoring and information provision at the city level plays an important role in raising awareness and individuals’ responsiveness to pollution.",10.3390/su151713082,B14
prioritization of environmental uncertainty and manufacturing flexibility for labor intensive industry a case study on ready made garment industries in bangladesh,Chowdhury Jony Moin|Mohammad Iqbal|A. Malek|Mohammad Muhshin Aziz Khan|Rezwanul Haque,2022,10,Open Access,https://doi.org/10.3390/systems10030067,"Manufacturing flexibility is a widely accepted manufacturing strategy for mitigating the negative impacts of environmental uncertainty on firm performance and is also a required strategic attribute to acclimatize mass customization and agile manufacturing. Manufacturing flexibility has been adequately studied for technology-intensive industries but remains inadequately addressed for labor-intensive industries. In this study, a framework is proposed for sorting the relevant manufacturing flexibility types for the relevant environmental uncertainty types as an initial step towards implementing manufacturing flexibility in labor-intensive industries. This study considered the RMG (ready-made garment) industries in Bangladesh, which are mostly labor-intensive, as a case. Different types of manufacturing flexibility and environmental uncertainty were identified through a deductive approach from the existing literature and theory. Then, final sorting was conducted through a focus group discussion using the analytical hierarchy process (AHP) and decision making trial and evaluation laboratory (DEMATEL) techniques. This study revealed that demand, competitor, supplier, and technology uncertainty were ranked sequentially from first to fourth. This study also revealed that demand and competitor uncertainty would be the first-line focus, and supplier uncertainty the second-line focus, of decision makers. Similarly, new product, volume, workforce, and modification flexibility were ranked sequentially from first to fourth, and these would be considered first-line focuses by decision makers. This study also showed that all types of environmental uncertainties had an internal effect (one type affects another type within the types of environmental uncertainty). Internal effects among the different types of manufacturing flexibility were also identified. This study contributes to the theory of manufacturing flexibility for labor-intensive industries and will help decision makers gradually implement manufacturing flexibility based on their capacity and goal.",10.3390/systems10030067,B14
impact of air quality on enterprise productivity evidence from chinese listed companies,Su Liu|Yue‐tao Yang|Ling Cai,2023,9,Open Access,https://doi.org/10.3389/fenvs.2022.1095393,"We provide insights and innovative ideas for China to achieve green development and promote high-quality economic development by studying the impact of air quality on enterprise productivity. This paper uses data from 2008 to 2016 for A-share companies listed on the Shanghai and Shenzhen stock markets, as well as the levels of particulate matter under 2.5 μm in diameter for 214 major Chinese cities. At the same time, this paper innovatively applies regression discontinuity and the Spatial Durbin Model for empirical testing. Considering the endogeneity, we choose the air flow index as an instrumental variable and the generalized space two-stage least squares method for the endogenous test. Additionally, we use dynamic regression and different spatial weight matrix to conduct robustness tests and reselect data from 2008 to 2012 and 2013 to 2016 as samples. Moreover, we test corporate heterogeneity from three perspectives: pollutant type, firm equity, and an industry’s technological level. The results show that the deterioration of local air quality significantly inhibits firm productivity, while the spatial spillover effects of pollution from surrounding cities also have a significant dampening effect on firm productivity. This negative effect is transmitted through research and development innovation capacity, human capital, and government subsidies. This empirical evidence from listed companies can be used for evaluating air quality management to enhance enterprise productivity, as well as to provide policy recommendations for boosting firm productivity through improved air quality.",10.3389/fenvs.2022.1095393,B14
the spatial spillover effect of higher so2 emission tax rates on pm2 5 concentration in china,Kaifeng Wang|Yu Liu|Shaochen Wang|Chengpeng Li,2023,8,Open Access,https://doi.org/10.1038/s41598-023-31663-z,"Abstract In this paper, the adoption of SO 2 emission tax rates higher than the legal minimum standard is regarded as a noteworthy policy reform in China (quasi-natural experiment), and a spatial Difference-in-Differences (Spatial-DID) model is constructed to test the direct effects (local effects) and indirect effects (spatial spillover effects) of SO 2 emission tax policy reform on PM 2.5 concentrations in the atmosphere of 285 China’s cities. The estimation and calculation results of the Spatial-DID model show that the SO 2 emission tax policy reform can significantly reduce local PM 2.5 concentration and significantly promote PM 2.5 concentration in surrounding areas. The results of heterogeneity analysis show that the SO 2 emission tax policy reform can produce a relatively more beneficial spatial spillover effect in eastern cities and higher administrative level cities, while the pollutants emission rights trading and the reform of NO x emission tax rates can produce beneficial spatial spillover effects when cooperating with the reform of SO 2 emission tax rates. The results of the mediation effect analysis show that the higher SO 2 emission tax rate can aggravate the surrounding PM 2.5 pollution by promoting the aggregation level of industrial production factors and the industrial SO 2 emission intensity in the surrounding areas, which can support the existence of the pollution heaven effect.",10.1038/s41598-023-31663-z,B14
the non linear relationship between air pollution labor insurance and productivity multivariate adaptive regression splines approach,Syamsiyatul Muzayyanah|Cheng‐Yih Hong|Rishan Adha|Su‐Fen Yang,2023,8,Open Access,https://doi.org/10.3390/su15129404,"This study explores the non-linear relationship between air pollution, socio-economic factors, labor insurance, and labor productivity in the industrial sector in Taiwan. Using machine learning, specifically multivariate adaptive regression splines (MARS), provides an alternative approach to examining the impact of air pollution on labor productivity, apart from the traditional linear relationships and parametric methods employed in previous studies. Examining this topic is imperative for advancing the knowledge on the effects of air pollution on labor productivity and its association with labor insurance, employing a machine learning framework. The results reveal that air pollution, particularly PM10, has a negative impact on labor productivity. Lowering the PM10 level below 36.2 μg/m3 leads to an increase in marginal labor productivity. Additionally, the study identifies labor insurance as a significant factor in improving productivity, with a 9% increase in the total number of labor insurance holders resulting in a substantial 42.9% increase in productivity. Notably, a link between air pollution and insurance is observed, indicating that lower air pollution levels tend to be associated with higher labor insurance coverage. This research holds valuable implications for policymakers, businesses, and industries as it offers insights into improving labor productivity and promoting sustainable economic development.",10.3390/su15129404,B14
the ambient air quality standards green innovation and urban air quality evidence from china,Han Zhang|Dandan Zhang|Wenfan Qian|Shaofeng Xu,2023,8,Open Access,https://doi.org/10.1038/s41598-023-47112-w,"As China's economy transitions, environmental issues have become a major concern. This study examines the impact of Ambient Air Quality Standards (AAQS) on urban air quality using panel data from 284 cities in China from 2006 to 2019. The study utilizes DID (Difference-in-Difference) models to analyze the regulatory effects of AAQS and its spatial spillover. Additionally, the serial multiple mediation models are constructed to investigate the role of green innovation. The findings reveal that the AAQS positively affects urban air quality, albeit with a notable ""hysteresis effect."" Local implementation of AAQS worsens air quality in neighboring cities within a distance of 400 km, but beyond 400 km, the effect is reversed. Heterogeneity analysis shows that AAQS improves air quality in central cities, large-sized and medium-sized cities, cities with weak environmental governance, and resource-based cities. Mechanism tests suggest that AAQS may enhance urban air quality by promoting green innovation and optimizing industrial structure. Especially, either the energy-use effect or industrial-structure effect triggered by green innovation can contribute to the improvement of urban air quality.",10.1038/s41598-023-47112-w,B14
local green economic growth and natural resources development in china,Amei Feng|Liqian Liu,2023,5,NOT Open Access,https://doi.org/10.1016/j.resourpol.2023.104077,,10.1016/j.resourpol.2023.104077,B14
asymmetric effects of natural and socioeconomic factors on pm2 5 pollution in chinese counties,Biao Sun|Jihong Li,2025,5,Open Access,https://doi.org/10.1038/s41598-025-03138-w,"With rapid urbanization intensifying air pollution, especially PM 2.5 , which poses a serious threat to public health, clarifying its spatial differentiation patterns and driving mechanisms is of great practical significance. As factors may exert different magnitudes and even opposite directions of influence across PM 2.5 levels, accounting for asymmetric effects is essential for designing targeted and effective governance strategies. We developed a spatial zoning plan for 2851 counties in China using annual average PM 2.5 remote sensing data from 2000 to 2015. Geographic detectors and quantile regression models were used to reveal the dominant factors and asymmetric effects affecting PM 2.5 pollution in 2015, respectively. The results show significant spatial agglomeration of PM 2.5 (Moran’s I = 0.9387), with a pronounced divergence across the Hu Huanyong Line. Combining the spatial classification and temporal trends of PM 2.5 pollution, 84.5% of counties need to be treated (523 counties belong to key governance zone), and 15.5% of counties are classified as coexistence areas. The influences of socio-economic factors on PM 2.5 (additive q-value 0.7881) are greater than those of natural condition factors (additive q-value 0.7036), and land urbanization is the leading factor. The interesting findings are that the coefficient of population size declines with increasing pollution quantiles—its effect at the 10th quantile (0.1104) is nearly four times that at the 90th (0.0296), and that land urbanization showed an inverted U-shaped curve, while per capita GDP presented a U-shaped trend. Moreover, favorable natural conditions have mitigated local PM 2.5 pollution. These findings uncover how socio-economic and natural drivers perform differently at varying pollution levels, offering novel insights into targeted zoning regulation.",10.1038/s41598-025-03138-w,B14
firm innovation in hazy days chinese evidence,Liyang Wan|Yunxiao Liu|Kangjuan Lv|Ning Zhang,2024,4,Open Access,https://doi.org/10.1007/s10640-024-00878-7,"Abstract This paper estimates the causal effect of air pollution on firm innovation based on a nationwide sample of Chinese manufacturing firms. Using thermal inversion as instrument variable (IV), we demonstrate that air pollution significantly hurts firm innovation performance: a 1% increase in air pollution (PM2.5) in the past year, from its mean value, amounts to a 1.5% decrease in the number of invention patents compared to the average between 1999 and 2013. We also provide the casual estimate using regression discontinuity design (RDD) by exploiting the exogenous variation in pollution level caused by China’s Huai River policy: the decrease in firms’ invention patents is approximately 2.2% in the regions north of the Huai River Line. The underlying mechanism analyses reveal that poor air quality has detrimental effects on labor productivity, firms’ human capital accumulation, and financing ability. These findings highlight the substantial costs associated with air pollution, which are greater than previously thought, as it hinders innovation, a crucial driver of long-term economic growth.",10.1007/s10640-024-00878-7,B14
the effects of air pollution on firms internal control quality evidence from china,Siyi Liu|Daoguang Yang|Nian Liu|Xin Liu,2019,11,Open Access,https://doi.org/10.3390/su11185068,"Research on the consequences of air pollution has tended to focus on the macro and environmental effects on human health, often ignoring micro effects. In this paper, we empirically investigate the micro-institutional costs of air pollution, and our results show that in China, firms’ internal control quality is significantly and negatively associated with the severity of air pollution in its home city and that the most significant effects of air pollutants are those of PM2.5 and SO2, confirming that air pollution incurs micro-institutional costs. We find that this effect varies depending on factors related to the environment, ownership structure, the demographic traits of the board of directors’ chairman, and employees. Further analysis indicates that air pollution can degrade the quality of accounting information, provoke agency problems, and lower firm value. This study reveals the micro-institutional costs of air pollution and identifies the mechanisms by which air pollution affects the quality of macroeconomic development. By so doing, this study enables China’s government and public to better its understanding of air pollution and recognize the value of the Blue-Sky Protection Campaign. This study also reinforces the importance of the transition toward a new economic mode based on “high-quality development,” which will play a vital role in China’s new era.",10.3390/su11185068,B14
market based pollution abatement strategies risk management using emission option contracts,Anshuman Gupta|Costas D. Maranas,2003,28,NOT Open Access,https://doi.org/10.1021/ie020467d,,10.1021/ie020467d,B14
the moderator mediator variable distinction in social psychological research conceptual strategic and statistical considerations,Reuben M. Baron|David A. Kenny,1986,71289,NOT Open Access,https://doi.org/10.1037/0022-3514.51.6.1173,,10.1037/0022-3514.51.6.1173,B15
technical change and the aggregate production function,Robert M. Solow,1957,12303,NOT Open Access,https://doi.org/10.2307/1926047,,10.2307/1926047,B15
the colonial origins of comparative development an empirical investigation,Daron Acemoğlu|Simon Johnson|James A. Robinson,2001,8454,NOT Open Access,https://doi.org/10.1257/aer.91.5.1369,,10.1257/aer.91.5.1369,B15
misallocation and manufacturing tfp in china and india,Chang‐Tai Hsieh|Peter J. Klenow,2009,4138,NOT Open Access,https://doi.org/10.1162/qjec.2009.124.4.1403,,10.1162/qjec.2009.124.4.1403,B15
air pollution in mega cities in china,Chak K. Chan|Xiaohong Yao,2007,2568,NOT Open Access,https://doi.org/10.1016/j.atmosenv.2007.09.003,,10.1016/j.atmosenv.2007.09.003,B15
lung cancer and cardiovascular disease mortality associated with ambient air pollution and cigarette smoke shape of the exposure response relationships,C. Arden Pope|Richard T. Burnett|Michelle C. Turner|Aaron Cohen|Daniel Krewski|Michael Jerrett|Susan M. Gapstur|Michael J. Thun,2011,755,Open Access,https://doi.org/10.1289/ehp.1103639,"BACKGROUND: Lung cancer and cardiovascular disease (CVD) mortality risks increase with smoking, secondhand smoke (SHS), and exposure to fine particulate matter < 2.5 μm in diameter (PM₂.₅) from ambient air pollution. Recent research indicates that the exposure-response relationship for CVD is nonlinear, with a steep increase in risk at low exposures and flattening out at higher exposures. Comparable estimates of the exposure-response relationship for lung cancer are required for disease burden estimates and related public health policy assessments. OBJECTIVES: We compared exposure-response relationships of PM₂.₅ with lung cancer and cardiovascular mortality and considered the implications of the observed differences for efforts to estimate the disease burden of PM2.5. METHODS: Prospective cohort data for 1.2 million adults were collected by the American Cancer Society as part of the Cancer Prevention Study II. We estimated relative risks (RRs) for increments of cigarette smoking, adjusting for various individual risk factors. RRs were plotted against estimated daily dose of PM₂.₅ from smoking along with comparison estimates for ambient air pollution and SHS. RESULTS: For lung cancer mortality, excess risk rose nearly linearly, reaching maximum RRs > 40 among long-term heavy smokers. Excess risks for CVD mortality increased steeply at low exposure levels and leveled off at higher exposures, reaching RRs of approximately 2-3 for cigarette smoking. CONCLUSIONS: The exposure-response relationship associated with PM₂.₅ is qualitatively different for lung cancer versus cardiovascular mortality. At low exposure levels, cardiovascular deaths are projected to account for most of the burden of disease, whereas at high levels of PM₂.₅, lung cancer becomes proportionately more important.",10.1289/ehp.1103639,B15
environmental regulations and productivity growth the case of fossil fueled electric power generation,Frank M. Gollop|Mark J. Roberts,1983,717,NOT Open Access,https://doi.org/10.1086/261170,,10.1086/261170,B15
total factor productivity estimation a practical review,Ilke Van Beveren,2010,694,NOT Open Access,https://doi.org/10.1111/j.1467-6419.2010.00631.x,,10.1111/j.1467-6419.2010.00631.x,B15
endogenous steroids and financial risk taking on a london trading floor,J. Coates|J. Herbert,2008,675,Open Access,https://doi.org/10.1073/pnas.0704025105,"Little is known about the role of the endocrine system in financial risk taking. Here, we report the findings of a study in which we sampled, under real working conditions, endogenous steroids from a group of male traders in the City of London. We found that a trader's morning testosterone level predicts his day's profitability. We also found that a trader's cortisol rises with both the variance of his trading results and the volatility of the market. Our results suggest that higher testosterone may contribute to economic return, whereas cortisol is increased by risk. Our results point to a further possibility: testosterone and cortisol are known to have cognitive and behavioral effects, so if the acutely elevated steroids we observed were to persist or increase as volatility rises, they may shift risk preferences and even affect a trader's ability to engage in rational choice.",10.1073/pnas.0704025105,B15
the effects of openness trade orientation and human capital on total factor productivity,Stephen M. Miller|Mukti P. Upadhyay,2000,507,NOT Open Access,https://doi.org/10.1016/s0304-3878(00)00112-7,,10.1016/s0304-3878(00)00112-7,B15
the cost of regulation osha epa and the productivity slowdown,Wayne B. Gray,1987,503,NOT Open Access,,,,B15
association of particulate air pollution with daily mortality the china air pollution and health effects study,"Rui Chen|Haibin Kan|Binghong Chen|Wei Huang|Zhipeng Bai|Guangjie Song|Guohua Pan|, on Behalf of the CAPES Collaborative Group",2012,433,NOT Open Access,https://doi.org/10.1093/aje/kwr425,,10.1093/aje/kwr425,B15
urban air pollution in china current status characteristics and progress,Kebin He|Hong Huo|Qiang Zhang,2002,413,NOT Open Access,https://doi.org/10.1146/annurev.energy.27.122001.083421,,10.1146/annurev.energy.27.122001.083421,B15
severity of depression and magnitude of productivity loss,Arne Beck|A. Lauren Crain|Leif I. Solberg|Jürgen Unützer|Russell E. Glasgow|Michael V. Maciosek|Robin R. Whitebird,2011,299,Open Access,https://doi.org/10.1370/afm.1260,"PURPOSE: Depression is associated with lowered work functioning, including absences, impaired productivity, and decreased job retention. Few studies have examined depression symptoms across a continuum of severity in relationship to the magnitude of work impairment in a large and heterogeneous patient population, however. We assessed the relationship between depression symptom severity and productivity loss among patients initiating treatment for depression. METHODS: Data were obtained from patients participating in the DIAMOND (Depression Improvement Across Minnesota: Offering a New Direction) initiative, a statewide quality improvement collaborative to provide enhanced depression care. Patients newly started on antidepressants were surveyed with the Patient Health Questionnaire 9-item screen (PHQ-9), a measure of depression symptom severity; the Work Productivity and Activity Impairment (WPAI) questionnaire, a measure of loss in productivity; and items on health status and demographics. RESULTS: We analyzed data from the 771 patients who reported being currently employed. General linear models adjusting for demographics and health status showed a significant linear, monotonic relationship between depression symptom severity and productivity loss: with every 1-point increase in PHQ-9 score, patients experienced an additional mean productivity loss of 1.65% (P <.001). Even minor levels of depression symptoms were associated with decrements in work function. Full-time vs part-time employment status and self-reported fair or poor health vs excellent, very good, or good health were also associated with a loss of productivity (P <.001 and P=.045, respectively). CONCLUSIONS: This study shows a relationship between the severity of depression symptoms and work function, and suggests that even minor levels of depression are associated with a loss of productivity. Employers may find it beneficial to invest in effective treatments for depressed employees across the continuum of depression severity.",10.1370/afm.1260,B15
does openness to international financial flows raise productivity growth,M. Ayhan Köse|Eswar Prasad|Marco E. Terrones,2009,291,NOT Open Access,https://doi.org/10.1016/j.jimonfin.2009.01.005,,10.1016/j.jimonfin.2009.01.005,B15
firms misallocation and aggregate productivity a review,Hugo A. Hopenhayn,2014,286,Open Access,https://doi.org/10.1146/annurev-economics-082912-110223,"Firm heterogeneity and the allocation of resources across firms play a key role in determining aggregate productivity. Entry barriers and misallocation can substantially impact productivity, as evidenced in recent work. This article provides a unifying theoretical framework and a review of this literature.",10.1146/annurev-economics-082912-110223,B15
polluted morality air pollution predicts criminal activity and unethical behavior,Jackson G. Lu|Julia Lee|Francesca Gino|Adam D. Galinsky,2018,236,NOT Open Access,https://doi.org/10.1177/0956797617735807,,10.1177/0956797617735807,B15
formation process of the widespread extreme haze pollution over northern china in january 2013 implications for regional air quality and climate,Minghui Tao|Liangfu Chen|Xiaozhen Xiong|Meigen Zhang|Pengfei Ma|Jinhua Tao|Zifeng Wang,2014,203,NOT Open Access,https://doi.org/10.1016/j.atmosenv.2014.09.026,,10.1016/j.atmosenv.2014.09.026,B15
a review of atmospheric chemistry research in china photochemical smog haze pollution and gas aerosol interactions,Jianzhong Ma|Xiaobin Xu|Chunsheng Zhao|Yan Peng,2012,161,NOT Open Access,https://doi.org/10.1007/s00376-012-1188-7,,10.1007/s00376-012-1188-7,B15
to what extent does air pollution affect happiness the case of the jinchuan mining area china,Zhengtao Li|Henk Folmer|Jianhong Xue,2014,155,Open Access,https://doi.org/10.1016/j.ecolecon.2013.12.014,,10.1016/j.ecolecon.2013.12.014,B15
air pollution and cardiovascular disease,Massimo Franchini|Pier Mannuccio Mannucci,2011,115,NOT Open Access,https://doi.org/10.1016/j.thromres.2011.10.030,,10.1016/j.thromres.2011.10.030,B15
personal exposure to fine particulate matter lung function and serum club cell secretory protein clara,Cuicui Wang|Jing Cai|Renjie Chen|Jingjin Shi|Changyuan Yang|Huichu Li|Zhijing Lin|Xia Meng|Cong Liu|Yue Niu|Yongjie Xia|Zhuohui Zhao|W. Li|Haidong Kan,2017,71,NOT Open Access,https://doi.org/10.1016/j.envpol.2017.02.068,,10.1016/j.envpol.2017.02.068,B15
air pollution and dirty industries how and why does the composition of manufacturing output change with economic development,Matthew Cole,2000,84,NOT Open Access,https://doi.org/10.1023/a:1008388221831,,10.1023/a:1008388221831,B15
the effects of efficiency and tfp growth on pollution in europe a multistage spatial analysis,Morakinyo O. Adetutu|Anthony Glass|Karligash Kenjegalieva|Robin C. Sickles,2014,75,Open Access,https://doi.org/10.1007/s11123-014-0426-7,,10.1007/s11123-014-0426-7,B15
do foreign mergers and acquisitions boost firm productivity,Marc Schiffbauer|Iulia Siedschlag|Frances Ruane,2017,61,Open Access,https://doi.org/10.1016/j.ibusrev.2017.04.003,,10.1016/j.ibusrev.2017.04.003,B15
adverse weather evokes nostalgia,Wijnand A. P. van Tilburg|Constantine Sedikides|Tim Wildschut,2018,57,Open Access,https://doi.org/10.1177/0146167218756030,"Four studies examined the link between adverse weather and the palliative role of nostalgia. We proposed and tested that (a) adverse weather evokes nostalgia (Hypothesis 1); (b) adverse weather causes distress, which predicts elevated nostalgia (Hypothesis 2); (c) preventing nostalgia exacerbates weather-induced distress (Hypothesis 3); and (d) weather-evoked nostalgia confers psychological benefits (Hypothesis 4). In Study 1, participants listened to recordings of wind, thunder, rain, and neutral sounds. Adverse weather evoked nostalgia. In Study 2, participants kept a 10-day diary recording weather conditions, distress, and nostalgia. We also obtained meteorological data. Adverse weather perceptions were positively correlated with distress, which predicted higher nostalgia. Also, adverse natural weather was associated with corresponding weather perceptions, which predicted elevated nostalgia. (Results were mixed for rain.) In Study 3, preventing nostalgia (via cognitive load) increased weather-evoked distress. In Study 4, weather-evoked nostalgia was positively associated with psychological benefits. The findings pioneer the relevance of nostalgia as source of comfort in adverse weather.",10.1177/0146167218756030,B15
misallocation and total factor productivity in i taly evidence from firm level data,Sara Calligaris,2015,39,NOT Open Access,https://doi.org/10.1111/labr.12067,,10.1111/labr.12067,B15
r d human capital investment and productivity firm level evidence from china s electronics industry,Chih‐Hai Yang|Chun‐Hung Lin|Daw Ma,2010,31,NOT Open Access,https://doi.org/10.1111/j.1749-124x.2010.01213.x,,10.1111/j.1749-124x.2010.01213.x,B15
institutional environment ofdi and tfp growth evidence from china,Yaoguo Wu|Yuegang Song|Guoying Deng,2017,26,NOT Open Access,https://doi.org/10.1080/1540496x.2017.1283612,,10.1080/1540496x.2017.1283612,B15
decomposition of total factor productivity change in the u s hog industry,Nigel Key|William D. McBride|Roberto Mosheim,2008,39,NOT Open Access,https://doi.org/10.1017/s1074070800028029,,10.1017/s1074070800028029,B15
the impact of haze on the availability of company debt financing evidence for sustainability of chinese listed companies,Bin Li|Peixiang Guo|Yating Zeng,2019,17,Open Access,https://doi.org/10.3390/su11030806,"Based on the data of A-share listed companies in Shanghai and Shenzhen Stock Exchanges from 2013 to 2017 and the air quality monitoring data released by China Environmental Monitoring Station, the paper examines the impact of haze on the availability of company debt financing by using fixed-effects model and quantile regression model. The empirical results show that: Firstly, haze has a positive impact on the demand of company debt financing, and the positive effect is marginal increment. Secondly, haze has a negative impact on the availability of company debt financing, and the negative impact is also marginal increment. Further study found that heavy polluting industry characteristics weaken the impact of haze on company debt financing availability. The paper analyzes the influence of air pollution on enterprise management from the perspective of company debt financing and explains the necessity for companies to implement an environmentally sustainable development strategy.",10.3390/su11030806,B15
resource misallocations and tfp of chinese industrial enterprises a recalculation based on chinese industrial enterprises database,Shao Yi-han,2013,4,NOT Open Access,,,,B15
air pollution induced health impacts on the national economy of china demonstration of a computable general equilibrium approach,Yue Wan|Hongwei Yang|Toshihiko Masui,2005,10,NOT Open Access,,,,B15
spatial externalities environmental pollution and total factor productivity growth in china evidence from a spatial panel data set of provincial level,Xiaowei Zhao|Zhigang Gao,2011,2,NOT Open Access,https://doi.org/10.1109/icsdm.2011.5969083,,10.1109/icsdm.2011.5969083,B15
air quality infant mortality and the clean air act of 1970,Kenneth Y. Chay|Michael Greenstone,2003,182,Open Access,https://doi.org/10.3386/w10053,"We examine the effects of total suspended particulates (TSPs) air pollution on infant health using the air quality improvements induced by the 1970 Clean Air Act Amendments (CAAA). This legislation imposed strict regulations on industrial polluters in ""nonattainment"" counties with TSPs concentrations exceeding the federal ceiling. We use nonattainment status as an instrumental variable for TSPs changes to estimate their impact on infant mortality changes in the first year that the 1970 CAAA was in force.",10.3386/w10053,B15
firm level productivity risk and return,Ayşe İmrohoroğlu|Şelale Tüzel,2011,56,Open Access,https://doi.org/10.2139/ssrn.1770264,,10.2139/ssrn.1770264,B15
air quality and manufacturing firm productivity comprehensive evidence from china,Shihe Fu|Peng Zhang,2017,41,Open Access,https://doi.org/10.2139/ssrn.2956505,,10.2139/ssrn.2956505,B15
coal smoke and the costs of the industrial revolution,W. Walker Hanlon,2016,40,Open Access,https://doi.org/10.3386/w22921,"While the Industrial Revolution brought economic growth, there is a long debate in economics over the costs of the pollution externalities that accompanied early industrialization. To help settle this debate, this paper introduces a new theoretically-grounded strategy for estimating the impact of industrial pollution on local economic development and applies this approach to data from British cities for 1851-1911. I show that local industrial coal use substantially reduced longrun city employment growth over this period. Moreover, a counterfactual analysis suggests that plausible improvements in coal use efficiency would have led to substantially higher urbanization rates in Britain by 1911.",10.3386/w22921,B15
knowledge diffusion technological innovation and tfp growth at the firm level evidence from french manufacturing,Emmanuel Duguet,2001,25,Open Access,https://doi.org/10.2139/ssrn.251307,,10.2139/ssrn.251307,B15
china economic impacts of air pollution in the country,Thomas F. Heck|Stefan Hirschberg,2011,21,NOT Open Access,https://doi.org/10.1016/b978-0-444-52272-6.00415-3,,10.1016/b978-0-444-52272-6.00415-3,B15
the economic impacts of climate change evidence from agricultural output and random fluctuations in weather,Olivier Deschênes|Michael Greenstone,2007,1317,Open Access,https://doi.org/10.1257/aer.97.1.354,"This paper measures the economic impact of climate change on US agricultural land by estimating the effect of random year-to-year variation in temperature and precipitation on agricultural profits. The preferred estimates indicate that climate change will increase annual profits by $1.3 billion in 2002 dollars (2002$) or 4 percent. This estimate is robust to numerous specification checks and relatively precise, so large negative or positive effects are unlikely. We also find the hedonic approach—which is the standard in the previous literature—to be unreliable because it produces estimates that are extremely sensitive to seemingly minor choices about control variables, sample, and weighting. (JEL L25, Q12, Q51, Q54)",10.1257/aer.97.1.354,B16
days of haze environmental information disclosure and intertemporal avoidance behavior,Joshua Graff Zivin|Matthew Neidell,2009,334,NOT Open Access,https://doi.org/10.1016/j.jeem.2009.03.001,,10.1016/j.jeem.2009.03.001,B16
something in the air pollution and the demand for health insurance,Tom Chang|Wei Huang|Yong‐Xiang Wang,2018,256,NOT Open Access,https://doi.org/10.1093/restud/rdy016,,10.1093/restud/rdy016,B16
self protection investment exacerbates air pollution exposure inequality in urban china,Cong Sun|Matthew E. Kahn|Siqi Zheng,2016,235,NOT Open Access,https://doi.org/10.1016/j.ecolecon.2016.06.030,,10.1016/j.ecolecon.2016.06.030,B16
willingness to pay for clean air in china,Richard B. Freeman|Wenquan Liang|Ran Song|Christopher Timmins,2019,187,NOT Open Access,https://doi.org/10.1016/j.jeem.2019.01.005,,10.1016/j.jeem.2019.01.005,B16
china s sex ratio and crime behavioural change or financial necessity,Lisa Cameron|Xin Meng|Dandan Zhang,2017,71,NOT Open Access,https://doi.org/10.1111/ecoj.12561,,10.1111/ecoj.12561,B16
the value of information disclosure evidence from mask consumption in china,Zhenxuan Wang|Junjie Zhang,2023,38,Open Access,https://doi.org/10.1016/j.jeem.2023.102865,"We study the effect of information provision on avoidance behavior, using China’s roll-out of air pollution information as a quasi-natural experiment. With a unique dataset of high-frequency mask purchase transactions, our difference-in-differences estimates show that the provision of air pollution information increases expenditures on PM2.5 respirators by 32%, which is mainly driven by improved information quality and the addition of PM2.5 index. The effect is enhanced by increased attention to pollution alerts and it is more pronounced during heavily polluted days. Our results shed light on the benefits of information provision through inducing avoidance behavior to reduce air pollution exposure.",10.1016/j.jeem.2023.102865,B16
the productivity consequences of pollution induced migration in china,Gaurav Khanna|Wenquan Liang|Ahmed Mushfiq Mobarak|Ran Song,2025,18,NOT Open Access,https://doi.org/10.1257/app.20220655,,10.1257/app.20220655,B16
impact of air pollution on short term movements evidence from air travels in china,Shuai Chen|Yuyu Chen|Ziteng Lei|Jie‐Sheng Tan‐Soo,2020,68,NOT Open Access,https://doi.org/10.1093/jeg/lbaa005,,10.1093/jeg/lbaa005,B16
arsenic mitigation in bangladesh a household labor market approach,Richard T. Carson|Phoebe Koundouri|Céline Nauges,2010,66,NOT Open Access,https://doi.org/10.1093/ajae/aaq110,,10.1093/ajae/aaq110,B16
fetal origins of mental health evidence from africa,Achyuta Adhvaryu|James Fenske|Namrata Kala|Anant Nyshadham,2022,24,Open Access,https://doi.org/10.1086/722536,"Mental health disorders represent a substantial portion of the global disease burden, and the treatment gap is higher in developing countries. Accounting for location and year-of-birth fixed effects and using data on 19 African countries, we find temperature shocks in utero increase depressive symptoms in adulthood. Effects are present for several depressive symptoms and are greatest in younger cohorts.",10.1086/722536,B16
does being left behind in childhood lead to criminality in adulthood evidence from data on rural urban migrants and prison inmates in china,Lisa Cameron|Xin Meng|Dandan Zhang,2022,9,NOT Open Access,https://doi.org/10.1016/j.jebo.2022.08.017,,10.1016/j.jebo.2022.08.017,B16
economic consequences of the u s convict labor system,Michael Poyker,2019,9,Open Access,https://doi.org/10.2139/ssrn.3347300,,10.2139/ssrn.3347300,B16
translocation of inhaled ultrafine particles to the brain,Günter Oberdörster|Z. D. Sharp|Viorel Atudorei|Alison Elder|Robert Gelein|Wolfgang G. Kreyling|Christopher Cox,2004,2596,NOT Open Access,https://doi.org/10.1080/08958370490439597,,10.1080/08958370490439597,B17
does working from home work evidence from a chinese experiment,Nicholas Bloom|James Liang|John Roberts|Zhichun Jenny Ying,2014,1966,NOT Open Access,https://doi.org/10.1093/qje/qju032,,10.1093/qje/qju032,B17
urban air quality,J. Fenger,1999,605,NOT Open Access,https://doi.org/10.1016/s1352-2310(99)00290-3,,10.1016/s1352-2310(99)00290-3,B17
exposure to particulate air pollution and cognitive decline in older women,Jennifer Weuve,2012,548,Open Access,https://doi.org/10.1001/archinternmed.2011.683,"BACKGROUND: Chronic exposure to particulate air pollution may accelerate cognitive decline in older adults, although data on this association are limited. Our objective was to examine long-term exposure to particulate matter (PM) air pollution, both coarse ([PM 2.5-10 μm in diameter [PM(2.5-10)]) and fine (PM <2.5 μm in diameter [PM(2.5)]), in relation to cognitive decline. METHODS: The study population comprised the Nurses' Health Study Cognitive Cohort, which included 19,409 US women aged 70 to 81 years. We used geographic information system-based spatiotemporal smoothing models to estimate recent (1 month) and long-term (7-14 years) exposures to PM(2.5-10), and PM(2.5) preceding baseline cognitive testing (1995-2001) of participants residing in the contiguous United States. We used generalized estimating equation regression to estimate differences in the rate of cognitive decline across levels of PM(2.5-10) and PM(2.5) exposures. The main outcome measure was cognition, via validated telephone assessments, administered 3 times at approximately 2-year intervals, including tests of general cognition, verbal memory, category fluency, working memory, and attention. RESULTS: Higher levels of long-term exposure to both PM(2.5-10) and PM(2.5) were associated with significantly faster cognitive decline. Two-year decline on a global score was 0.020 (95% CI, -0.032 to -0.008) standard units worse per 10 μg/m(3) increment in PM(2.5-10) exposure and 0.018 (95% CI, -0.035 to -0.002) units worse per 10 μg/m(3) increment in PM(2.5) exposure. These differences in cognitive trajectory were similar to those between women in our cohort who were approximately 2 years apart in age, indicating that the effect of a 10-μg/m(3) increment in long-term PM exposure is cognitively equivalent to aging by approximately 2 years. CONCLUSION: Long-term exposure to PM(2.5-10) and PM(2.5) at levels typically experienced by many individuals in the United States is associated with significantly worse cognitive decline in older women.",10.1001/archinternmed.2011.683,B17
traffic related air pollution and cognitive function in a cohort of older men,Melinda C. Power|Marc G. Weisskopf|Stacey Alexeeff|Brent A. Coull|Avron Spiro|Joel Schwartz,2010,453,Open Access,https://doi.org/10.1289/ehp.1002767,"BACKGROUND: Traffic-related particles induce oxidative stress and may exert adverse effects on central nervous system function, which could manifest as cognitive impairment. OBJECTIVE: We assessed the association between black carbon (BC), a marker of traffic-related air pollution, and cognition in older men. METHODS: A total of 680 men (mean ± SD, 71 ± 7 years of age) from the U.S. Department of Veterans Affairs Normative Aging Study completed a battery of seven cognitive tests at least once between 1996 and 2007. We assessed long-term exposure to traffic-related air pollution using a validated spatiotemporal land-use regression model for BC. RESULTS: The association between BC and cognition was nonlinear, and we log-transformed BC estimates for all analyses [ln(BC)]. In a multivariable-adjusted model, for each doubling in BC on the natural scale, the odds of having a Mini-Mental State Examination (MMSE) score ≤ 25 was 1.3 times higher [95% confidence interval (CI), 1.1 to 1.6]. In a multivariable-adjusted model for global cognitive function, which combined scores from the remaining six tests, a doubling of BC was associated with a 0.054 SD lower test score (95% CI, -0.103 to -0.006), an effect size similar to that observed with a difference in age of 1.9 years in our data. We found no evidence of heterogeneity by cognitive test. In sensitivity analyses adjusting for past lead exposure, the association with MMSE scores was similar (odds ratio = 1.3; 95% CI, 1.1 to 1.7), but the association with global cognition was somewhat attenuated (-0.038 per doubling in BC; 95% CI, -0.089 to 0.012). CONCLUSIONS: Ambient traffic-related air pollution was associated with decreased cognitive function in older men.",10.1289/ehp.1002767,B17
associations between recent exposure to ambient fine particulate matter and blood pressure in the multi ethnic study of atherosclerosis mesa,Amy H. Auchincloss|Ana V. Diez Roux|J. Timothy Dvonch|Patrick L. Brown|R. Graham Barr|Martha L. Daviglus|David C. Goff|Joel D. Kaufman|Marie S. O’Neill,2008,307,Open Access,https://doi.org/10.1289/ehp.10899,"Abstract Background Blood pressure (BP) may be implicated in associations observed between ambient particulate matter and cardiovascular morbidity and mortality. This study examined cross-sectional associations between short-term ambient fine particles (particulate matter ≤ 2.5 μm in aerodynamic diameter; PM2.5) and BP: systolic (SBP), diastolic (DBP), mean arterial (MAP), and pulse pressure (PP). Methods The study sample included 5,112 persons 45–84 years of age, free of cardiovascular disease at the Multi-Ethnic Study of Atherosclerosis baseline examination (2000–2002). Data from U.S. Environmental Protection Agency monitors were used to estimate ambient PM2.5 exposures for the preceding 1, 2, 7, 30, and 60 days. Roadway data were used to estimate local exposures to traffic-related particles. Results Results from linear regression found PP and SBP positively associated with PM2.5. For example, a 10-μg/m3 increase in PM2.5 30-day mean was associated with 1.12 mmHg higher pulse pressure [95% confidence interval (CI), 0.28–1.97] and 0.99 mmHg higher systolic BP (95% CI, –0.15 to 2.13), adjusted for age, sex, race/ethnicity, income, education, body mass index, diabetes, cigarette smoking and environmental tobacco smoke, alcohol use, physical activity, medications, atmospheric pressure, and temperature. Results were much weaker and not statistically significant for MAP and DBP. Although traffic-related variables were not themselves associated with BP, the association between PM2.5 and BP was stronger in the presence of higher traffic exposure. Conclusions Higher SBP and PP were associated with ambient levels of PM2.5 and the association was stronger in the presence of roadway traffic, suggesting that impairment of blood pressure regulation may play a role in response to air pollution.",10.1289/ehp.10899,B17
american journal of epidemiology,,1993,182,NOT Open Access,https://doi.org/10.1016/0002-8223(93)91686-k,,10.1016/0002-8223(93)91686-k,B17
the u s environmental protection agency particulate matter health effects research centers program a midcourse report of status progress and plans,Morton Lippmann|Mark W. Frampton|Joel Schwartz|Douglas W. Dockery|Richard Schlesinger|Petros Koutrakis|John R. Froines|André E. Nel|Jack Finkelstein|John J. Godleski|Joel D. Kaufman|Jane Q. Koenig|Tim Larson|Dan Luchtel|L-J Sally Liu|Günter Oberdörster|Annette Peters|Jeremy A. Sarnat|Constantinos Sioutas|Helen Suh|Jeff Sullivan|Mark J. Utell|Erich Wichmann|Judith T. Zelikoff,2003,133,Open Access,https://doi.org/10.1289/ehp.5750,"In 1998 Congress mandated expanded U.S. Environmental Protection Agency (U.S. EPA) health effects research on ambient air particulate matter (PM) and a National Research Council (NRC) committee to provide research oversight. The U.S. EPA currently supports intramural and extramural PM research, including five academically based PM centers. The PM centers in their first 2.5 years have initiated research directed at critical issues identified by the NRC committee, including collaborative activities, and sponsored scientific workshops in key research areas. Through these activities, there is a better understanding of PM health effects and scientific uncertainties. Future PM centers research will focus on long-term effects associated with chronic PM exposures. This report provides a synopsis of accomplishments to date, short-term goals (during the next 2.5 years) and longer-term goals. It consists of six sections: biological mechanisms, acute effects, chronic effects, dosimetry, exposure assessment, and the specific attributes of a coordinated PM centers program.",10.1289/ehp.5750,B17
the china syndrome local labor market effects of import competition in the united states,David Autor|David Dorn|Gordon Hanson,2013,4450,Open Access,https://doi.org/10.1257/aer.103.6.2121,"We analyze the effect of rising Chinese import competition between 1990 and 2007 on US local labor markets, exploiting cross-market variation in import exposure stemming from initial differences in industry specialization and instrumenting for US imports using changes in Chinese imports by other high-income countries. Rising imports cause higher unemployment, lower labor force participation, and reduced wages in local labor markets that house import-competing manufacturing industries. In our main specification, import competition explains one-quarter of the contemporaneous aggregate decline in US manufacturing employment. Transfer benefits payments for unemployment, disability, retirement, and healthcare also rise sharply in more trade-exposed labor markets. (JEL E24, F14, F16, J23, J31, L60, O47, R12, R23)",10.1257/aer.103.6.2121,B18
export versus fdi with heterogeneous firms,Elhanan Helpman|Marc J. Melitz|Stephen Yeaple,2004,4067,NOT Open Access,https://doi.org/10.1257/000282804322970814,,10.1257/000282804322970814,B18
north south trade and the environment,Brian R. Copeland|M. Scott Taylor,1994,1933,NOT Open Access,https://doi.org/10.2307/2118421,,10.2307/2118421,B18
the surprisingly swift decline of us manufacturing employment,Justin R. Pierce|Peter K. Schott,2016,1366,NOT Open Access,https://doi.org/10.1257/aer.20131578,,10.1257/aer.20131578,B18
reconstructing 1 km resolution high quality pm2 5 data records from 2000 to 2018 in china spatiotemporal variations and policy implications,Jing Wei|Zhanqing Li|Alexei Lyapustin|Lin Sun|Yiran Peng|Wenhao Xue|Tianning Su|Maureen Cribb,2020,1336,NOT Open Access,https://doi.org/10.1016/j.rse.2020.112136,,10.1016/j.rse.2020.112136,B18
does environmental regulation drive away inbound foreign direct investment evidence from a quasi natural experiment in china,Xiqian Cai|Yi Lu|Mingqin Wu|Linhui Yu,2016,1283,NOT Open Access,https://doi.org/10.1016/j.jdeveco.2016.08.003,,10.1016/j.jdeveco.2016.08.003,B18
state owned and privately owned firms an empirical analysis of profitability leverage and labor intensity,Kathryn L. Dewenter|Paul Malatesta,2001,1248,NOT Open Access,https://doi.org/10.1257/aer.91.1.320,,10.1257/aer.91.1.320,B18
the persistent effects of peru s mining mita,Melissa Dell,2010,1176,NOT Open Access,https://doi.org/10.3982/ecta8121,,10.3982/ecta8121,B18
is trade good or bad for the environment sorting out the causality,Jeffrey A. Frankel|Andrew K. Rose,2005,997,NOT Open Access,https://doi.org/10.1162/0034653053327577,,10.1162/0034653053327577,B18
watering down environmental regulation in china,Guojun He|Shaoda Wang|Bing Zhang,2020,934,NOT Open Access,https://doi.org/10.1093/qje/qjaa024,,10.1093/qje/qjaa024,B18
environmental policy and exports evidence from chinese cities,Laura Hering|Sandra Poncet,2014,805,NOT Open Access,https://doi.org/10.1016/j.jeem.2014.06.005,,10.1016/j.jeem.2014.06.005,B18
environmental regulation and productivity evidence from oil refineries,Eli Berman|Linda Bui,2001,748,NOT Open Access,https://doi.org/10.1162/00346530152480144,,10.1162/00346530152480144,B18
firm productivity and export markets a non parametric approach,Miguel A. Delgado|José Carlos Fariñas|Sonia Ruano,2002,719,Open Access,https://doi.org/10.1016/s0022-1996(01)00154-4,,10.1016/s0022-1996(01)00154-4,B18
are foreign investors attracted to weak environmental regulations evaluating the evidence from china,Judith M. Dean|Mary E. Lovely|Hua Wang,2008,660,Open Access,https://doi.org/10.1016/j.jdeveco.2008.11.007,,10.1016/j.jdeveco.2008.11.007,B18
environmental regulation and firm exports evidence from the eleventh five year plan in china,Xinzheng Shi|Zhufeng Xu,2018,569,NOT Open Access,https://doi.org/10.1016/j.jeem.2018.03.003,,10.1016/j.jeem.2018.03.003,B18
climate change humidity and mortality in the united states,Alan Barreca,2011,399,Open Access,https://doi.org/10.1016/j.jeem.2011.07.004,,10.1016/j.jeem.2011.07.004,B18
climate shocks and exports,Benjamin F. Jones|Benjamin Olken,2010,345,Open Access,https://doi.org/10.1257/aer.100.2.454,"This paper uses international trade data to examine the effects of climate shocks on economic activity. At the aggregate level, Melissa Dell, Benjamin F. Jones, and Benjamin A. Olken (2008) (hereafter, DJO) have demonstrated that higher temperatures in a given year reduce the growth rate of GDP per capita, but only in poor countries. The analysis of trade data in this paper builds on that finding, with three principal motivations. First, international trade links the fortunes of countries, providing potentially important conduits for geographically limited climatic impacts to have global economic effects. Second, international trade data is the best available source for identifying economic activity worldwide separately by narrowly defined sectors. Examining international trade data, one can thus say more precisely what sectors are affected by climatic changes. Finally, the trade data, collected by the importing country, provides a check on the potentially low-quality national accounts data provided by the home country.",10.1257/aer.100.2.454,B18
valuing school quality using boundary discontinuities,Stephen Gibbons|Stephen Machin|Olmo Silva,2012,295,Open Access,https://doi.org/10.1016/j.jue.2012.11.001,,10.1016/j.jue.2012.11.001,B18
trade and the environment new methods measurements and results,Jevan Cherniwchan|Brian R. Copeland|M. Scott Taylor,2017,288,NOT Open Access,https://doi.org/10.1146/annurev-economics-063016-103756,,10.1146/annurev-economics-063016-103756,B18
place based policies state led industrialisation and regional development evidence from china s great western development programme,Junxue Jia|Guangrong Ma|Cong Qin|Liyan Wang,2020,167,NOT Open Access,https://doi.org/10.1016/j.euroecorev.2020.103398,,10.1016/j.euroecorev.2020.103398,B18
political hierarchy and regional economic development evidence from a spatial discontinuity in china,Junxue Jia|Xuan Liang|Guangrong Ma,2021,134,NOT Open Access,https://doi.org/10.1016/j.jpubeco.2020.104352,,10.1016/j.jpubeco.2020.104352,B18
regulating conglomerates evidence from an energy conservation program in china,Qiaoyi Chen|Chen Zhao|Zhikuo Liu|Juan Carlos Suárez Serrato|Daniel Yi Xu,2025,92,NOT Open Access,https://doi.org/10.1257/aer.20211455,,10.1257/aer.20211455,B18
a comparison of methods for calculating population exposure estimates of daily weather for health research,Ivan Hanigan|Gillian Hall|Keith Dear,2006,60,Open Access,https://doi.org/10.1186/1476-072x-5-38,"BACKGROUND: To explain the possible effects of exposure to weather conditions on population health outcomes, weather data need to be calculated at a level in space and time that is appropriate for the health data. There are various ways of estimating exposure values from raw data collected at weather stations but the rationale for using one technique rather than another; the significance of the difference in the values obtained; and the effect these have on a research question are factors often not explicitly considered. In this study we compare different techniques for allocating weather data observations to small geographical areas and different options for weighting averages of these observations when calculating estimates of daily precipitation and temperature for Australian Postal Areas. Options that weight observations based on distance from population centroids and population size are more computationally intensive but give estimates that conceptually are more closely related to the experience of the population. RESULTS: Options based on values derived from sites internal to postal areas, or from nearest neighbour sites--that is, using proximity polygons around weather stations intersected with postal areas--tended to include fewer stations' observations in their estimates, and missing values were common. Options based on observations from stations within 50 kilometres radius of centroids and weighting of data by distance from centroids gave more complete estimates. Using the geographic centroid of the postal area gave estimates that differed slightly from the population weighted centroids and the population weighted average of sub-unit estimates. CONCLUSION: To calculate daily weather exposure values for analysis of health outcome data for small areas, the use of data from weather stations internal to the area only, or from neighbouring weather stations (allocated by the use of proximity polygons), is too limited. The most appropriate method conceptually is the use of weather data from sites within 50 kilometres radius of the area weighted to population centres, but a simpler acceptable option is to weight to the geographic centroid.",10.1186/1476-072x-5-38,B18
price elasticities of demand and air pollution control,Robert E. Kohn,1972,13,NOT Open Access,https://doi.org/10.2307/1924566,,10.2307/1924566,B18
air pollution as comparative disadvantage,Shi-Ting He|Liugang Sheng|Peng Zhang,2026,1,NOT Open Access,https://doi.org/10.1016/j.jpubeco.2025.105560,,10.1016/j.jpubeco.2025.105560,B18
wages rents and the quality of life,Jennifer Roback,1982,3208,NOT Open Access,https://doi.org/10.1086/261120,,10.1086/261120,B19
identification properties of recent production function estimators,Daniel A. Ackerberg|Kevin W. Caves|Garth Frazer,2015,2234,Open Access,https://doi.org/10.3982/ecta13408,Peer Reviewed,10.3982/ecta13408,B19
understanding farmers intention and willingness to install renewable energy technology a solution to reduce the environmental emissions of agriculture,Ehsan Elahi|Zainab Khalid|Zhixin Zhang,2022,442,NOT Open Access,https://doi.org/10.1016/j.apenergy.2021.118459,,10.1016/j.apenergy.2021.118459,B19
effects of air pollutants on airway diseases,Yun-Gi Lee|Pureun‐Haneul Lee|Seon-Muk Choi|Min‐Hyeok An|An‐Soo Jang,2021,168,Open Access,https://doi.org/10.3390/ijerph18189905,"Air pollutants include toxic particles and gases emitted in large quantities from many different combustible materials. They also include particulate matter (PM) and ozone, and biological contaminants, such as viruses and bacteria, which can penetrate the human airway and reach the bloodstream, triggering airway inflammation, dysfunction, and fibrosis. Pollutants that accumulate in the lungs exacerbate symptoms of respiratory diseases such as asthma and chronic obstructive pulmonary disease (COPD). Asthma, a heterogeneous disease with complex pathological mechanisms, is characterized by particular symptoms such as shortness of breath, a tight chest, coughing, and wheezing. Patients with COPD often experience exacerbations and worsening of symptoms, which may result in hospitalization and disease progression. PM varies in terms of composition, and can include solid and liquid particles of various sizes. PM concentrations are higher in urban areas. Ozone is one of the most toxic photochemical air pollutants. In general, air pollution decreases quality of life and life expectancy. It exacerbates acute and chronic respiratory symptoms in patients with chronic airway diseases, and increases the morbidity and risk of hospitalization associated with respiratory diseases. However, the mechanisms underlying these effects remain unclear. Therefore, we reviewed the impact of air pollutants on airway diseases such as asthma and COPD, focusing on their underlying mechanisms.",10.3390/ijerph18189905,B19
nonmonetary benefits quality of life and executive compensation,Xin Deng|Huasheng Gao,2013,134,Open Access,https://doi.org/10.1017/s0022109013000033,"Abstract We examine the effects of nonmonetary benefits on overall executive compensation from the perspective of the living environment at the firm headquarters. Companies in polluted, high crime rate, or otherwise unpleasant locations pay higher compensation to their chief executive officers (CEOs) than companies located in more livable locations. This premium in pay for quality of life is stronger when firms face tougher competition in the managerial labor market, when the CEO is hired from outside, and when the CEO has short-term career concerns. Overall, the geographic desirability of the corporate headquarters is an effective substitute for CEO monetary pay.",10.1017/s0022109013000033,B19
avoidance behavior against air pollution evidence from online search indices for anti pm2 5 masks and air filters in chinese cities,Tong Liu|Guojun He|Alexis K.H. Lau,2017,90,NOT Open Access,https://doi.org/10.1007/s10018-017-0196-3,,10.1007/s10018-017-0196-3,B19
the geographies of producer services,William J. Coffey,2000,100,NOT Open Access,https://doi.org/10.2747/0272-3638.21.2.170,,10.2747/0272-3638.21.2.170,B19
firm productivity pollution and output theory and empirical evidence from china,Erzi Tang|Jingjing Zhang|Zulfiqar Haider,2015,25,NOT Open Access,https://doi.org/10.1007/s11356-015-5020-7,,10.1007/s11356-015-5020-7,B19
air pollution and entrepreneurship evidence from china,Xiaokun Wei|Yan Jiang|Tian Gan,2023,23,NOT Open Access,https://doi.org/10.1080/00036846.2023.2203454,,10.1080/00036846.2023.2203454,B19
co2 emissions decoupling from added value growth in the chemical and pharmaceutical chph industry in nigeria,Fidelis I. Abam|Oliver I. Inah|Ekwe B. Ekwe|Dodeye Ina Igbong|Samuel O. Effiom|Friday A. Ovat|Oku Nyong|Ikem A. Ikem,2023,17,Open Access,https://doi.org/10.47852/bonviewglce3202622,"Nigeria's in its Third National Communication (NTNC) current emissions estimate stipulate that its emissions intensities will continuously increase till 2030, and mitigations measures may not be deep and adequate to meet the upper range of its national reduction goals. Analysing the decoupling states with industrial added-value (IAV) growth, carbon emissions (CE) and the driving forces from a firm-level perspective is critical for the Nigerian state to actualised its 2030 emission reduction objective. Based on the Logarithm Mean Divisia Index (LMDI) procedure and the Tapio index approach, the drivers of CE in Nigeria's chemical and pharmaceutical (CHPH) industry were decomposed, and the decoupling states were measured between 2000 and 2020. The results show that CE increased from 4228.3 Mt in 2000 to 22220.7 Mt in 2020, about 4.3 times higher. The IAV growth in this period increased by 1.667%, while the coefficient of emission contracted in 2009 with an average progression rate of 4.4%. The decomposition analysis shows that the most influencing factors of CE were the change in the energy mix (∆EMIX) and energy intensity (∆EI) effects. In contrast, the carbon emissions coefficient (∆CI) effect was the significant driver that reduced CO2 emission. Two decoupling states were revealed: expansive negative decoupling (END) and strong negative decoupling (SND). Conversely, overall, the CE of Nigeria's CHPH industry demonstrated an expansive negative decoupling state with IAV growth. This suggests that the industry's energy consumption increased faster than value-added, with the resultant effect of emissions on the environment. However, the study made clear recommendations for low-carbon policy and environmental sustainability. Received: 1 January 2023 | Revised: 9 February 2023 | Accepted: 15 February 2023 Conflicts of Interest The authors declare that they have no conflicts of interest to this work.",10.47852/bonviewglce3202622,B19
how does air pollution affect household energy expenditure a micro empirical study based on avoidance behavior,Xiahai Wei|Jiawei Xu|Yunming Kuang,2023,12,NOT Open Access,https://doi.org/10.1016/j.jenvman.2023.117931,,10.1016/j.jenvman.2023.117931,B19
effects of short and long term exposures to multiple air pollutants on depression among the labor force a nationwide longitudinal study in china,Jiahui Tong|Ke Zhang|Zhongyang Chen|Mengnan Pan|Huanfeng Shen|Feifei Liu|Hao Xiang,2024,9,NOT Open Access,https://doi.org/10.1016/j.scitotenv.2024.172614,,10.1016/j.scitotenv.2024.172614,B19
what you breathe makes you poor the effect of air pollution on income,Jiada Lin|Haiyuan Wan|Yangcheng Yu,2023,6,NOT Open Access,https://doi.org/10.1016/j.chieco.2023.102103,,10.1016/j.chieco.2023.102103,B19
air pollution educational achievements and human capital formation,"LSE, UK|Sefi Roth",2017,21,Open Access,https://doi.org/10.15185/izawol.381,"The link between air pollution and human health is well-documented in the epidemiology and economic literature. Recently, an increasing body of research has shown that air pollution—even in relatively low doses—also affects educational outcomes across several distinct age groups and varying lengths of exposure. This implies that a narrow focus on traditional health outcomes, such as morbidity and mortality, may understate the true benefit of reducing pollution, as air pollution also affects scholastic achievement and human capital formation.",10.15185/izawol.381,B19
how does perceived environmental pollution affect migration interests adapt or flee,Yexin Zhou|Bo Yuan|Bin Liang|Qi Cui|Shengling Zhang|Juan He,2022,7,NOT Open Access,https://doi.org/10.1080/00036846.2022.2102130,,10.1080/00036846.2022.2102130,B19
the air pollution fertility relationship evidence from china,Shuo Huang|Jun Wu|Mike Z. He,2024,2,NOT Open Access,https://doi.org/10.1080/00036846.2024.2331028,,10.1080/00036846.2024.2331028,B19
sources of comparative advantage in polluting industries,Fernando Broner|Paula Bustos|Vasco M. Carvalho,2012,159,Open Access,https://doi.org/10.3386/w18337,"We study the determinants of comparative advantage in polluting industries. We combine data on environmental policy at the country level with data on pollution intensity at the industry level to show that countries with laxer environmental regulation have a comparative advantage in polluting industries. Further, we address the potential problem of reverse causality. We propose an instrument for environmental regulation based on meteorological determinants of pollution dispersion identied by the atmospheric pollution literature. We find that the effect of environmental regulation on the pattern of trade is causal and comparable in magnitude to the effect of physical and human capital.",10.3386/w18337,B19
air pollution and innovation,Felix Bracht|Dennis Verhoeven,2021,3,Open Access,https://doi.org/10.2139/ssrn.3808260,,10.2139/ssrn.3808260,B19
human health effects of air pollution,Marilena Kampa|Elias Castanas,2007,4536,NOT Open Access,https://doi.org/10.1016/j.envpol.2007.06.012,,10.1016/j.envpol.2007.06.012,B20
ambient pollution and heart rate variability,Diane R. Gold|Augusto A. Litonjua|Joel Schwartz|Eric G. Lovett|Andrew C. Larson|Bruce D. Nearing|George Allen|Monique Verrier|Rebecca C. Cherry|Richard L. Verrier,2000,875,NOT Open Access,https://doi.org/10.1161/01.cir.101.11.1267,,10.1161/01.cir.101.11.1267,B20
strike three discrimination incentives and evaluation,Christopher A. Parsons|Johan Sulaeman|Michael Yates|Daniel S. Hamermesh,2011,296,NOT Open Access,https://doi.org/10.1257/aer.101.4.1410,,10.1257/aer.101.4.1410,B20
decision making under the gambler s fallacy evidence from asylum judges loan officers and baseball umpires,Daniel L. Chen|Tobias J. Moskowitz|Kelly Shue,2016,286,Open Access,https://doi.org/10.1093/qje/qjw017,"Abstract We find consistent evidence of negative autocorrelation in decision making that is unrelated to the merits of the cases considered in three separate high-stakes field settings: refugee asylum court decisions, loan application reviews, and Major League Baseball umpire pitch calls. The evidence is most consistent with the law of small numbers and the gambler’s fallacy—people underestimating the likelihood of sequential streaks occurring by chance—leading to negatively autocorrelated decisions that result in errors. The negative autocorrelation is stronger among more moderate and less experienced decision makers, following longer streaks of decisions in one direction, when the current and previous cases share similar characteristics or occur close in time, and when decision makers face weaker incentives for accuracy. Other explanations for negatively autocorrelated decisions such as quotas, learning, or preferences to treat all parties fairly are less consistent with the evidence, though we cannot completely rule out sequential contrast effects as an alternative explanation.",10.1093/qje/qjw017,B20
carbon monoxide and the nervous system,James A. Raub|Vernon A. Benignus,2002,202,NOT Open Access,https://doi.org/10.1016/s0149-7634(03)00002-2,,10.1016/s0149-7634(03)00002-2,B20
seeing stars matthew effects and status bias in major league baseball umpiring,Jerry W. Kim|Brayden G King,2014,176,NOT Open Access,https://doi.org/10.1287/mnsc.2014.1967,,10.1287/mnsc.2014.1967,B20
who benefits from environmental regulation evidence from the clean air act amendments,Antonio M. Bento|Matthew Freedman|Corey Lang,2014,149,Open Access,https://doi.org/10.1162/rest_a_00493,"Using geographically disaggregated data and exploiting an instrumental variable strategy, we show that contrary to conventional wisdom, the benefits of the 1990 Clean Air Act Amendments (CAAA) were progressive. The CAAA created incentives for local regulators to target the initially dirtiest areas for cleanup, creating heterogeneity in the incidence of air quality improvements that favored lower-income households. Based on house price appreciation, households in the lowest quintile of the income distribution received annual benefits from the program equal to 0.3% of their income on average during the 1990s, over twice as much as those in the highest quintile.",10.1162/rest_a_00493,B20
scheduling major league baseball umpires and the traveling umpire problem,Michael A. Trick|Hakan Yıldız|Tallys Yunes,2011,71,NOT Open Access,https://doi.org/10.1287/inte.1100.0514,,10.1287/inte.1100.0514,B20
neuropsychological impairment from acute low level exposure to carbon monoxide,Yona Amitai|Zoli Zlotogorski|Vered Golan-Katzav|Anya Wexler|Ditza Gross,1998,147,NOT Open Access,https://doi.org/10.1001/archneur.55.6.845,,10.1001/archneur.55.6.845,B20
effect of air pollution on marathon running performance,Linsey C. Marr|Matthew R. Ely,2010,98,NOT Open Access,https://doi.org/10.1249/mss.0b013e3181b84a85,,10.1249/mss.0b013e3181b84a85,B20
bayesian distributed lag models estimating effects of particulate matter air pollution on daily mortality,Leah J. Welty|Roger D. Peng|Scott L. Zeger|Francesca Dominici,2008,85,NOT Open Access,https://doi.org/10.1111/j.1541-0420.2007.01039.x,,10.1111/j.1541-0420.2007.01039.x,B20
estimation of short term effects of air pollution on stroke hospital admissions in southern sweden,Anna Oudin|Ulf Strömberg|Kristina Jakobsson|Emilie Stroh|Jonas Björk,2010,79,NOT Open Access,https://doi.org/10.1159/000274807,,10.1159/000274807,B20
on the concept of health capital and the demand for health,Michael Grossman,1972,5797,NOT Open Access,https://doi.org/10.1086/259880,,10.1086/259880,B21
social and economic impacts of climate,Tamma Carleton|Solomon Hsiang,2016,1341,NOT Open Access,https://doi.org/10.1126/science.aad9837,,10.1126/science.aad9837,B21
technical performance during soccer matches of the italian serie a league effect of fatigue and competitive level,Ermanno Rampinini|Franco M. Impellizzeri|Carlo Castagna|Aaron J. Coutts|Ulrik Wisløff,2009,809,NOT Open Access,https://doi.org/10.1016/j.jsams.2007.10.002,,10.1016/j.jsams.2007.10.002,B21
straw burning pm2 5 and death evidence from china,Guojun He|Tong Liu|Maigeng Zhou,2020,327,NOT Open Access,https://doi.org/10.1016/j.jdeveco.2020.102468,,10.1016/j.jdeveco.2020.102468,B21
the possession game a comparative analysis of ball retention and team success in european and international football 2007 2010,Christian Collet,2012,303,NOT Open Access,https://doi.org/10.1080/02640414.2012.727455,,10.1080/02640414.2012.727455,B21
exercise and outdoor ambient air pollution,Alison Carlisle|N. C. Craig Sharp,2001,242,Open Access,https://doi.org/10.1136/bjsm.35.4.214,"OBJECTIVES: To establish by literature survey: (a) levels at which air pollutants are considered damaging to human health and to exercisers in particular; (b) the current ambient levels experienced in the United Kingdom; (c) whether athletes are especially at risk. METHODS: Six major urban air pollutants were examined: carbon monoxide (CO); nitrogen oxides (NO(X)); ozone (O(3)); particulate matter (PM(10)); sulphur dioxide (SO(2)); volatile organic compounds (VOCs). RESULTS: CO is detrimental to athletic performance. NO(2) is of concern to human health, but outdoor levels are low. O(3) poses a potentially serious risk to exercising athletes. Decrements in lung function result from exposure, and there is evidence that athletic performance may be affected. Detrimental effects may occur at low ambient levels, but there is no scientific consensus on this matter. PM(10) is causing concern in the scientific community. Blood lead accumulation during exercise indicates that personal exposure to toxic compounds associated with PM(10) may be magnified. Generally, outdoor ambient levels of SO(2) are too low to cause a problem to the athlete, except the asthmatic athlete. The few studies on exposure of exercisers to VOCs are reviewed. CONCLUSIONS: Athletes and exercisers should avoid exercising by the road side even though levels of the more noxious air pollutants have been controlled in the United Kingdom. O(3) is particularly damaging to athletes; it reaches its highest concentrations on hot bright days in rural areas.",10.1136/bjsm.35.4.214,B21
the green waves of environmental sustainability in sport,Brian P. McCullough|Michael E. Pfahl|Sheila Nguyen,2015,216,NOT Open Access,https://doi.org/10.1080/17430437.2015.1096251,,10.1080/17430437.2015.1096251,B21
which pass is better novel approaches to assess passing effectiveness in elite soccer,Robert Rein|Dominik Raabe|Daniel Memmert,2017,198,NOT Open Access,https://doi.org/10.1016/j.humov.2017.07.010,,10.1016/j.humov.2017.07.010,B21
causal effects of an absent crowd on performances and refereeing decisions during covid 19,Alex Bryson|Peter Dolton|J. James Reade|Dominik Schreyer|Carl Singleton,2020,194,Open Access,https://doi.org/10.1016/j.econlet.2020.109664,,10.1016/j.econlet.2020.109664,B21
air pollution impact and prevention,Martha Patricia Sierra-Vargas|Luis M. Terán,2012,187,Open Access,https://doi.org/10.1111/j.1440-1843.2012.02213.x,"Air pollution is becoming a major health problem that affects millions of people worldwide. In support of this observation, the World Health Organization estimates that every year, 2.4 million people die because of the effects of air pollution on health. Mitigation strategies such as changes in diesel engine technology could result in fewer premature mortalities, as suggested by the US Environmental Protection Agency. This review: (i) discusses the impact of air pollution on respiratory disease; (ii) provides evidence that reducing air pollution may have a positive impact on the prevention of disease; and (iii) demonstrates the impact concerted polices may have on population health when governments take actions to reduce air pollution.",10.1111/j.1440-1843.2012.02213.x,B21
the carbon footprint of active sport participants,Pamela Wicker,2018,186,NOT Open Access,https://doi.org/10.1016/j.smr.2018.07.001,,10.1016/j.smr.2018.07.001,B21
air pollution as a cause of sleeplessness social media evidence from a panel of chinese cities,Anthony Heyes|Mingying Zhu,2019,179,Open Access,https://doi.org/10.1016/j.jeem.2019.07.002,,10.1016/j.jeem.2019.07.002,B21
the carbon footprint of active sport tourists an empirical analysis of skiers and boarders,Pamela Wicker,2017,98,NOT Open Access,https://doi.org/10.1080/14775085.2017.1313706,,10.1080/14775085.2017.1313706,B21
emerging environmental and weather challenges in outdoor sports,Franck Brocherie|Olivier Girard|Grégoire P. Millet,2015,96,Open Access,https://doi.org/10.3390/cli3030492,"Given the climatic changes around the world and the growing outdoor sports participation, existing guidelines and recommendations for exercising in naturally challenging environments such as heat, cold or altitude, exhibit potential shortcomings. Continuous efforts from sport sciences and exercise physiology communities aim at minimizing the risks of environmental-related illnesses during outdoor sports practices. Despite this, the use of simple weather indices does not permit an accurate estimation of the likelihood of facing thermal illnesses. This provides a critical foundation to modify available human comfort modeling and to integrate bio-meteorological data in order to improve the current guidelines. Although it requires further refinement, there is no doubt that standardizing the recently developed Universal Thermal Climate Index approach and its application in the field of sport sciences and exercise physiology may help to improve the appropriateness of the current guidelines for outdoor, recreational and competitive sports participation. This review first summarizes the main environmental-related risk factors that are susceptible to increase with recent climate changes when exercising outside and offers recommendations to combat them appropriately. Secondly, we briefly address the recent development of thermal stress models to assess the thermal comfort and physiological responses when practicing outdoor activities in challenging environments.",10.3390/cli3030492,B21
reconstructing 6 hourly pm 2 5 datasets from 1960 to 2020 in china,Junting Zhong|Xiaoye Zhang|Ke Gui|Jie Liao|Ye Fei|Lipeng Jiang|Lifeng Guo|Liangke Liu|Huizheng Che|Yaqiang Wang|Deying Wang|Zijiang Zhou,2022,53,Open Access,https://doi.org/10.5194/essd-14-3197-2022,"Abstract. Fine particulate matter (PM2.5) has altered the radiation balance on Earth and raised environmental and health risks for decades but has only been monitored widely since 2013 in China. Historical long-term PM2.5 records with high temporal resolution are essential but lacking for both research and environmental management. Here, we reconstruct a site-based PM2.5 dataset at 6 h intervals from 1960 to 2020 that combines long-term visibility, conventional meteorological observations, emissions, and elevation. The PM2.5 concentration at each site is estimated based on an advanced machine learning model, LightGBM, that takes advantage of spatial features from 20 surrounding meteorological stations. Our model's performance is comparable to or even better than those of previous studies in by-year cross validation (CV) (R2=0.7) and spatial CV (R2=0.76) and is more advantageous in long-term records and high temporal resolution. This model also reconstructs a 0.25∘ × 0.25∘, 6-hourly, gridded PM2.5 dataset by incorporating spatial features. The results show PM2.5 pollution worsens gradually or maintains before 2010 from an interdecadal scale but mitigates in the following decade. Although the turning points vary in different regions, PM2.5 mass concentrations in key regions decreased significantly after 2013 due to clean air actions. In particular, the annual average value of PM2.5 in 2020 is nearly the lowest since 1960. These two PM2.5 datasets (publicly available at https://doi.org/10.5281/zenodo.6372847, Zhong et al., 2022) provide spatiotemporal variations at high resolution, which lay the foundation for research studies associated with air pollution, climate change, and atmospheric chemical reanalysis.",10.5194/essd-14-3197-2022,B21
pollution exposure and social conflicts evidence from china s daily data,Jianglong Li|Guanfei Meng,2023,36,NOT Open Access,https://doi.org/10.1016/j.jeem.2023.102870,,10.1016/j.jeem.2023.102870,B21
inhaled whole exhaust and its effect on exercise performance and vascular function,Paul T. Cutrufello|Kenneth W. Rundell|James M. Smoliga|Georgios A. Stylianides,2011,77,NOT Open Access,https://doi.org/10.3109/08958378.2011.604106,,10.3109/08958378.2011.604106,B21
estimating the impact of major league baseball games on local air pollution,Stephen L. Locke,2018,46,NOT Open Access,https://doi.org/10.1111/coep.12404,,10.1111/coep.12404,B21
political blue sky evidence from the local annual two sessions in china,Qingling Shi|Chenchen Shi|Feng Guo,2020,40,NOT Open Access,https://doi.org/10.1016/j.reseneeco.2020.101165,,10.1016/j.reseneeco.2020.101165,B21
air pollution and attendance in the chinese super league environmental economics and the demand for sport,Nicholas M. Watanabe|Grace Yan|Brian P. Soebbing|Wantong Fu,2019,39,NOT Open Access,https://doi.org/10.1123/jsm.2018-0214,,10.1123/jsm.2018-0214,B21
impact of air pollution on running performance,Marika Cusick|Sebastian T. Rowland|Nicholas DeFelice,2023,25,Open Access,https://doi.org/10.1038/s41598-023-28802-x,"Abstract Air pollution exposures during training may impact race performances. We aggregated data on 334 collegiate male track & field athletes from 46 universities across the United States over 2010–2014. Using distributed lag non-linear models, we analyzed the relationship between race time and PM2.5, ozone, and two versions of the Air Quality Index (AQI) exposures up to 21 days prior to the race. We observed a 12.8 (95% CI: 1.3, 24.2) second and 11.5 (95% CI: 0.8, 22.1) second increase in race times from 21 days of PM2.5 exposure (10.0 versus 5.0 μg/m3) and ozone exposure (54.9 versus 36.9 ppm), respectively. Exposure measured by the two-pollutant threshold (PM2.5 and ozone) AQI was not significantly associated with race time; however, the association for summed two-pollutant AQI (PM2.5 plus ozone) was similar to associations observed for the individual pollutants (12.4, 95% CI: 1.8, 23.0 s). Training and competing at elevated air pollution levels, even at exposures within AQI’s good-to-moderate classifications, was associated with slower race times. This work provides an initial characterization of the effect of air pollution on running performance and a justification for why coaches should consider approaches to reduce air pollution exposures while training.",10.1038/s41598-023-28802-x,B21
can professional football players adapt to air pollution evidence from china,Yu Qin|Jing Wu|Rongjie Zhang,2021,13,NOT Open Access,https://doi.org/10.1177/15270025211049793,,10.1177/15270025211049793,B21
an association between air pollution and mortality in six u s cities,Douglas W. Dockery|C. Arden Pope|Xiping Xu|John D. Spengler|James H. Ware|Martha E. Fay|Benjamin G. Ferris|Frank E. Speizer,1993,8183,Open Access,https://doi.org/10.1056/nejm199312093292401,"BACKGROUND: Recent studies have reported associations between particulate air pollution and daily mortality rates. Population-based, cross-sectional studies of metropolitan areas in the United States have also found associations between particulate air pollution and annual mortality rates, but these studies have been criticized, in part because they did not directly control for cigarette smoking and other health risks. METHODS: In this prospective cohort study, we estimated the effects of air pollution on mortality, while controlling for individual risk factors. Survival analysis, including Cox proportional-hazards regression modeling, was conducted with data from a 14-to-16-year mortality follow-up of 8111 adults in six U.S. cities. RESULTS: Mortality rates were most strongly associated with cigarette smoking. After adjusting for smoking and other risk factors, we observed statistically significant and robust associations between air pollution and mortality. The adjusted mortality-rate ratio for the most polluted of the cities as compared with the least polluted was 1.26 (95 percent confidence interval, 1.08 to 1.47). Air pollution was positively associated with death from lung cancer and cardiopulmonary disease but not with death from other causes considered together. Mortality was most strongly associated with air pollution with fine particulates, including sulfates. CONCLUSIONS: Although the effects of other, unmeasured risk factors cannot be excluded with certainty, these results suggest that fine-particulate air pollution, or a more complex pollution mixture associated with fine particulate matter, contributes to excess mortality in certain U.S. cities.",10.1056/nejm199312093292401,B22
on the pooling of time series and cross section data,Yair Mundlak,1978,5313,NOT Open Access,https://doi.org/10.2307/1913646,,10.2307/1913646,B22
bootstrap based improvements for inference with clustered errors,A. Colin Cameron|Jonah B. Gelbach|Douglas L. Miller,2008,4134,NOT Open Access,https://doi.org/10.1162/rest.90.3.414,,10.1162/rest.90.3.414,B22
translocation of inhaled ultrafine manganese oxide particles to the central nervous system,Alison Elder|Robert Gelein|Vanessa Silva|Tessa Feikert|Lisa A. Opanashuk|Janet Carter|Russell M. Potter|Andrew Maynard|Yasuo Ito|Jacob N. Finkelstein|Günter Oberdörster,2006,1177,Open Access,https://doi.org/10.1289/ehp.9030,"BACKGROUND: Studies in monkeys with intranasally instilled gold ultrafine particles (UFPs; <100 nm) and in rats with inhaled carbon UFPs suggested that solid UFPs deposited in the nose travel along the olfactory nerve to the olfactory bulb. METHODS: To determine if olfactory translocation occurs for other solid metal UFPs and assess potential health effects, we exposed groups of rats to manganese (Mn) oxide UFPs (30 nm; approximately 500 microg/m(superscript)3(/superscript)) with either both nostrils patent or the right nostril occluded. We analyzed Mn in lung, liver, olfactory bulb, and other brain regions, and we performed gene and protein analyses. RESULTS: After 12 days of exposure with both nostrils patent, Mn concentrations in the olfactory bulb increased 3.5-fold, whereas lung Mn concentrations doubled; there were also increases in striatum, frontal cortex, and cerebellum. Lung lavage analysis showed no indications of lung inflammation, whereas increases in olfactory bulb tumor necrosis factor-alpha mRNA (approximately 8-fold) and protein (approximately 30-fold) were found after 11 days of exposure and, to a lesser degree, in other brain regions with increased Mn levels. Macrophage inflammatory protein-2, glial fibrillary acidic protein, and neuronal cell adhesion molecule mRNA were also increased in olfactory bulb. With the right nostril occluded for a 2-day exposure, Mn accumulated only in the left olfactory bulb. Solubilization of the Mn oxide UFPs was <1.5% per day. CONCLUSIONS: We conclude that the olfactory neuronal pathway is efficient for translocating inhaled Mn oxide as solid UFPs to the central nervous system and that this can result in inflammatory changes. We suggest that despite differences between human and rodent olfactory systems, this pathway is relevant in humans.",10.1289/ehp.9030,B22
addressing global mortality from ambient pm 2 5,Joshua S. Apte|Julian Marshall|Aaron Cohen|Michael Bräuer,2015,1015,Open Access,https://doi.org/10.1021/acs.est.5b01236,"Ambient fine particulate matter (PM2.5) has a large and well-documented global burden of disease. Our analysis uses high-resolution (10 km, global-coverage) concentration data and cause-specific integrated exposure-response (IER) functions developed for the Global Burden of Disease 2010 to assess how regional and global improvements in ambient air quality could reduce attributable mortality from PM2.5. Overall, an aggressive global program of PM2.5 mitigation in line with WHO interim guidelines could avoid 750 000 (23%) of the 3.2 million deaths per year currently (ca. 2010) attributable to ambient PM2.5. Modest improvements in PM2.5 in relatively clean regions (North America, Europe) would result in surprisingly large avoided mortality, owing to demographic factors and the nonlinear concentration-response relationship that describes the risk of particulate matter in relation to several important causes of death. In contrast, major improvements in air quality would be required to substantially reduce mortality from PM2.5 in more polluted regions, such as China and India. Moreover, forecasted demographic and epidemiological transitions in India and China imply that to keep PM2.5-attributable mortality rates (deaths per 100 000 people per year) constant, average PM2.5 levels would need to decline by ∼20-30% over the next 15 years merely to offset increases in PM2.5-attributable mortality from aging populations. An effective program to deliver clean air to the world's most polluted regions could avoid several hundred thousand premature deaths each year.",10.1021/acs.est.5b01236,B22
the effect of language on economic behavior evidence from savings rates health behaviors and retirement assets,M. Keith Chen,2013,748,Open Access,https://doi.org/10.1257/aer.103.2.690,"Languages differ widely in the ways they encode time. I test the hypothesis that the languages that grammatically associate the future and the present, foster future-oriented behavior. This prediction arises naturally when well-documented effects of language structure are merged with models of intertemporal choice. Empirically, I find that speakers of such languages: save more, retire with more wealth, smoke less, practice safer sex, and are less obese. This holds both across countries and within countries when comparing demographically similar native households. The evidence does not support the most obvious forms of common causation. I discuss implications for theories of intertemporal choice.",10.1257/aer.103.2.690,B22
environment health and human capital,Joshua Graff Zivin|Matthew Neidell,2013,581,NOT Open Access,https://doi.org/10.1257/jel.51.3.689,,10.1257/jel.51.3.689,B22
air pollution and daily mortality in residential areas of beijing china,Xiping Xu|Jun Gao|Jun Gao|Yude Chen,1994,274,NOT Open Access,https://doi.org/10.1080/00039896.1994.9937470,,10.1080/00039896.1994.9937470,B22
labor supply of new york city cabdrivers one day at a time,Colin F. Camerer|Lyndon R. Babcock|George Loewenstein|Richard H. Thaler,1997,1248,NOT Open Access,https://doi.org/10.1162/003355397555244,,10.1162/003355397555244,B23
amplified ozone pollution in cities during the covid 19 lockdown,Pierre Sicard|Alessandra De Marco|Evgenios Agathokleous|Zhaozhong Feng|Xiaobin Xu|Elena Paoletti|J. Rodriguez|Vicent Calatayud,2020,826,Open Access,https://doi.org/10.1016/j.scitotenv.2020.139542,,10.1016/j.scitotenv.2020.139542,B23
ozone pollution a major health hazard worldwide,Junfeng Zhang|Yongjie Wei|Zhangfu Fang,2019,814,Open Access,https://doi.org/10.3389/fimmu.2019.02518,"Oxides of nitrogen (NOx) and volatile organic compounds (VOCs) released into the atmosphere can react in the presence of solar irradiation, leading to ozone formation in the troposphere. Historically before clean air regulations were implemented to control NOx and VOCs, ozone concentrations were high enough to exert acute effects such as eye and nose irritation, respiratory disease emergencies, and lung function impairment. At or above current regulatory standards, day-to-day variations in ozone concentrations have been positively associated with asthma incidence and daily non-accidental mortality rate. Emerging evidence has shown that both short-term and long-term exposures to ozone, at concentrations below the current regulatory standards, were associated with increased mortality due to respiratory and cardiovascular diseases. The pathophysiology to support the epidemiologic associations between mortality and morbidity and ozone centers at the chemical and toxicological property of ozone as a strong oxidant, being able to induce oxidative damages to cells and the lining fluids of the airways, and immune-inflammatory responses within and beyond the lung. These new findings add substantially to the existing challenges in controlling ozone pollution. For example, in the United States in 2016, 90% of noncompliance to the national ambient air quality standards was due to ozone whereas only 10% was due to particulate matter and other regulated pollutants. Climate change, through creating atmospheric conditions favoring ozone formation, has been and will continue to increase ozone concentrations in many parts of world. Worldwide, ozone is responsible for several hundreds of thousands premature deaths and tens of million asthma-related emergency room visits annually. To combat ozone pollution globally, more aggressive reductions in fossil fuel consumption are needed to cut NOx and VOCs as well as greenhouse gas emissions. Meanwhile, preventive and therapeutic strategies are needed to alleviate the detrimental effects of ozone especially in more susceptible individuals. Interventional trials in humans are needed to evaluate the efficacy of antioxidants and ozone-scavenging compounds that have shown promising results in animal studies.",10.3389/fimmu.2019.02518,B23
health effects of ozone a critical review,Morton Lippmann,1989,585,Open Access,https://doi.org/10.1080/08940630.1989.10466554,"Health and pollution control professionals and the general public need to develop a more complete understanding of the health effects of ozone (O3) because: 1) we have been unable to significantly reduce ambient O3 levels using current strategies and controls; 2) in areas occupied by more than half of the U.S. population, current peak ambient O3 concentrations are sufficient to elicit measurable transient changes in lung function, respiratory symptoms, and airway inflammation in healthy people engaged in normal outdoor exercise and recreational activities; 3) the effects of O3 on transient functional changes are sometimes greatly potentiated by the presence of other environmental variables; and 4) cumulative structural damage occurs in rats and monkeys exposed repetitively to O3 at levels within currently occurring ambient peaks, and initial evidence from dosimetry models and interspecies comparisons indicate that humans are likely to be more sensitive to O3 than rats. The extent and significance of these effects, and the multibillion dollar costs of ambient O3 controls need to be considered in any future revisions of ambient standards and the Clean Air Act. The transient effects of O3 are more closely related to cumulative daily exposure than to one hour peak concentrations, and future revisions of the ambient standard for O3 should take this into account. The effects of long-term chronic exposure to O3 remain poorly defined, but recent epidemiologic and animal inhalation studies suggest that current ambient levels are sufficient to cause premature aging of the lungs. More research is needed to determine the need for a standard with a seasonal or annual average concentration limit.",10.1080/08940630.1989.10466554,B23
clearing the air the effects of gasoline content regulation on air quality,Maximilian Auffhammer|Ryan Kellogg,2011,330,Open Access,https://doi.org/10.1257/aer.101.6.2687,"This paper examines whether US gasoline content regulations, which impose substantial costs on consumers, have successfully reduced ozone pollution. We take advantage of spatial and temporal variation in the regulations' implementation to show that federal gasoline standards, which allow refiners flexibility in choosing a compliance mechanism, did not improve air quality. This outcome occurred because minimizing the cost of compliance does not reduce emissions of those compounds most prone to forming ozone. In California, however, we find that precisely targeted, inflexible regulations requiring the removal of particularly harmful compounds significantly improved air quality. (JEL L51, L71, L78, Q53, Q58)",10.1257/aer.101.6.2687,B23
multiyear trends in volatile organic compounds in los angeles california five decades of decreasing emissions,C. Warneke|J. A. de Gouw|J. S. Holloway|Jeff Peischl|Thomas B. Ryerson|E. Atlas|D. R. Blake|M. Trainer|D. D. Parrish,2012,321,Open Access,https://doi.org/10.1029/2012jd017899,"Airborne measurements of volatile organic compounds (VOCs) were performed during CalNex 2010 (California Research at the Nexus of Air Quality and Climate Change) in the Los Angeles (LA) basin in May–June 2010 and during ITCT2k2 (Intercontinental Transport and Chemical Transformation) in May 2002. While CO2 enhancements in the basin were similar between the two years, the ΔCO/ΔCO2 ratio had decreased by about a factor of two. The ΔVOC/ΔCO emission ratios stayed relatively constant between the two years. This indicates that, relative to CO2, VOCs in the LA basin also decreased by about a factor of two since 2002. These data are compared with the results from various previous field campaigns dating back as early as 1960 and from the extensive air quality monitoring system in the LA basin going back to 1980. The results show that the mixing ratios of VOCs and CO have decreased by almost two orders of magnitude during the past five decades at an average annual rate of about 7.5%. Exceptions to this trend are the small alkanes ethane and propane, which have decreased slower due to the use and production of natural gas. A comparison with trends in London, UK shows that, due to stricter regulations at the time, VOC mixing ratios in LA decreased earlier than in London, albeit at a slower rate, such that typical mixing ratios in both cities in 2008 were at about the same level.",10.1029/2012jd017899,B23
association of ozone exposure with cardiorespiratory pathophysiologic mechanisms in healthy adults,Drew B. Day|Jianbang Xiang|Jinhan Mo|Feng Li|Ming Kei Chung|Jicheng Gong|Charles J. Weschler|Pamela Ohman‐Strickland|Jan Sundell|Wenguo Weng|Yinping Zhang|Junfeng Zhang,2017,271,NOT Open Access,https://doi.org/10.1001/jamainternmed.2017.2842,,10.1001/jamainternmed.2017.2842,B23
pollution and performance do investors make worse trades on hazy days,Jiekun Huang|Nianhang Xu|Honghai Yu,2020,232,NOT Open Access,https://doi.org/10.1287/mnsc.2019.3402,,10.1287/mnsc.2019.3402,B23
lung function and inflammatory responses in healthy young adults exposed to 0 06 ppm ozone for 6 6 hours,Chong S. Kim|Neil E. Alexis|Ana G. Rappold|Howard Kehrl|Milan J. Hazucha|John C. Lay|Mike T Schmitt|Martin Case|Robert B. Devlin|David B. Peden|David Díaz-Sánchez,2011,215,Open Access,https://doi.org/10.1164/rccm.201011-1813oc,"RATIONALE: Exposure to ozone causes a decrease in spirometric lung function and an increase in airway inflammation in healthy young adults at concentrations as low as 0.08 ppm, close to the National Ambient Air Quality Standard for ground level ozone. OBJECTIVES: To test whether airway effects occur below the current ozone standard and if they are more pronounced in potentially susceptible individuals, such as those deficient in the antioxidant gene glutathione S-transferase mu 1 (GSTM1). METHODS: Pulmonary function and subjective symptoms were measured in 59 healthy young adults (19-35 yr) immediately before and after exposure to 0.0 (clean air, CA) and 0.06 ppm ozone for 6.6 hours in a chamber while undergoing intermittent moderate exercise. The polymorphonuclear neutrophil (PMN) influx was measured in 24 subjects 16 to 18 hours postexposure. MEASUREMENTS AND MAIN RESULTS: Subjects experienced a significantly greater (P = 0.008) change in FEV(1) (± SE) immediately after exposure to 0.06 ppm ozone compared with CA (-1.71 ± 0.50% vs. -0.002 ± 0.46%). The decrement in FVC was also greater (P = 0.02) after ozone versus CA (-2.32 ± 0.41% vs. -1.13 ± 0.34%). Similarly, changes in %PMN were greater after ozone (54.0 ± 4.6%) than CA (38.3 ± 3.7%) exposure (P < 0.001). Symptom scores were not different between ozone versus CA. There were no significant differences in changes in FEV(1), FVC, and %PMN between subjects with GSTM1-positive and GSTM1-null genotypes. CONCLUSIONS: Exposure of healthy young adults to 0.06 ppm ozone for 6.6 hours causes a significant decrement of FEV(1) and an increase in neutrophilic inflammation in the airways. GSTM1 genotype alone appears to have no significant role in modifying the effects.",10.1164/rccm.201011-1813oc,B23
influence of temperature relative humidity and seasonal variability on ambient air quality in a coastal urban area,Ramasamy Jayamurugan|B. Kumaravel|S. Palanivelraja|M. P. Chockalingam,2013,209,Open Access,https://doi.org/10.1155/2013/264046,"The concentration of air pollutants in ambient air is governed by the meteorological parameters such as atmospheric wind speed, wind direction, relative humidity, and temperature. This study analyses the influence of temperature and relative humidity on ambient SO2, NOx, RSPM, and SPM concentrations at North Chennai, a coastal city in India, during monsoon, post-monsoon, summer, and pre-monsoon seasons for 2010-11 using regression analysis. The results of the study show that both SO2 and NOx were negatively correlated in summer ( r2=0.25 for SO2 and r2=0.15 for NOx) and moderately and positively correlated ( r2=0.32 for SO2 and r2=0.51 for NOx) during post-monsoon season with temperature. RSPM and SPM had positive correlation with temperature in all the seasons except post-monsoon one. These findings indicate that the influence of temperature on gaseous pollutant (SO2 & NOx) is much more effective in summer than other seasons, due to higher temperature range, but in case of particulate, the correlation was found contradictory. The very weak to moderate correlations existing between the temperature and ambient pollutant concentration during all seasons indicate the influence of inconstant thermal variation in the coastal region. Statistically significant negative correlations were found between humidity and particulates (RSPM and SPM) in all the four seasons, but level of correlation was found moderate only during monsoon ( r2=0.51 and r2=0.41 ) in comparison with other three seasons and no significant correlation was found between humidity and SO2, NOx in all the seasons. It is suggested from this study that the influence of humidity is effective on subsiding particulates in the coastal region.",10.1155/2013/264046,B23
association between ozone and hospitalization for acute respiratory diseases in children less than 2 years of age,Richard T. Burnett|Marc Smith-Doiron|Dave Stieb|Mark Raizenne|Jeffrey R. Brook|Robert Dales|Judy A. Leech|Sabit Cakmak|Daniel Krewski,2001,177,NOT Open Access,https://doi.org/10.1093/aje/153.5.444,,10.1093/aje/153.5.444,B23
a case study of surface ozone source apportionment during a high concentration episode under frequent shifting wind conditions over the yangtze river delta china,Jinhui Gao|Bin Zhu|Hui Xiao|Hanqing Kang|Xuewei Hou|Ping Shao,2015,160,NOT Open Access,https://doi.org/10.1016/j.scitotenv.2015.12.039,,10.1016/j.scitotenv.2015.12.039,B23
agricultural fires and health at birth,Marcos A. Rangel|Tom Vogl,2018,146,NOT Open Access,https://doi.org/10.1162/rest_a_00806,,10.1162/rest_a_00806,B23
the effects of license plate based driving restrictions on air quality theory and empirical evidence,Wei Zhang|C.‐Y. Cynthia Lin Lawell|Victoria I. Umanskaya,2016,140,NOT Open Access,https://doi.org/10.1016/j.jeem.2016.12.002,,10.1016/j.jeem.2016.12.002,B23
the effects of fuel standards on air pollution evidence from china,Pei Li|Yi Lu|Wang Jin,2020,130,NOT Open Access,https://doi.org/10.1016/j.jdeveco.2020.102488,,10.1016/j.jdeveco.2020.102488,B23
association of low level ozone with cognitive decline in older adults,Ekaterina Galkina Cleary|Manuel Cifuentes|Georges Grinstein|Doug Brugge|Thomas B. Shea,2017,106,Open Access,https://doi.org/10.3233/jad-170658,"Increasing evidence points to an association of airborne pollutant exposure with respiratory, cardiovascular, and neurological pathology. We examined whether or not ground-level ozone or fine particulate matter ≤ 2.5 μm in diameter (PM2.5) was associated with accelerated cognitive decline. Using repeated measures mixed regression modeling, we analyzed cognitive performance of a geographically diverse sampling of individuals from the National Alzheimer's Coordinating Center between 2004-2008. Ambient air concentrations of ozone and PM2.5 were established using a space-time Hierarchical Bayesian Model that statistically merged air monitor data and modeled air quality estimates. We then compared the ambient regional concentrations of ozone and PM2.5 with the rate of cognitive decline in residents within those regions. Increased levels of ozone correlated with an increased rate of cognitive decline, following adjustment for key individual and community-level risk factors. Furthermore, individuals harboring one or more APOE4 alleles exhibited a faster rate of cognitive decline. The deleterious association of ozone was confined to individuals with normal cognition who eventually became cognitively impaired as opposed to those who entered the study with baseline impairment. In contrast to ozone, we did not observe any correlation between ambient PM2.5 and cognitive decline at regulatory limits set by the Environmental Protection Agency. Our findings suggest that prolonged exposure to ground-level ozone may accelerate cognitive decline during the initial stages of dementia development.",10.3233/jad-170658,B23
modeling study of ozone source apportionment over the pearl river delta in 2015,Wenyi Yang|Huan‐Sheng Chen|Wending Wang|Jianbin Wu|Jie Li|Zifa Wang|Junyu Zheng|Duohong Chen,2019,95,NOT Open Access,https://doi.org/10.1016/j.envpol.2019.06.091,,10.1016/j.envpol.2019.06.091,B23
a trajectory clustering correlation methodology for examining the long range transport of air pollutants,Elvira Brankov|Shilpa Rao|P. Steven Porter,1998,155,NOT Open Access,https://doi.org/10.1016/s1352-2310(97)00388-9,,10.1016/s1352-2310(97)00388-9,B23
the impact of the congestion charging scheme on ambient air pollution concentrations in london,Richard Atkinson|Benjamin Barratt|Ben Armstrong|H R Anderson|Sean Beevers|Ian Mudway|David C. Green|Richard G. Derwent|Paul Wilkinson|Cathryn Tonne,2009,124,NOT Open Access,https://doi.org/10.1016/j.atmosenv.2009.07.023,,10.1016/j.atmosenv.2009.07.023,B23
the needs of the army using compulsory relocation in the military to estimate the effect of air pollutants on children s health,Adriana Lleras‐Muney,2010,118,NOT Open Access,https://doi.org/10.1353/jhr.2010.0016,,10.1353/jhr.2010.0016,B23
exhaled nitric oxide in children with asthma and short term pm2 5 exposure in seattle,Therese F. Mar|Karen Jansen|Kristen Shepherd|Thomas Lumley|Timothy V. Larson|Jane Q. Koenig,2005,94,Open Access,https://doi.org/10.1289/ehp.7883,"The objective of this study was to evaluate associations between short-term (hourly) exposures to particulate matter with aerodynamic diameters < 2.5 microm (PM2.5) and the fractional concentration of nitric oxide in exhaled breath (FE(NO) in children with asthma participating in an intensive panel study in Seattle, Washington. The exposure data were collected with tapered element oscillation microbalance (TEOM) PM2.5 monitors operated by the local air agency at three sites in the Seattle area. FE(NO) is a marker of airway inflammation and is elevated in individuals with asthma. Previously, we reported that offline measurements of FE(NO) are associated with 24-hr average PM2.5 in a panel of 19 children with asthma in Seattle. In the present study using the same children, we used a polynomial distributed lag model to assess the association between hourly lags in PM2.5 exposure and FE(NO) levels. Our model controlled for age, ambient NO levels, temperature, relative humidity, and modification by use of inhaled corticosteroids. We found that FE(NO) was associated with hourly averages of PM2.5 up to 10-12 hr after exposure. The sum of the coefficients for the lag times associated with PM2.5 in the distributed lag model was 7.0 ppm FE(NO). The single-lag-model FE(NO) effect was 6.9 [95% confidence interval (CI), 3.4 to 10.6 ppb] for a 1-hr lag, 6.3 (95% CI, 2.6 to 9.9 ppb ) for a 4-hr lag, and 0.5 (95% CI, -1.1 to 2.1 ppb) for an 8-hr lag. These data provide new information concerning the lag structure between PM2.5 exposure and a respiratory health outcome in children with asthma.",10.1289/ehp.7883,B23
ambient air pollution and human performance contemporaneous and acclimatization effects of ozone exposure on athletic performance,Jamie T. Mullins,2018,47,NOT Open Access,https://doi.org/10.1002/hec.3667,,10.1002/hec.3667,B23
vog using volcanic eruptions to estimate the health costs of particulates,Timothy J. Halliday|John Lynham|Áureo de Paula,2018,37,Open Access,https://doi.org/10.1111/ecoj.12609,"The negative consequences of long-term exposure to particulate pollution are well established but a number of studies find no effect of short-term exposure on health outcomes. The high correlation of industrial pollutants complicates the estimation of the impact of individual pollutants on health. In this study, we use emissions from Kīlauea volcano, which are uncorrelated with other pollution sources, to estimate the impact of pollutants on local emergency room admissions and a precise measure of costs. A one standard deviation increase in particulates leads to a 23–36% increase in expenditures on ER visits for pulmonary outcomes, mostly among the very young.",10.1111/ecoj.12609,B23
ethanol blended gasoline policy and ozone pollution in sao paulo,Alberto Salvo|Yi Wang,2017,20,NOT Open Access,https://doi.org/10.1086/691996,,10.1086/691996,B23
the morbidity cost of air pollution evidence from consumer spending in china,Panle Jia Barwick|Shanjun Li|D. C. Rao|Nahim Bin Zahur,2018,70,NOT Open Access,,,,B23
ambiguous pollution response to covid 19 in china,Douglas Almond|Xinming Du|Shuang Zhang,2020,32,NOT Open Access,https://doi.org/10.3386/w27086,,10.3386/w27086,B23
china s war on pollution evidence from the first five years,Michael Greenstone|Guojun He|Shanjun Li|Eric Zou,2021,29,Open Access,https://doi.org/10.3386/w28467,"The decade from 2010 to 2019 marked a significant turning point in China's history of environmental regulation and pollution. This article describes the recent trends in air and water quality, with a focus on the five years since China declared a ""war on pollution"" in 2014. It summarizes the emerging literature that has taken advantage of accompanying improvements in data availability and accuracy to document sharp improvements in environmental quality, especially local air pollution, and understand their social, economic, and health consequences.",10.3386/w28467,B23
the lancet commission on pollution and health,Philip J. Landrigan|Richard Fuller|Nereus J R Acosta|Olusoji Adeyi|Robert G. Arnold|Niladri Basu|Abdoulaye Bibi Baldé|Roberto Bertollini|Stephan Böse‐O’Reilly|Jo Ivey Boufford|Patrick N. Breysse|Thomas C. Chiles|Chulabhorn Mahidol|Awa Marie Coll‐Seck|Maureen Cropper|Julius N. Fobil|Valentı́n Fuster|Michael Greenstone|Andy Haines|David Hanrahan|David J. Hunter|Mukesh Khare|Alan Krupnick|Bruce P. Lanphear|B. N. Lohani|Keith Martin|Karen V Mathiasen|Maureen A. McTeer|Christopher J L Murray|Johanita D Ndahimananjara|Frederica P. Perera|Janez Potočnik|Alexander S. Preker|Jairam Ramesh|Johan Rockström|Carlos A. Aguilar‐Salinas|Leona D. Samson|Karti Sandilya|Peter D. Sly|Kirk R. Smith|Achim Steiner|Richard B. Stewart|William A. Suk|Onno C. P. van Schayck|Gautam N. Yadama|Kandeh K. Yumkella|Zhong Ma,2017,4913,Open Access,https://doi.org/10.1016/s0140-6736(17)32345-0,,10.1016/s0140-6736(17)32345-0,B24
the fall of the labor share and the rise of superstar firms,David Autor|David Dorn|Lawrence F. Katz|Christina Patterson|John Van Reenen,2020,2162,Open Access,https://doi.org/10.1093/qje/qjaa004,"Abstract The fall of labor’s share of GDP in the United States and many other countries in recent decades is well documented but its causes remain uncertain. Existing empirical assessments typically rely on industry or macro data, obscuring heterogeneity among firms. In this article, we analyze micro panel data from the U.S. Economic Census since 1982 and document empirical patterns to assess a new interpretation of the fall in the labor share based on the rise of “superstar firms.” If globalization or technological changes push sales toward the most productive firms in each industry, product market concentration will rise as industries become increasingly dominated by superstar firms, which have high markups and a low labor share of value added. We empirically assess seven predictions of this hypothesis: (i) industry sales will increasingly concentrate in a small number of firms; (ii) industries where concentration rises most will have the largest declines in the labor share; (iii) the fall in the labor share will be driven largely by reallocation rather than a fall in the unweighted mean labor share across all firms; (iv) the between-firm reallocation component of the fall in the labor share will be greatest in the sectors with the largest increases in market concentration; (v) the industries that are becoming more concentrated will exhibit faster growth of productivity; (vi) the aggregate markup will rise more than the typical firm’s markup; and (vii) these patterns should be observed not only in U.S. firms but also internationally. We find support for all of these predictions.",10.1093/qje/qjaa004,B24
the global decline of the labor share,Loukas Karabarbounis|Brent Neiman,2013,1987,NOT Open Access,https://doi.org/10.1093/qje/qjt032,,10.1093/qje/qjt032,B24
capital accumulation and economic growth,Nicholas Kaldor,1961,1701,NOT Open Access,https://doi.org/10.1007/978-1-349-08452-4_10,,10.1007/978-1-349-08452-4_10,B24
killing me softly the fetal origins hypothesis,Douglas Almond|Janet Currie,2011,1654,Open Access,https://doi.org/10.1257/jep.25.3.153,"In the epidemiological literature, the fetal origins hypothesis associated with David J. Barker posits that chronic, degenerative conditions of adult health, including heart disease and type 2 diabetes, may be triggered by circumstances decades earlier, particularly, by in utero nutrition. Economists have expanded on this hypothesis, investigating a broader range of fetal shocks and circumstances and have found a wealth of later-life impacts on outcomes including test scores, educational attainment, and income, along with health. In the process, they have provided some of the most credible observational evidence in support of the hypothesis. The magnitude of the impacts is generally large. Thus, the fetal origins hypothesis has not only survived contact with economics, but has flourished.",10.1257/jep.25.3.153,B24
capital is back wealth income ratios in rich countries 1700 2010,Thomas Piketty|Gabriel Zucman,2014,1337,Open Access,https://doi.org/10.1093/qje/qju018,"Abstract How do aggregate wealth-to-income ratios evolve in the long run and why? We address this question using 1970–2010 national balance sheets recently compiled in the top eight developed economies. For the United States, United Kingdom, Germany, and France, we are able to extend our analysis as far back as 1700. We find in every country a gradual rise` of wealth-income ratios in recent decades, from about 200–300% in 1970 to 400–600% in 2010. In effect, today’s ratios appear to be returning to the high values observed in Europe in the eighteenth and nineteenth centuries (600–700%). This can be explained by a long-run asset price recovery (itself driven by changes in capital policies since the world wars) and by the slowdown of productivity and population growth, in line with the β=sg Harrod-Domar-Solow formula. That is, for a given net saving rate s = 10%, the long-run wealth-income ratio β is about 300% if g = 3% and 600% if g = 1.5%. Our results have implications for capital taxation and regulation and shed new light on the changing nature of wealth, the shape of the production function, and the rise of capital shares.",10.1093/qje/qju018,B24
knowledge work and knowledge intensive firms,Mats Alvesson,2004,902,NOT Open Access,https://doi.org/10.1093/oso/9780199259342.001.0001,,10.1093/oso/9780199259342.001.0001,B24
air pollution and human health,Lester B. Lave|Eugene P. Seskin,2013,498,NOT Open Access,https://doi.org/10.4324/9781315064451,,10.4324/9781315064451,B24
production function estimation in stata using inputs to control for unobservables,Amil Petrin|Brian P. Poi|James Levinsohn,2004,457,Open Access,https://doi.org/10.1177/1536867x0400400202,"A key issue in the estimation of production functions is the correlation between unobservable productivity shocks and input levels. Profit-maximizing firms respond to positive productivity shocks by expanding output, which requires additional inputs. Negative shocks lead firms to pare back output, decreasing their input usage. Olley and Pakes (1996) develop an estimator that uses investment as a proxy for these unobservable shocks. More recently, Levinsohn and Petrin (2003a) introduce an estimator that uses intermediate inputs as proxies, arguing that intermediates may respond more smoothly to productivity shocks. This paper reviews Levinsohn and Petrin's approach and introduces a Stata command that implements it.",10.1177/1536867x0400400202,B24
air pollution affect and forecasting bias evidence from chinese financial analysts,Rui Dong|Raymond Fisman|Yong‐Xiang Wang|Nianhang Xu,2019,439,NOT Open Access,https://doi.org/10.1016/j.jfineco.2019.12.004,,10.1016/j.jfineco.2019.12.004,B24
half the world s population are exposed to increasing air pollution,Gavin Shaddick|Matthew L. Thomas|Pierpaolo Mudu|G Ruggeri|Sophie Gumy,2020,436,Open Access,https://doi.org/10.1038/s41612-020-0124-2,"Abstract Air pollution is high on the global agenda and is widely recognised as a threat to both public health and economic progress. The World Health Organization (WHO) estimates that 4.2 million deaths annually can be attributed to outdoor air pollution. Recently, there have been major advances in methods that allow the quantification of air pollution-related indicators to track progress towards the Sustainable Development Goals and that expand the evidence base of the impacts of air pollution on health. Despite efforts to reduce air pollution in many countries there are regions, notably Central and Southern Asia and Sub-Saharan Africa, in which populations continue to be exposed to increasing levels of air pollution. The majority of the world’s population continue to be exposed to levels of air pollution substantially above WHO Air Quality Guidelines and, as such, air pollution constitutes a major, and in many areas, increasing threat to public health.",10.1038/s41612-020-0124-2,B24
factor substitution and factor augmenting technical progress in the united states a normalized supply side system approach,Rainer Klump|Peter McAdam|Alpo Willman,2007,400,Open Access,https://doi.org/10.1162/rest.89.1.183,"Using a normalized CES function with factor-augmenting technical progress, we estimate a supply-side system of the U.S. economy from 1953 to 1998. Avoiding potential estimation biases that may have occurred in earlier studies and putting a high emphasis on data consistency, we obtain robust results not only for the aggregate elasticity of substitution but also for the parameters of labor and capital augmenting technical change. We find that the elasticity of substitution is significantly below unity and that technical progress shows an asymmetrical pattern where the growth of labor-augmenting technical progress is exponential, while that of capital is hyperbolic or logarithmic.",10.1162/rest.89.1.183,B24
economic impacts from pm 2 5 pollution related health effects in china a provincial level analysis,Yang Xie|Hancheng Dai|Huijuan Dong|Tatsuya Hanaoka|Toshihiko Masui,2016,384,NOT Open Access,https://doi.org/10.1021/acs.est.5b05576,,10.1021/acs.est.5b05576,B24
from made in china to innovated in china necessity prospect and challenges,Shang‐Jin Wei|Zhuan Xie|Xiaobo Zhang,2017,364,Open Access,https://doi.org/10.1257/jep.31.1.49,"After more than three decades of high growth based on its low-wage advantage and relatively favorable demographics—in combination with market-oriented reforms and openness to the world economy—China is at a crossroads with a much higher wage and a shrinking work force. Future growth will depend, by necessity, more on the generation of increased productivity, and domestic innovation will play an important part in this. In this paper, we assess the likelihood that China can make the necessary transition. Using data on expenditure on research and development, and patent applications, receipts, and citations, we show that the Chinese economy has become increasingly innovative. We will argue that rising wages and expanding markets are among the important drivers of China's growth in innovation. On the other hand, we find evidence of resource misallocation in the innovation area: while state-owned firms receive more subsidies, private firms exhibit more innovation results. Innovation can presumably progress even faster if resource misallocation can be tackled.",10.1257/jep.31.1.49,B24
unbundling the pollution haven hypothesis,M. Scott Taylor,2005,319,NOT Open Access,https://doi.org/10.2202/1538-0637.1408,,10.2202/1538-0637.1408,B24
income uncertainty and household savings in china,Marcos Chamon|Kai Liu|Eswar Prasad,2013,276,Open Access,https://doi.org/10.1016/j.jdeveco.2013.07.014,,10.1016/j.jdeveco.2013.07.014,B24
micro data and macro technology,Ezra Oberfield|Devesh Raval,2021,250,Open Access,https://doi.org/10.3982/ecta12807,"We develop a framework to estimate the aggregate capital‐labor elasticity of substitution by aggregating the actions of individual plants. The aggregate elasticity reflects substitution within plants and reallocation across plants; the extent of heterogeneity in capital intensities determines their relative importance. We use micro data on the cross‐section of plants to build up to the aggregate elasticity at a point in time. Interpreting our econometric estimates through the lens of several different models, we find that the aggregate elasticity for the U.S. manufacturing sector is in the range of 0.5–0.7, and has declined slightly since 1970. We use our estimates to measure the bias of technical change and assess the decline in labor's share of income in the U.S. manufacturing sector. Mechanisms that rely on changes in the relative supply of factors, such as an acceleration of capital accumulation, cannot account for the decline.",10.3982/ecta12807,B24
air pollution student health and school absences evidence from china,Siyu Chen|Chongshan Guo|Xinfei Huang,2018,215,NOT Open Access,https://doi.org/10.1016/j.jeem.2018.10.002,,10.1016/j.jeem.2018.10.002,B24
the micro level anatomy of the labor share decline,Matthias Kehrig|Nicolas Vincent,2021,209,NOT Open Access,https://doi.org/10.1093/qje/qjab002,,10.1093/qje/qjab002,B24
recasting the iron rice bowl the reform of china s state owned enterprises,Daniel Berkowitz|Hong Ma|Shuichiro Nishioka,2016,207,NOT Open Access,https://doi.org/10.1162/rest_a_00637,,10.1162/rest_a_00637,B24
the personal and the factor distributions of income in a cross section of countries,Emilie Daudey|Cecilia Garcı́a-Peñalosa,2007,199,NOT Open Access,https://doi.org/10.1080/00220380701384406,,10.1080/00220380701384406,B24
the factor income distribution in china 1978 2007,Chong‐En Bai|Zhenjie Qian,2010,136,NOT Open Access,https://doi.org/10.1016/j.chieco.2010.08.004,,10.1016/j.chieco.2010.08.004,B24
air pollution and life expectancy in china and beyond,C. Arden Pope|Douglas W. Dockery,2013,118,Open Access,https://doi.org/10.1073/pnas.1310925110,"In PNAS, Chen et al. (1) present findings that implicate long-term exposure to air pollution as contributing to enormous loss of life expectancy (LE) in China. These results are based on a clever quasiexperimental, regression discontinuity design exploiting a Chinese policy that provided free coal for heating in cities north of the Huai River, but not in the south. A spatial discontinuity for particulate matter air pollution (PM), presumably from coal combustion, was observed. A spatial discontinuity of reduced LE of 5+ y was also observed. If true, these results suggest enormous health costs associated with air pollution in China and have important environmental, economic, and public health policy implications. However, are the results plausible? Are they coherent with other epidemiological studies?",10.1073/pnas.1310925110,B24
mitigating the air pollution effect the remarkable decline in the pollution mortality relationship in hong kong,Chun Wai Cheung|Guojun He|Yuhang Pan,2020,113,Open Access,https://doi.org/10.1016/j.jeem.2020.102316,,10.1016/j.jeem.2020.102316,B24
globalization and pollution tele connecting local primary pm 2 5 emissions to global consumption,Jing Meng|Junfeng Liu|Yuan Xu|Dabo Guan|Zhu Liu|Ye Huang|Shu Tao,2016,107,Open Access,https://doi.org/10.1098/rspa.2016.0380,"Globalization pushes production and consumption to geographically diverse locations and generates a variety of sizeable opportunities and challenges. The distribution and associated effects of short-lived primary fine particulate matter (PM 2.5 ), a representative of local pollution, are significantly affected by the consumption through global supply chain. Tele-connection is used here to represent the link between production and consumption activity at large distances. In this study, we develop a global consumption-based primary PM 2.5 emission inventory to track primary PM 2.5 emissions embodied in the supply chain and evaluate the extent to which local PM 2.5 emissions are triggered by international trade. We further adopt consumption-based accounting and identify the global original source that produced the emissions. We find that anthropogenic PM 2.5 emissions from industrial sectors accounted for 24 Tg globally in 2007; approximately 30% (7.2 Tg) of these emissions were embodied in export of products principally from Brazil, South Africa, India and China (3.8 Tg) to developed countries. Large differences (up to 10 times) in the embodied emissions intensity between net importers and exporters greatly increased total global PM 2.5 emissions. Tele-connecting production and consumption activity provides valuable insights with respect to mitigating long-range transboundary air pollution and prompts concerted efforts aiming at more environmentally conscious globalization.",10.1098/rspa.2016.0380,B24
do corporate income tax cuts decrease labor share regression discontinuity evidence from china,Bing Li|Chang Liu|Stephen Teng Sun,2021,96,NOT Open Access,https://doi.org/10.1016/j.jdeveco.2021.102624,,10.1016/j.jdeveco.2021.102624,B24
why is labour receiving a smaller share of global income,Mai Dao|Mitali Das|Zsóka Kóczán,2019,90,NOT Open Access,https://doi.org/10.1093/epolic/eiaa004,,10.1093/epolic/eiaa004,B24
incomplete transitions to clean household energy reinforce gender inequality by lowering women s respiratory health and household labour productivity,Poushali Maji|Zia Mehrabi|Milind Kandlikar,2020,84,NOT Open Access,https://doi.org/10.1016/j.worlddev.2020.105309,,10.1016/j.worlddev.2020.105309,B24
the short term impact of air pollution on medical expenditures evidence from beijing,Fan Xia|Jianwei Xing|Jintao Xu|Xiaochuan Pan,2022,76,NOT Open Access,https://doi.org/10.1016/j.jeem.2022.102680,,10.1016/j.jeem.2022.102680,B24
air pollution and academic performance evidence from india,Uttara Balakrishnan|Magda Tsaneva,2021,69,NOT Open Access,https://doi.org/10.1016/j.worlddev.2021.105553,,10.1016/j.worlddev.2021.105553,B24
productive knowledge economic sophistication and labor share,Imran Arif,2020,60,NOT Open Access,https://doi.org/10.1016/j.worlddev.2020.105303,,10.1016/j.worlddev.2020.105303,B24
union effects on performance and employment relations evidence from china,Yi Lu|Zhigang Tao|Yijiang Wang,2010,108,Open Access,https://doi.org/10.1016/j.chieco.2010.01.001,,10.1016/j.chieco.2010.01.001,B24
globalization creative destruction and labour share change evidence on the determinants and mechanisms from longitudinal plant level data,Petri Böckerman|Mika Maliranta,2011,76,NOT Open Access,https://doi.org/10.1093/oep/gpr031,,10.1093/oep/gpr031,B24
micro mechanisms behind declining labor shares rising market power and changing modes of production,Matthias Mertens,2021,42,NOT Open Access,https://doi.org/10.1016/j.ijindorg.2021.102808,,10.1016/j.ijindorg.2021.102808,B24
high priority violations and intra firm pollution substitution,Binish Rijal|Neha Khanna,2020,30,Open Access,https://doi.org/10.1016/j.jeem.2020.102359,,10.1016/j.jeem.2020.102359,B24
do firms political connections depress the union wage effect evidence from china,Yang Song|Jidong Yang|Qijing Yang,2016,29,NOT Open Access,https://doi.org/10.1016/j.chieco.2016.01.006,,10.1016/j.chieco.2016.01.006,B24
the multiplicative impacts of working hours and fine particulate matter concentration on life expectancy a longitudinal analysis of us states,Andrew K. Jorgenson|Jared Berry Fitzgerald|Ryan P. Thombs|Terrence D. Hill|Jennifer E. Givens|Brett Clark|Juliet B. Schor|Xiaorui Huang|Orla Kelly|Peter Ore,2020,22,NOT Open Access,https://doi.org/10.1016/j.envres.2020.110117,,10.1016/j.envres.2020.110117,B24
temperature inversions in china derived from sounding data from 1976 to 2015,Tingting Xu|Bing Liu|Minsi Zhang|Yu Song|Ling Kang|Tiantian Wang|Mingxu Liu|Xuhui Cai|Hongsheng Zhang|Tong Zhu,2021,10,Open Access,https://doi.org/10.1080/16000889.2021.1898906,"Temperature inversions inhibit the transfer of momentum, heat and moisture in the atmosphere and have led to severe air pollution in China. This study investigated the spatiotemporal variation in temperature inversions in China using sounding data for the past four decades. Surface-based inversion, elevated inversion, and both in one sounding dataset were analysed. Statistical analyses of inversion parameters included frequency, strength and depth. The annual frequency of total inversions showed no significant increasing or decreasing trend with mean values of 0.78, 0.33, 0.24, 0.28, 0.5 and 0.36 at six stations representing different climate zones—Beijing, Harbin, Haikou, Shaowu, Ruoqiang, and Xining, respectively. The annual inversion strength and depth showed downward trends. Monthly variation in inversion frequency and strength differed among stations. The weakest surface-based inversion was found in summer at Beijing and Harbin with mean values of 1 and 1.3 °C, respectively; the strongest surface-based inversion was found in winter with respective mean values of 3.5 and 3.6 °C. Higher surface temperature in summer and subsidence aloft in winter may explain the monthly variation in inversion depth with a minimum in summer, with mean values of 165, 334, 135, 267, 363 and 420 m, and a maximum in winter, with mean values of 250, 646, 140, 591, 806 and 664 m, at the six respective stations. Total inversion was least frequent in southwestern China (mean 0.15), surface-based inversion was most frequent in the north (mean 0.78), and elevated inversion was most frequent in the southeast (mean 0.42). The strongest, deepest surface-based inversion dominated in the north (mean 3.4 °C and 398 m). Elevated inversion strength did not significantly differ among regions (mean 2.5 °C). The deepest elevated inversion dominated in the southeast (mean 654 m). Future efforts should focus on the interactions between aerosols and temperature inversions and accurate model simulations of temperature inversions.",10.1080/16000889.2021.1898906,B24
declining labor share is china s case different,Changyuan Luo|Jun Zhang,2010,38,Open Access,https://doi.org/10.1111/j.1749-124x.2010.01217.x,"Abstract This paper explores why labor share in China has declined since the middle of the 1990s. Existing literature usually ascribes the labor share decline in developed countries to biased technological progress. However, our investigation shows that China's case is different. Using a simultaneous equation model estimated with three‐stage least squares, we find that FDI, levels of economic development and privatization have negative effects on the labor share. The negative influence of FDI on labor share results from regional competition for FDI, which weakens labor forces' bargaining power. A U‐shaped relationship exists between labor share and the level of economic development, and China is now on the declining part of the curve. The negative effects of privatization on the labor share stem from the elimination of the so‐called “wage costs eroding profit” situation and the positive supply shock on the labor market.",10.1111/j.1749-124x.2010.01217.x,B24
the evolving pattern of the wage labor productivity nexus in china evidence from manufacturing firm level data,Jun Zhang|Xiaofeng Liu,2013,27,NOT Open Access,https://doi.org/10.1016/j.ecosys.2013.05.001,,10.1016/j.ecosys.2013.05.001,B24
environmental pollution environmental regulation and labor income share,Yulin Liu|Jun Wang,2020,20,NOT Open Access,https://doi.org/10.1007/s11356-020-10408-9,,10.1007/s11356-020-10408-9,B24
endogenous education and long run factor shares,Gene M. Grossman|Elhanan Helpman|Ezra Oberfield|Thomas Sampson,2021,15,Open Access,https://doi.org/10.1257/aeri.20200350,"We study the determinants of factor shares in a neoclassical environment with capital-skill complementarity and endogenous education. In this environment estimates of the elasticity of substitution between capital and labor that fail to account for human capital levels will be biased upward. We develop a model with overlapping generations, technology-driven neoclassical growth, and ongoing increases in educational attainment. For a class of production functions featuring capital-skill complementarity, a balanced growth path exists and is characterized by an inverse relationship between the rates of capital-and labor-augmenting technological progress and the capital share in national income. (JEL D33, E25, J24, O33)",10.1257/aeri.20200350,B24
environmental regulation compliance strategies and productivity evidence from china,Mengdi Liu|Ron Shadbegian|Bing Zhang,2021,9,NOT Open Access,https://doi.org/10.3368/le.98.1.073020-0118r1,,10.3368/le.98.1.073020-0118r1,B24
distribution according to one s labor,V. Rutgaizer|Iu. E. Sheviakhov,1987,2,NOT Open Access,https://doi.org/10.2753/pet1061-1991300731,,10.2753/pet1061-1991300731,B24
when should you adjust standard errors for clustering,Alberto Abadie|Susan Athey|Guido W. Imbens|Jeffrey M. Wooldridge,2017,1395,NOT Open Access,https://doi.org/10.3386/w24003,,10.3386/w24003,B24
going green in china firms responses to stricter environmental regulations,Haichao Fan|Joshua Graff Zivin|Zonglai Kou|Xueyue Liu|Huanhuan Wang,2019,138,Open Access,https://doi.org/10.3386/w26540,"This paper examines the effect of stringent environmental regulations on firms' environmental practices, economic performance, and environmental innovation. Reducing COD levels by 10% relative to 2005 levels is an aim of the Chinese 11th Five-Year Plan. Using a difference-indifferences framework based on a comprehensive firm-level dataset, we find that more stringent environmental regulations faced by firms are positively associated with a greater probability of reducing COD emissions; also, there exists an evident heterogeneous effect across industries with different pollution intensities. Stricter environmental regulations also account for the sharp decline in firms' profits, capital, and labor. After executing a complete chain of tests of the underlying mechanisms, we find that firms rely more on recycling and abatement investment than on innovations when meeting environmental requirements.",10.3386/w26540,B24
how will china s saving investment balance evolve,Louis Kuijs,2006,115,Open Access,https://doi.org/10.1596/1813-9450-3958,"""This paper investigates how China's saving, investment, and saving-investment balance will evolve in the decades ahead. Household saving in China is relatively high compared with OECD countries. However, much of China's high economywide saving, and the difference between China and other countries, are due to unusually high enterprise and government saving. Moreover, cross-country empirical analysis shows that economywide saving and investment in China are higher than what would be expected, even adjusting for differences in economic structure. Combined, these findings suggest that much of China's high saving is the result of policies particular to China. Looking ahead, the econometric results suggest that purely on the basis of projected structural developments-including development, changes in economic structure, urbanization, and demographics-saving and investment would both decline only mildly in the coming two decades, with ambiguous impact on the current account surplus. However, the potential effect on saving, investment, and the saving-investment balance of several policy adjustments could be large. Several of these policies are identified and their likely impact assessed and quantified. This exercise suggests that rebalancing along these lines should reduce both saving and the current account surplus over time, although the surplus is unlikely to turn into a deficit soon. ""--World Bank web site",10.1596/1813-9450-3958,B24
capital depreciation and labor shares around the world measurement and implications,Loukas Karabarbounis|Brent Neiman,2014,71,Open Access,https://doi.org/10.3386/w20606,"The labor share is typically measured as compensation to labor relative to gross value added (""gross labor share""), in part because gross value added is more directly measured than net value added. Labor compensation relative to net value added (""net labor share"") may be more important in some settings, however, because depreciation is not consumed. In this paper we make three contributions. First, we document that gross and net labor shares generally declined together in most countries around the world over the past four decades. Second, we use a simple economic environment to show that declines in the price of capital necessarily cause gross and net labor shares to move in the same direction, whereas other shocks such as a decline in the real interest rate may cause the net labor share to rise when the gross labor share falls. Third, we illustrate that whether the gross or the net labor share is a more useful proxy for inequality during an economy's transition depends sensitively on the nature of the underlying shocks that hit the economy.",10.3386/w20606,B24
regulating conglomerates in china evidence from an energy conservation program,Qiaoyi Chen|Zhao Chen|Zhikuo Liu|Juan Carlos Suárez Serrato|Daniel Yi Xu,2021,31,Open Access,https://doi.org/10.3386/w29066,"We study a prominent energy regulation affecting large Chinese manufacturers that are part of broader conglomerates. Using detailed firm-level data and difference-in-differences research designs, we show that regulated firms cut output and shifted production to unregulated firms in the same conglomerate instead of improving their energy efficiency. Conglomerate spillovers account for 40% of the output loss of regulated firms and substantially reduce aggregate energy savings. Using a structural model, we show that alternative polices that use public information on business networks could lower the shadow cost of the regulation by more than 40% and increase aggregate energy savings by 10%.",10.3386/w29066,B24
air pollution and advertising spending evidence from an emerging market,C. Matthew Shi|Peng Zhang,2022,2,Open Access,https://doi.org/10.2139/ssrn.4126973,,10.2139/ssrn.4126973,B24
tropospheric ozone changes radiative forcing and attribution to emissions in the atmospheric chemistry and climate model intercomparison project accmip,David S. Stevenson|Paul J. Young|Vaishali Naïk|Jean‐François Lamarque|Drew Shindell|Apostolos Voulgarakis|Ragnhild Bieltvedt Skeie|S. B. Dalsøren|Gunnar Myhre|Terje K. Berntsen|Gerd Folberth|Steven T. Rumbold|W. J. Collins|Ian A. MacKenzie|Ruth M. Doherty|Guang Zeng|Twan van Noije|A. Strunk|D. Bergmann|Philip Cameron‐Smith|David A. Plummer|Sarah A. Strode|Larry W. Horowitz|Y. H. Lee|Sophie Szopa|Kengo Sudo|Tatsuya Nagashima|Béatrice Josse|Irene Cionni|Mattia Righi|Veronika Eyring|Andrew Conley|K. W. Bowman|Oliver Wild|Alexander T. Archibald,2013,529,Open Access,https://doi.org/10.5194/acp-13-3063-2013,"Abstract. Ozone (O3) from 17 atmospheric chemistry models taking part in the Atmospheric Chemistry and Climate Model Intercomparison Project (ACCMIP) has been used to calculate tropospheric ozone radiative forcings (RFs). All models applied a common set of anthropogenic emissions, which are better constrained for the present-day than the past. Future anthropogenic emissions follow the four Representative Concentration Pathway (RCP) scenarios, which define a relatively narrow range of possible air pollution emissions. We calculate a value for the pre-industrial (1750) to present-day (2010) tropospheric ozone RF of 410 mW m−2. The model range of pre-industrial to present-day changes in O3 produces a spread (±1 standard deviation) in RFs of ±17%. Three different radiation schemes were used – we find differences in RFs between schemes (for the same ozone fields) of ±10%. Applying two different tropopause definitions gives differences in RFs of ±3%. Given additional (unquantified) uncertainties associated with emissions, climate-chemistry interactions and land-use change, we estimate an overall uncertainty of ±30% for the tropospheric ozone RF. Experiments carried out by a subset of six models attribute tropospheric ozone RF to increased emissions of methane (44±12%), nitrogen oxides (31 ± 9%), carbon monoxide (15 ± 3%) and non-methane volatile organic compounds (9 ± 2%); earlier studies attributed more of the tropospheric ozone RF to methane and less to nitrogen oxides. Normalising RFs to changes in tropospheric column ozone, we find a global mean normalised RF of 42 mW m−2 DU−1, a value similar to previous work. Using normalised RFs and future tropospheric column ozone projections we calculate future tropospheric ozone RFs (mW m−2; relative to 1750) for the four future scenarios (RCP2.6, RCP4.5, RCP6.0 and RCP8.5) of 350, 420, 370 and 460 (in 2030), and 200, 300, 280 and 600 (in 2100). Models show some coherent responses of ozone to climate change: decreases in the tropical lower troposphere, associated with increases in water vapour; and increases in the sub-tropical to mid-latitude upper troposphere, associated with increases in lightning and stratosphere-to-troposphere transport. Climate change has relatively small impacts on global mean tropospheric ozone RF.",10.5194/acp-13-3063-2013,B25
airborne particles in indoor environment of homes schools offices and aged care facilities the main routes of exposure,Lídia Morawska|Godwin A. Ayoko|Gwi–Nam Bae|Giorgio Buonanno|Christopher Y.H. Chao|Samuel Clifford|Sau Chung Fu|Otto Hänninen|C. He|Christina Isaxon|Mandana Mazaheri|Tunga Salthammer|Michael S. Waring|Aneta Wierzbicka,2017,378,Open Access,https://doi.org/10.1016/j.envint.2017.07.025,"It has been shown that the exposure to airborne particulate matter is one of the most significant environmental risks people face. Since indoor environment is where people spend the majority of time, in order to protect against this risk, the origin of the particles needs to be understood: do they come from indoor, outdoor sources or both? Further, this question needs to be answered separately for each of the PM mass/number size fractions, as they originate from different sources. Numerous studies have been conducted for specific indoor environments or under specific setting. Here our aim was to go beyond the specifics of individual studies, and to explore, based on pooled data from the literature, whether there are generalizable trends in routes of exposure at homes, schools and day cares, offices and aged care facilities. To do this, we quantified the overall 24 h and occupancy weighted means of PM 10 , PM 2.5 and PN - particle number concentration. Based on this, we developed a summary of the indoor versus outdoor origin of indoor particles and compared the means to the WHO guidelines (for PM 10 and PM 2.5 ) and to the typical levels reported for urban environments (PN). We showed that the main origins of particle metrics differ from one type of indoor environment to another. For homes, outdoor air is the main origin of PM 10 and PM 2.5 but PN originate from indoor sources; for schools and day cares, outdoor air is the source of PN while PM 10 and PM 2.5 have indoor sources; and for offices, outdoor air is the source of all three particle size fractions. While each individual building is different, leading to differences in exposure and ideally necessitating its own assessment (which is very rarely done), our findings point to the existence of generalizable trends for the main types of indoor environments where people spend time, and therefore to the type of prevention measures which need to be considered in general for these environments.",10.1016/j.envint.2017.07.025,B25
the home advantage in sport competitions courneya and carron s 1992 conceptual framework a decade later,Albert V. Carron|Todd M Loughhead|Steven R. Bray,2005,270,NOT Open Access,https://doi.org/10.1080/02640410400021542,,10.1080/02640410400021542,B25
fine particulate matter air pollution and cognitive function among u s older adults,Jennifer Ailshire|Philippa Clarke,2014,166,Open Access,https://doi.org/10.1093/geronb/gbu064,"OBJECTIVES: There is growing interest in understanding how exposures in the residential environment relate to cognitive function in older adults. The goal of this study is to determine if neighborhood-level exposure to fine particulate matter air pollution (PM2.5) is associated with cognitive function in a diverse, national sample of older U.S. adults. METHODS: We use cross-sectional data on non-Hispanic black and white men and women aged 55 and older from the 2001/2002 Americans' Changing Lives Study (N = 780). EPA air monitoring data were linked to respondents using census tract identifiers. Cognitive function was assessed with tests of working memory and orientation. Negative binomial regression models were used to examine the association between PM2.5 and the number of errors on the cognitive assessment. RESULTS: Older adults living in areas with high concentrations of PM2.5 had an error rate 1.5 times greater than those exposed to lower concentrations, net of individual and neighborhood-level demographic and socioeconomic characteristics. DISCUSSION: This study adds to a growing body of research demonstrating the importance of air pollution to cognitive function in older adults. Improvements to air quality may be an important mechanism for reducing age-related cognitive decline.",10.1093/geronb/gbu064,B25
the home advantage,Barry Schwartz|Stephen F. Barsky,1977,163,NOT Open Access,https://doi.org/10.2307/2577461,,10.2307/2577461,B25
evidence of a reduced home advantage when a team moves to a new stadium,Richard Pollard,2002,152,NOT Open Access,https://doi.org/10.1080/026404102321011724,,10.1080/026404102321011724,B25
spatiotemporal variation and socioeconomic drivers of air pollution in china during 2005 2016,Wenxuan Xu|Jiaqi Sun|Yongxue Liu|Yue Xiao|Yongzhong Tian|Bingxue Zhao|Xueqian Zhang,2019,145,NOT Open Access,https://doi.org/10.1016/j.jenvman.2019.05.041,,10.1016/j.jenvman.2019.05.041,B25
the effects of indoor air pollution from solid fuel use on cognitive function among middle aged and older population in china,Yanan Luo|Yijing Zhong|Lihua Pang|Yihao Zhao|Richard Liang|Xiaoying Zheng,2020,133,Open Access,https://doi.org/10.1016/j.scitotenv.2020.142460,,10.1016/j.scitotenv.2020.142460,B25
indoor exposure to outdoor pm10,Chun Chen|Bin Zhao|Charles J. Weschler,2012,128,NOT Open Access,https://doi.org/10.1097/ede.0b013e31826b800e,,10.1097/ede.0b013e31826b800e,B25
long term impacts of exposure to high temperatures on human capital and economic productivity,Ram Fishman|Paul E. Carrillo|Jason Russ,2018,125,NOT Open Access,https://doi.org/10.1016/j.jeem.2018.10.001,,10.1016/j.jeem.2018.10.001,B25
the impacts of economic level and air pollution on public health at the micro and macro level,Yizhen Wang|Ken Sun|Li Li|Yalin Lei|Sanmang Wu|Yong Jiang|Yifeng Mi|Jingjing Yang,2022,51,NOT Open Access,https://doi.org/10.1016/j.jclepro.2022.132932,,10.1016/j.jclepro.2022.132932,B25
climate anomalies contributed to the rebound of pm2 5 in winter 2018 under intensified regional air pollution preventions,Zhicong Yin|Yijia Zhang,2020,41,NOT Open Access,https://doi.org/10.1016/j.scitotenv.2020.138514,,10.1016/j.scitotenv.2020.138514,B25
air pollution and mortality in the netherlands are the elderly more at risk,Paul Fischer|Gerard Hoek|Bert Brunekreef|Arnoud P. Verhoeff|Joop Van Wijnen,2003,133,Open Access,https://doi.org/10.1183/09031936.03.00402503,"The association between daily mortality and short-term variations in the ambient levels of ozone (O3), black smoke (BS), sulphur dioxide (SO2), nitrogen dioxide (NO2), carbon monoxide (CO) and particulate matter was studied in The Netherlands. Daily total and cause-specific mortality counts (cardiovascular, chronic obstructive pulmonary disease (COPD) and pneumonia), air quality, temperature, relative humidity and influenza data were obtained from 1986-1994. The relationship between daily mortality and air pollution was modelled using Poisson regression analysis. All pollution mortality associations were adjusted for potential confounding due to long-term trends, seasonal trends, influenza epidemics, ambient temperature, ambient relative humidity, day of the week and holidays, using generalised additive models. Statistically significant associations were mostly found in the elderly, that is the age categories of 65-74 and > or = 75 yrs for the pollutants PM10 (particles with a 50%, cut-off aerodynamic diameter of 10 microm), BS, SO2, NO2 and CO. This may partly be due to a better precision of relative risk (RR) estimates for the larger numbers of deaths in these age groups. Significant associations for those < 65 yrs were found for O3 (total and COPD mortality), PM10 (pneumonia), NO2 (pneumonia) and CO (pneumonia). RR estimates for deaths between 45-65 yrs tended to be smaller than those in > 65 yrs, with the exception of ozone; for cardiovascular mortality the RR for PM10, O3 and CO were similar in these age groups. In conclusion, larger relative risks for air pollution were mostly found in the elderly except for ozone and for death-cause pneumonia which showed larger relative risk in younger age groups.",10.1183/09031936.03.00402503,B25
indoor and outdoor pm2 5 and pm10 concentrations in the air during a dust storm,Hsien‐Wen Kuo|Huna-Yi Shen,2009,82,NOT Open Access,https://doi.org/10.1016/j.buildenv.2009.07.017,,10.1016/j.buildenv.2009.07.017,B25
the effect of air pollution on migrants permanent settlement intention evidence from china,Chenglei Zhang|Minzhe Du|Liping Liao|Wenxiu Li,2022,36,NOT Open Access,https://doi.org/10.1016/j.jclepro.2022.133832,,10.1016/j.jclepro.2022.133832,B25
effects of ambient ozone exposure on mail carriers peak expiratory flow rates,Chang‐Chuan Chan|Tsung-Huan Wu,2005,45,Open Access,https://doi.org/10.1289/ehp.7636,"The extent to which occupational exposure to ozone in ambient air can affect lung function remains unclear. We conducted a panel study in 43 mail carriers by measuring their peak expiratory flow rates (PEFRs) twice daily for 6 weeks in 2001. The daily exposure of each mail carrier to O3, particulate matter < 10 microm in aerodynamic diameter (PM10), and nitrogen dioxide was estimated by one air monitoring station in the center of the mail carrier's delivery area. Hourly concentrations of air pollutants during their exposure periods were 6-96 ppb for O3, 11-249 microg/m3 for PM10, and 14-92 ppb for NO2. Linear mixed-effects models were used to estimate the association between air pollution exposures and PEFR after adjusting for subject's sex, age, and disease status and for temperature and humidity. We found that night PEFR and the deviation in night PEFR were significantly decreased in association with 8-hr O3 exposures with a lag 0-2 days and by daily maximum O3 exposures with a lag of 0-1 day in our multipollutant models. By contrast, neither PM10 nor NO2 was associated with a PEFR reduction. Daily 8-hr mean concentrations of O3 had greater reduction effects on PEFR than did daily maximum concentrations. For a 10-ppb increase in the 8-hr average O3 concentration, the night PEFR was decreased by 0.54% for a 0-day lag, 0.69% for a 1-day lag, and 0.52% for a 2-day lag. We found that an acute lung function reduction occurs in mail carriers exposed to O3 concentrations below current ambient air quality standards and occupational exposure limits.",10.1289/ehp.7636,B25
the fundamental institutions of china s reforms and development,Chenggang Xu,2011,2652,Open Access,https://doi.org/10.1257/jel.49.4.1076,"China's economic reforms have resulted in spectacular growth and poverty reduction. However, China's institutions look ill-suited to achieve such a result, and they indeed suffer from serious shortcomings. To solve the “China puzzle,” this paper analyzes China's institution—a regionally decentralized authoritarian system. The central government has control over personnel, whereas subnational governments run the bulk of the economy; and they initiate, negotiate, implement, divert, and resist reforms, policies, rules, and laws. China's reform trajectories have been shaped by regional decentralization. Spectacular performance on the one hand and grave problems on the other hand are all determined by this governance structure. (JEL O17, O18, O43, P21, P25, P26)",10.1257/jel.49.4.1076,B26
testing identifiability and specification in instrumental variable models,John G. Cragg|Stephen G. Donald,1993,1452,NOT Open Access,https://doi.org/10.1017/s0266466600007519,,10.1017/s0266466600007519,B26
geography industrial organization and agglomeration,Stuart S. Rosenthal|William C. Strange,2003,1366,NOT Open Access,https://doi.org/10.1162/003465303765299882,,10.1162/003465303765299882,B26
the relationship between education and adult mortality in the united states,Adriana Lleras‐Muney,2004,1293,NOT Open Access,https://doi.org/10.1111/0034-6527.00329,,10.1111/0034-6527.00329,B26
regional decentralization and fiscal incentives federalism chinese style,Hehui Jin|Yingyi Qian|Barry R. Weingast,2005,1182,NOT Open Access,https://doi.org/10.1016/j.jpubeco.2004.11.008,,10.1016/j.jpubeco.2004.11.008,B26
economic competition among jurisdictions efficiency enhancing or distortion inducing,Wallace E. Oates|Robert M. Schwab,1988,1033,NOT Open Access,https://doi.org/10.1016/0047-2727(88)90036-9,,10.1016/0047-2727(88)90036-9,B26
the attenuation of human capital spillovers,Stuart S. Rosenthal|William C. Strange,2008,664,NOT Open Access,https://doi.org/10.1016/j.jue.2008.02.006,,10.1016/j.jue.2008.02.006,B26
networking off madison avenue,Mohammad Arzaghi|J. Vernon Henderson,2008,514,NOT Open Access,https://doi.org/10.1111/j.1467-937x.2008.00499.x,,10.1111/j.1467-937x.2008.00499.x,B26
water pollution progress at borders the role of changes in china s political promotion incentives,Matthew E. Kahn|Pei Li|Daxuan Zhao,2015,496,NOT Open Access,https://doi.org/10.1257/pol.20130367,,10.1257/pol.20130367,B26
polluting thy neighbor unintended consequences of china s pollution reduction mandates,Hongbin Cai|Yuyu Chen|Qing Gong,2015,474,NOT Open Access,https://doi.org/10.1016/j.jeem.2015.01.002,,10.1016/j.jeem.2015.01.002,B26
decentralization and pollution spillovers evidence from the re drawing of county borders in brazil,Molly Lipscomb|Ahmed Mushfiq Mobarak,2016,362,Open Access,https://doi.org/10.1093/restud/rdw023,"Decentralization can improve service delivery, but it can also generate externalities across jurisdictional boundaries. We examine the nature and size of water pollution externalities as rivers flow across jurisdictions. Panel data on water pollution in Brazilian rivers coupled with county splits that change the locations of borders allow us to identify the spatial patterns of pollution as rivers approach and cross borders, controlling for fixed effects and trends specific to each location. The theory of externalities predicts that pollution should increase at an increasing rate as the river approaches the downstream exit border, that there should be a structural break in the slope of the pollution function at the border, and that a larger number of managing jurisdictions should exacerbate pollution externalities. We find support for all four predictions in the data. Satellite data on growth in night-time lights along rivers show that local authorities allow more settlements to develop close to rivers in the downstream portions of counties, which is the likely underlying mechanism. The border effects on pollution are not as pronounced when the cost of inter-jurisdictional coordination is lower.",10.1093/restud/rdw023,B26
fine scale damage estimates of particulate matter air pollution reveal opportunities for location specific mitigation of emissions,Andrew L. Goodkind|Christopher W. Tessum|Jay S. Coggins|Jason Hill|Julian Marshall,2019,266,Open Access,https://doi.org/10.1073/pnas.1816102116,"Fine particulate matter (PM 2.5 ) air pollution has been recognized as a major source of mortality in the United States for at least 25 years, yet much remains unknown about which sources are the most harmful, let alone how best to target policies to mitigate them. Such efforts can be improved by employing high-resolution geographically explicit methods for quantifying human health impacts of emissions of PM 2.5 and its precursors. Here, we provide a detailed examination of the health and economic impacts of PM 2.5 pollution in the United States by linking emission sources with resulting pollution concentrations. We estimate that anthropogenic PM 2.5 was responsible for 107,000 premature deaths in 2011, at a cost to society of $886 billion. Of these deaths, 57% were associated with pollution caused by energy consumption [e.g., transportation (28%) and electricity generation (14%)]; another 15% with pollution caused by agricultural activities. A small fraction of emissions, concentrated in or near densely populated areas, plays an outsized role in damaging human health with the most damaging 10% of total emissions accounting for 40% of total damages. We find that 33% of damages occur within 8 km of emission sources, but 25% occur more than 256 km away, emphasizing the importance of tracking both local and long-range impacts. Our paper highlights the importance of a fine-scale approach as marginal damages can vary by over an order of magnitude within a single county. Information presented here can assist mitigation efforts by identifying those sources with the greatest health effects.",10.1073/pnas.1816102116,B26
international spillovers and water quality in rivers do countries free ride,Hilary Sigman,2002,230,NOT Open Access,https://doi.org/10.1257/00028280260344687,,10.1257/00028280260344687,B26
understanding knowledge spillovers,J. Vernon Henderson,2007,208,NOT Open Access,https://doi.org/10.1016/j.regsciurbeco.2006.11.010,,10.1016/j.regsciurbeco.2006.11.010,B26
real estate valuation and cross boundary air pollution externalities evidence from chinese cities,Siqi Zheng|Jing Cao|Matthew E. Kahn|Cong Sun,2013,181,NOT Open Access,https://doi.org/10.1007/s11146-013-9405-4,,10.1007/s11146-013-9405-4,B26
assessing the recent estimates of the global burden of disease for ambient air pollution methodological changes and implications for low and middle income countries,Bart Ostro|Joseph V. Spadaro|Sophie Gumy|Pierpaolo Mudu|Yewande Awe|Francesco Forastiere|Annette Peters,2018,112,Open Access,https://doi.org/10.1016/j.envres.2018.03.001,,10.1016/j.envres.2018.03.001,B26
fiscal federalism and interjurisdictional externalities new results and an application to us air pollution,H. Spencer Banzhaf|B. Andrew Chupp,2012,99,NOT Open Access,https://doi.org/10.1016/j.jpubeco.2012.01.001,,10.1016/j.jpubeco.2012.01.001,B26
the impact of indonesian forest fires on singaporean pollution and health,Tamara L. Sheldon|Chandini Sankaran,2017,89,NOT Open Access,https://doi.org/10.1257/aer.p20171134,,10.1257/aer.p20171134,B26
smart caf cities testing human capital externalities in the boston metropolitan area,Shihe Fu,2006,169,NOT Open Access,https://doi.org/10.1016/j.jue.2006.06.002,,10.1016/j.jue.2006.06.002,B26
growing state federal conflicts in environmental policy the role of market based regulation,Roberton C. Williams,2011,72,NOT Open Access,https://doi.org/10.1016/j.jpubeco.2011.08.003,,10.1016/j.jpubeco.2011.08.003,B26
is china s pollution the culprit for the choking of south korea evidence from the asian dust,Ruixue Jia|Hyejin Ku,2019,70,Open Access,https://doi.org/10.1093/ej/uez021,"Abstract This paper studies the impact of air pollution spillover from China to South Korea. To isolate the effects of cross-border pollution spillover from that of locally generated pollution, we exploit within-South Korea and over-time variation in the incidence of Asian dust—a meteorological phenomenon exogenous to district–time cells in South Korea—together with temporal variations in China's air quality. We find that conditional on being exposed to Asian dust, increased pollution in China leads to increased mortality from respiratory and cardiovascular diseases in South Korean districts, with the most vulnerable being the elderly and children under five.",10.1093/ej/uez021,B26
can decentralized planning really achieve first best in the presence of environmental spillovers,Harrison Fell|Daniel Kaffine,2014,58,NOT Open Access,https://doi.org/10.1016/j.jeem.2014.04.001,,10.1016/j.jeem.2014.04.001,B26
chinese yellow dust and korean infant health,Duha T. Altindag|Deokrye Baek|Naci Mocan,2017,53,NOT Open Access,https://doi.org/10.1016/j.socscimed.2017.05.031,,10.1016/j.socscimed.2017.05.031,B26
investor base and corporate borrowing evidence from international bonds,Massimo Massa|Alminas Žaldokas,2013,20,NOT Open Access,https://doi.org/10.1016/j.jinteco.2013.11.002,,10.1016/j.jinteco.2013.11.002,B26
estimation of models with grouped and ungrouped data by means of 2sls,Phoebus J. Dhrymes|Adriana Lleras‐Muney,2005,15,Open Access,https://doi.org/10.1016/j.jeconom.2005.03.007,,10.1016/j.jeconom.2005.03.007,B26
travel and the built environment,Reid Ewing|Robert Cervero,2010,5277,NOT Open Access,https://doi.org/10.1080/01944361003766766,,10.1080/01944361003766766,B27
the spatial economy cities regions and international trade,Thomas J. Holmes|Masahisa Fujita|Paúl Krugman|Anthony J. Venables,2000,5121,NOT Open Access,https://doi.org/10.2307/1061487,,10.2307/1061487,B27
travel demand and the 3ds density diversity and design,Robert Cervero|Kara M. Kockelman,1997,4521,NOT Open Access,https://doi.org/10.1016/s1361-9209(97)00009-6,,10.1016/s1361-9209(97)00009-6,B27
chapter 49 evidence on the nature and sources of agglomeration economies,Stuart S. Rosenthal|William C. Strange,2004,2249,NOT Open Access,https://doi.org/10.1016/s1574-0080(04)80006-3,,10.1016/s1574-0080(04)80006-3,B27
chapter 48 micro foundations of urban agglomeration economies,Gilles Duranton|Diego Puga,2004,1353,NOT Open Access,https://doi.org/10.1016/s1574-0080(04)80005-1,,10.1016/s1574-0080(04)80005-1,B27
spatial wage disparities sorting matters,Pierre‐Philippe Combes|Gilles Duranton|Laurent Gobillon,2007,1125,NOT Open Access,https://doi.org/10.1016/j.jue.2007.04.004,,10.1016/j.jue.2007.04.004,B27
cities and skills,Edward L. Glaeser|David C. Maré,2001,1113,NOT Open Access,https://doi.org/10.1086/319563,,10.1086/319563,B27
the market as a factor in the localization of industry in the united states,Chauncy D. Harris,1954,1006,NOT Open Access,https://doi.org/10.1080/00045605409352140,,10.1080/00045605409352140,B27
agglomeration effects in europe,Antonio Ciccone,2002,989,NOT Open Access,https://doi.org/10.1016/s0014-2921(00)00099-4,,10.1016/s0014-2921(00)00099-4,B27
urban growth and transportation,Gilles Duranton|Matthew A. Turner,2012,946,NOT Open Access,https://doi.org/10.1093/restud/rds010,,10.1093/restud/rds010,B27
the magnitude and causes of agglomeration economies,Diego Puga,2010,924,NOT Open Access,https://doi.org/10.1111/j.1467-9787.2009.00657.x,,10.1111/j.1467-9787.2009.00657.x,B27
the productivity advantages of large cities distinguishing agglomeration from firm selection,Pierre‐Philippe Combes|Gilles Duranton|Laurent Gobillon|Diego Puga|Sébastiên Roux,2012,870,NOT Open Access,https://doi.org/10.3982/ecta8442,,10.3982/ecta8442,B27
a meta analysis of estimates of urban agglomeration economies,Patrícia C. Melo|Daniel J. Graham|Robert B. Noland,2008,829,NOT Open Access,https://doi.org/10.1016/j.regsciurbeco.2008.12.002,,10.1016/j.regsciurbeco.2008.12.002,B27
efficiency of resource usage and city size,J. Vernon Henderson,1986,694,NOT Open Access,https://doi.org/10.1016/0094-1190(86)90030-6,,10.1016/0094-1190(86)90030-6,B27
urban mobility and urban form the social and environmental costs of different patterns of urban expansion,Roberto Camagni|María Cristina Gibelli|Paolo Rigamonti,2002,678,NOT Open Access,https://doi.org/10.1016/s0921-8009(01)00254-3,,10.1016/s0921-8009(01)00254-3,B27
the productivity of cities,Leo Sveikauskas,1975,510,NOT Open Access,https://doi.org/10.2307/1885259,,10.2307/1885259,B27
association of black carbon with cognition among children in a prospective birth cohort study,S. F. Suglia|Alexandros Gryparis|Robert O. Wright|Joel Schwartz|Rosalind J. Wright,2007,409,Open Access,https://doi.org/10.1093/aje/kwm308,"While studies show that ultrafine and fine particles can be translocated from the lungs to the central nervous system, the possible neurodegenerative effect of air pollution remains largely unexplored. The authors examined the relation between black carbon, a marker for traffic particles, and cognition among 202 Boston, Massachusetts, children (mean age = 9.7 years (standard deviation, 1.7)) in a prospective birth cohort study (1986-2001). Local black carbon levels were estimated using a validated spatiotemporal land-use regression model (mean predicted annual black carbon level, 0.56 mug/m(3) (standard deviation, 0.13)). The Wide Range Assessment of Memory and Learning and the Kaufman Brief Intelligence Test were administered for assessment of cognitive constructs. In analysis adjusting for sociodemographic factors, birth weight, blood lead level, and tobacco smoke exposure, black carbon (per interquartile-range increase) was associated with decreases in the vocabulary (-2.2, 95% confidence interval (CI): -5.5, 1.1), matrices (-4.0, 95% CI: -7.6, -0.5), and composite intelligence quotient (-3.4, 95% CI: -6.6, -0.3) scores of the Kaufman Brief Intelligence Test and with decreases on the visual subscale (-5.4, 95% CI: -8.9, -1.9) and general index (-3.9, 95% CI: -7.5, -0.3) of the Wide Range Assessment of Memory and Learning. Higher levels of black carbon predicted decreased cognitive function across assessments of verbal and nonverbal intelligence and memory constructs.",10.1093/aje/kwm308,B27
agglomeration economics,Edward L. Glaeser,2010,383,NOT Open Access,https://doi.org/10.7208/chicago/9780226297927.001.0001,,10.7208/chicago/9780226297927.001.0001,B27
are there returns to scale in city size,David R. Segal,1976,353,NOT Open Access,https://doi.org/10.2307/1924956,,10.2307/1924956,B27
evaluating urban transport improvements cost benefit analysis in the presence of agglomeration and income taxation,Anthony J. Venables,2007,311,Open Access,https://doi.org/10.3828/jtep.2007.41.2.173,"There is a substantial empirical literature quantifying the positive relationship between city size and productivity. This paper studies the implications of that relationship for evaluations of urban transport improvements. A theoretical model is developed and used to derive a cost–benefit measure that includes the impact of transport improvements on city size and hence on the productivity of new and existing city workers. The size of such effects is illustrated in a simple computable equilibrium model. It is argued that these productivity effects, particularly when combined with distortionary taxation, are quantitatively important, substantially increasing the gains attributable to urban transport improvements.",10.3828/jtep.2007.41.2.173,B27
chapter 51 human capital externalities in cities,Enrico Moretti,2004,307,NOT Open Access,https://doi.org/10.1016/s1574-0080(04)80008-7,,10.1016/s1574-0080(04)80008-7,B27
dots to boxes do the size and shape of spatial units jeopardize economic geography estimations,Ecole Hautes|Etudes Sciences Sociales|Universités D&amp;apos;aix-marseille Ii Et Iii|Anthony Briant|Miren Lafourcade|Anthony Briant|Miren Lafourcade,2008,307,NOT Open Access,,,,B27
economics of agglomeration cities industrial location and regional growth,Howard A. Stafford,2003,277,NOT Open Access,https://doi.org/10.1111/1467-8306.930301214,,10.1111/1467-8306.930301214,B27
agglomeration productivity and transport investment,Daniel J. Graham,2007,274,NOT Open Access,https://doi.org/10.3828/jtep.2007.41.3.317,,10.3828/jtep.2007.41.3.317,B27
effects of nitrogen dioxide on human health systematic review of experimental and epidemiological studies conducted between 2002 and 2006,Ute Latza|Silke Gerdes|Xaver Baur,2008,234,NOT Open Access,https://doi.org/10.1016/j.ijheh.2008.06.003,,10.1016/j.ijheh.2008.06.003,B27
chapter 59 the empirics of agglomeration and trade,Keith Head|Thierry Mayer,2004,226,NOT Open Access,https://doi.org/10.1016/s1574-0080(04)80016-6,,10.1016/s1574-0080(04)80016-6,B27
urban form and the ecological footprint of commuting the case of barcelona,Iván Muñiz|Anna Galindo,2005,224,NOT Open Access,https://doi.org/10.1016/j.ecolecon.2004.12.008,,10.1016/j.ecolecon.2004.12.008,B27
re evaluating the impact of urban form on travel patternsin europe and north america,Paul van de Coevering|Tim Schwanen,2005,162,NOT Open Access,https://doi.org/10.1016/j.tranpol.2005.10.001,,10.1016/j.tranpol.2005.10.001,B27
cost benefit analysis and large scale infrastructure projects state of the art and challenges,Roger Vickerman,2007,121,NOT Open Access,https://doi.org/10.1068/b32112,,10.1068/b32112,B27
testing for causality between productivity and agglomeration economies,Daniel J. Graham|Patricia S. Melo|Piyapong Jiwattanakulpaisarn|Robert B. Noland,2010,101,NOT Open Access,https://doi.org/10.1111/j.1467-9787.2010.00676.x,,10.1111/j.1467-9787.2010.00676.x,B27
introduction new horizons in regional studies,John Harrison,2014,36,Open Access,https://doi.org/10.1080/00343404.2014.980637,"This issue marks the beginning of Regional Studies’ 49th volume. As we begin this new chapter in the journal's history our inheritance will ensure Regional Studies retains its distinctive purpose, ...",10.1080/00343404.2014.980637,B27
the impact of air pollution on cognitive performance and human capital formation,Victor Lavy|Avraham Ebenstein|Sefi Roth,2012,24,NOT Open Access,,,,B27
wages and accessibility the impact of transport infrastructure,Anna Matas|Josep Lluís Raymond|José Luís Roig Sabaté,2013,25,NOT Open Access,https://doi.org/10.1080/00343404.2013.827336,,10.1080/00343404.2013.827336,B27
ambient nitrogen oxides exposure and early childhood respiratory illnesses,Rakesh Ghosh|Jesse P. Joad|I Beneš|Miroslav Dostál|Radim J. Šrám|Irva Hertz‐Picciotto,2011,22,NOT Open Access,https://doi.org/10.1016/j.envint.2011.10.001,,10.1016/j.envint.2011.10.001,B27
productivity in transport evaluation studies,Stephen Gibbons|Henry G. Overman,2009,16,NOT Open Access,,,,B27
introductory econometrics a modern approach,Jeffrey M. Wooldridge,1999,14639,NOT Open Access,,,,B27
the sizes and types of cities,J. Vernon Henderson,1972,757,Open Access,,"This paper presents a simple general equilibrium model of an economy where production and consumption occur in cities. The paper focuses on the different sizes and types of cities generated by market forces and whether these market forces generate optimally size cities. Before the model is presented, four complex questions are naively answered, revealing the most basic concepts underlying the paper and intellectual debts to the existing literature. First the model of a single city is presented. How factor rewards and cost of living vary with city size is analysed. Given these results, the paper presents an analysis of market equilibrium and optimum city size. Finally, equilibrium in an economy with multiple types of cities is examined. At the end of the paper, we discuss how natural resources and transportation costs in trade can be integrated into the model. Throughout the paper, it is assumed that capital and labour are scarce resources and perfectly mobile within the economy. The economy is situated on a flat featureless plain, large enough so that land per se is never a scarce resource (although location will be a scarce resource). This non-critical assumption implies the opportunity cost of land is zero. Lastly, there are no specified transport costs of inter-city trade.",,B27
estimating the agglomeration benefits of transport investments,Daniel J. Graham|Kurt Van Dender,2009,10,Open Access,https://doi.org/10.1787/5kmmr387j0zp-en,"The case for including agglomeration benefits within transport appraisal rests on an assumed causality between access to economic mass and productivity. Such causality is difficult to establish empirically because estimates may be subject to sources of bias from endogeneity and confounding. They may also be sensitive to the range of sample variance in agglomeration being used. The purpose of this paper is to demonstrate some of the key difficulties that the researcher faces in estimating agglomeration economies and to show how these can affect the calculation of agglomeration benefits for the appraisal of transport projects. The results show a high degree of sensitivity to treatment for unobserved heterogeneity and to differences in the sample variance of agglomeration. A key conclusion is that we are unable to distinguish agglomeration effects from other potential explanations for productivity increases, most notably functional heterogeneity. Consequently, the agglomeration effects of transport investments cannot be interpreted causally.",10.1787/5kmmr387j0zp-en,B27
the sports business as a labor market laboratory,Lawrence M. Kahn,2000,536,Open Access,https://doi.org/10.1257/jep.14.3.75,"With superior data on compensation and productivity, as well as the occurrence of abrupt, dramatic market structure and player allocation rules changes, sports labor markets offer an excellent setting in which to test economic hypotheses. This paper reviews evidence from sports in four areas: employer monopsony, discrimination, the Coase Theorem, and incentive contracts, supervision and performance. There is considerable evidence of monopsony as well as for the existence of some forms of discrimination against minority athletes. Incentive contracts have strong effects on player performance and behavior, and there is mixed evidence on the predictions of the Coase Theorem.",10.1257/jep.14.3.75,B28
environmental regulations on air pollution in china and their impact on infant mortality,Shinsuke Tanaka,2015,501,NOT Open Access,https://doi.org/10.1016/j.jhealeco.2015.02.004,,10.1016/j.jhealeco.2015.02.004,B28
quitters never win the adverse incentive effects of competing with superstars,Jennifer Brown,2011,392,NOT Open Access,https://doi.org/10.1086/663306,,10.1086/663306,B28
taxation and international migration of superstars evidence from the european football market,Henrik Kleven|Camille Landais|Emmanuel Saez,2013,376,NOT Open Access,https://doi.org/10.1257/aer.103.5.1892,,10.1257/aer.103.5.1892,B28
air pollution and infant mortality a natural experiment from power plant desulfurization,Simon Luechinger,2014,139,NOT Open Access,https://doi.org/10.1016/j.jhealeco.2014.06.009,,10.1016/j.jhealeco.2014.06.009,B28
air pollution avoidance behaviour and children s respiratory health evidence from england,Katharina Janke,2014,137,Open Access,https://doi.org/10.1016/j.jhealeco.2014.07.002,,10.1016/j.jhealeco.2014.07.002,B28
passing patterns before and after goal scoring in fa premier league soccer,Athalie Redwood‐Brown,2008,91,NOT Open Access,https://doi.org/10.1080/24748668.2008.11868458,,10.1080/24748668.2008.11868458,B28
confidence enhanced performance the causal effects of success on future performance in professional golf tournaments,Olof Rosenqvist|Oskar Nordström Skans,2015,68,NOT Open Access,https://doi.org/10.1016/j.jebo.2015.06.020,,10.1016/j.jebo.2015.06.020,B28
fine particulate air pollution and hospital admission for cardiovascular and respiratory diseases,Francesca Dominici|Roger D. Peng|Michelle L. Bell|Luu Pham|Aidan McDermott|Scott L. Zeger|Jonathan M. Samet,2006,2692,Open Access,https://doi.org/10.1001/jama.295.10.1127,"CONTEXT: Evidence on the health risks associated with short-term exposure to fine particles (particulate matter < or =2.5 microm in aerodynamic diameter [PM2.5]) is limited. Results from the new national monitoring network for PM2.5 make possible systematic research on health risks at national and regional scales. OBJECTIVES: To estimate risks of cardiovascular and respiratory hospital admissions associated with short-term exposure to PM2.5 for Medicare enrollees and to explore heterogeneity of the variation of risks across regions. DESIGN, SETTING, AND PARTICIPANTS: A national database comprising daily time-series data daily for 1999 through 2002 on hospital admission rates (constructed from the Medicare National Claims History Files) for cardiovascular and respiratory outcomes and injuries, ambient PM2.5 levels, and temperature and dew-point temperature for 204 US urban counties (population >200,000) with 11.5 million Medicare enrollees (aged >65 years) living an average of 5.9 miles from a PM2.5 monitor. MAIN OUTCOME MEASURES: Daily counts of county-wide hospital admissions for primary diagnosis of cerebrovascular, peripheral, and ischemic heart diseases, heart rhythm, heart failure, chronic obstructive pulmonary disease, and respiratory infection, and injuries as a control outcome. RESULTS: There was a short-term increase in hospital admission rates associated with PM2.5 for all of the health outcomes except injuries. The largest association was for heart failure, which had a 1.28% (95% confidence interval, 0.78%-1.78%) increase in risk per 10-microg/m3 increase in same-day PM2.5. Cardiovascular risks tended to be higher in counties located in the Eastern region of the United States, which included the Northeast, the Southeast, the Midwest, and the South. CONCLUSION: Short-term exposure to PM2.5 increases the risk for hospital admission for cardiovascular and respiratory diseases.",10.1001/jama.295.10.1127,B29
outdoor air pollution and asthma,Michael Guarnieri|John R. Balmes,2014,1884,NOT Open Access,https://doi.org/10.1016/s0140-6736(14)60617-6,,10.1016/s0140-6736(14)60617-6,B29
robust negative impacts of climate change on african agriculture,Wolfram Schlenker|David B. Lobell,2010,1491,Open Access,https://doi.org/10.1088/1748-9326/5/1/014010,"There is widespread interest in the impacts of climate change on agriculture in Sub-Saharan Africa (SSA), and on the most effective investments to assist adaptation to these changes, yet the scientific basis for estimating production risks and prioritizing investments has been quite limited.Here we show that by combining historical crop production and weather data into a panel analysis, a robust model of yield response to climate change emerges for several key African crops.By mid-century, the mean estimates of aggregate production changes in SSA under our preferred model specification are -22, -17, -17, -18, and -8% for maize, sorghum, millet, groundnut, and cassava, respectively.In all cases except cassava, there is a 95% probability that damages exceed 7%, and a 5% probability that they exceed 27%.Moreover, countries with the highest average yields have the largest projected yield losses, suggesting that well-fertilized modern seed varieties are more susceptible to heat related losses.",10.1088/1748-9326/5/1/014010,B29
impact of air pollution on the burden of chronic respiratory diseases in china time for urgent action,Wei‐jie Guan|Xueyan Zheng|Kian Fan Chung|Nanshan Zhong,2016,936,NOT Open Access,https://doi.org/10.1016/s0140-6736(16)31597-5,,10.1016/s0140-6736(16)31597-5,B29
global estimates and long term trends of fine particulate matter concentrations 1998 2018,Melanie S. Hammer|Aaron van Donkelaar|Chi Li|Alexei Lyapustin|A. M. Sayer|N. Christina Hsu|R. C. Levy|M. J. Garay|О. В. Калашникова|Ralph A. Kahn|Michael Bräuer|Joshua S. Apte|Daven K. Henze|Li Zhang|Qiang Zhang|Bonne Ford|Jeffrey R. Pierce|Randall V. Martin,2020,856,Open Access,https://doi.org/10.1021/acs.est.0c01764,"Abstract Exposure to outdoor fine particulate matter (PM2.5) is a leading risk factor for mortality. We develop global estimates of annual PM2.5 concentrations and trends for 1998–2018 using advances in satellite observations, chemical transport modeling, and ground-based monitoring. Aerosol optical depths (AODs) from advanced satellite products including finer resolution, increased global coverage, and improved long-term stability are combined and related to surface PM2.5 concentrations using geophysical relationships between surface PM2.5 and AOD simulated by the GEOS-Chem chemical transport model with updated algorithms. The resultant annual mean geophysical PM2.5 estimates are highly consistent with globally distributed ground monitors (R2 = 0.81; slope = 0.90). Geographically weighted regression is applied to the geophysical PM2.5 estimates to predict and account for the residual bias with PM2.5 monitors, yielding even higher cross validated agreement (R2 = 0.90–0.92; slope = 0.90–0.97) with ground monitors and improved agreement compared to all earlier global estimates. The consistent long-term satellite AOD and simulation enable trend assessment over a 21 year period, identifying significant trends for eastern North America (−0.28 ± 0.03 μg/m3/yr), Europe (−0.15 ± 0.03 μg/m3/yr), India (1.13 ± 0.15 μg/m3/yr), and globally (0.04 ± 0.02 μg/m3/yr). The positive trend (2.44 ± 0.44 μg/m3/yr) for India over 2005–2013 and the negative trend (−3.37 ± 0.38 μg/m3/yr) for China over 2011–2018 are remarkable, with implications for the health of billions of people.",10.1021/acs.est.0c01764,B29
regional estimates of chemical composition of fine particulate matter using a combined geoscience statistical method with information from satellites models and monitors,Aaron van Donkelaar|Randall V. Martin|Chi Li|Richard T. Burnett,2019,751,Open Access,https://doi.org/10.1021/acs.est.8b06392,chemical components.,10.1021/acs.est.8b06392,B29
identification and inference for econometric models,Donald W. K. Andrews|James Stock|Thomas J. Rothenberg,2005,726,NOT Open Access,https://doi.org/10.1017/cbo9780511614491,,10.1017/cbo9780511614491,B29
using weather data and climate model output in economic analyses of climate change,Maximilian Auffhammer|Solomon Hsiang|Wolfram Schlenker|Adam H. Sobel,2013,659,Open Access,https://doi.org/10.1093/reep/ret016,"Economists are increasingly using weather data and climate model output in analyses of the economic impacts of climate change. This article introduces weather data sets and climate models that are frequently used, discusses the most common mistakes economists make in using these products, and identifies ways to avoid these pitfalls. We first provide an introduction to weather data, including a summary of the types of data sets available, and then we discuss five common pitfalls that empirical researchers should be aware of when using historical weather data as explanatory variables in econometric applications. We then provide a brief overview of climate models and discuss two common and significant errors often made by economists when climate model output is used to simulate the future impacts of climate change on an economic outcome of interest.",10.1093/reep/ret016,B29
linkages among climate change crop yields and mexico us cross border migration,Shuaizhang Feng|Alan B. Krueger|Michael Oppenheimer,2010,636,Open Access,https://doi.org/10.1073/pnas.1002632107,"Climate change is expected to cause mass human migration, including immigration across international borders. This study quantitatively examines the linkages among variations in climate, agricultural yields, and people's migration responses by using an instrumental variables approach. Our method allows us to identify the relationship between crop yields and migration without explicitly controlling for all other confounding factors. Using state-level data from Mexico, we find a significant effect of climate-driven changes in crop yields on the rate of emigration to the United States. The estimated semielasticity of emigration with respect to crop yields is approximately -0.2, i.e., a 10% reduction in crop yields would lead an additional 2% of the population to emigrate. We then use the estimated semielasticity to explore the potential magnitude of future emigration. Depending on the warming scenarios used and adaptation levels assumed, with other factors held constant, by approximately the year 2080, climate change is estimated to induce 1.4 to 6.7 million adult Mexicans (or 2% to 10% of the current population aged 15-65 y) to emigrate as a result of declines in agricultural productivity alone. Although the results cannot be mechanically extrapolated to other areas and time periods, our findings are significant from a global perspective given that many regions, especially developing countries, are expected to experience significant declines in agricultural yields as a result of projected warming.",10.1073/pnas.1002632107,B29
china s growing role in world trade,Robert C. Feenstra|Shang‐Jin Wei,2010,538,NOT Open Access,https://doi.org/10.7208/chicago/9780226239729.001.0001,,10.7208/chicago/9780226239729.001.0001,B29
the relation between past exposure to fine particulate air pollution and prevalent anxiety observational cohort study,Melinda C. Power|Marianthi‐Anna Kioumourtzoglou|Jaime E. Hart|Olivia I. Okereke|Francine Laden|Marc G. Weisskopf,2015,381,Open Access,https://doi.org/10.1136/bmj.h1111,"OBJECTIVE: To determine whether higher past exposure to particulate air pollution is associated with prevalent high symptoms of anxiety. DESIGN: Observational cohort study. SETTING: Nurses' Health Study. PARTICIPANTS: 71,271 women enrolled in the Nurses' Health Study residing throughout the contiguous United States who had valid estimates on exposure to particulate matter for at least one exposure period of interest and data on anxiety symptoms. MAIN OUTCOME MEASURES: Meaningfully high symptoms of anxiety, defined as a score of 6 points or greater on the phobic anxiety subscale of the Crown-Crisp index, administered in 2004. RESULTS: The 71,271 eligible women were aged between 57 and 85 years (mean 70 years) at the time of assessment of anxiety symptoms, with a prevalence of high anxiety symptoms of 15%. Exposure to particulate matter was characterized using estimated average exposure to particulate matter <2.5 μm in diameter (PM2.5) and 2.5 to 10 μm in diameter (PM2.5-10) in the one month, three months, six months, one year, and 15 years prior to assessment of anxiety symptoms, and residential distance to the nearest major road two years prior to assessment. Significantly increased odds of high anxiety symptoms were observed with higher exposure to PM2.5 for multiple averaging periods (for example, odds ratio per 10 µg/m(3) increase in prior one month average PM2.5: 1.12, 95% confidence interval 1.06 to 1.19; in prior 12 month average PM2.5: 1.15, 1.06 to 1.26). Models including multiple exposure windows suggested short term averaging periods were more relevant than long term averaging periods. There was no association between anxiety and exposure to PM2.5-10. Residential proximity to major roads was not related to anxiety symptoms in a dose dependent manner. CONCLUSIONS: Exposure to fine particulate matter (PM2.5) was associated with high symptoms of anxiety, with more recent exposures potentially more relevant than more distant exposures. Research evaluating whether reductions in exposure to ambient PM2.5 would reduce the population level burden of clinically relevant symptoms of anxiety is warranted.",10.1136/bmj.h1111,B29
adult measures of general health and health related quality of life medical outcomes study short form 36 item sf 36 and short form 12 item sf 12 health surveys nottingham health profile nhp sickness impact profile sip medical outcomes study short form 6d sf 6d health utilities index mark 3 hui3 quality of well being scale qwb and assessment of quality of life aq o l,Lucy Busija|Eva Pausenberger|Terry Haines|Sharon A. Haymes|Rachelle Buchbinder|Richard H. Osborne,2011,373,Open Access,https://doi.org/10.1002/acr.20541,"abstracts was very high (intraclass correlation coefficient 0.996). Any disagreements were resolved through a discussion between all authors. Given the large number of potentially relevant measures identified, only those measures that were used at least 4 times in the screened abstracts were selected for this review. Consequently, this report provides reviews of 4 generic health profiles: the Medical Outcomes Study Short Form 36 and Short Form 12 Health Surveys, the Nottingham Health Profile, and the Sickness Impact Profile, and 4 health utility measures: the Medical Outcomes Study Short Form 6D, the Health Utilities Index Mark 3, Quality of Well-Being Scale (selfadministered), and the Assessment of Quality of Life Scale. Although the EuroQol 5-domain is also frequently used in rheumatology, the review of this measure is included in Measures of Disability article in this issue.",10.1002/acr.20541,B29
quality of life assessment key issues in the 1990s,Stuart Walker|Rachel Rosser,1993,333,NOT Open Access,https://doi.org/10.1007/978-94-011-2988-6,,10.1007/978-94-011-2988-6,B29
climate variability and international migration the importance of the agricultural linkage,Ruohong Cai|Shuaizhang Feng|Michael Oppenheimer|Mariola Pytlíková,2016,317,NOT Open Access,https://doi.org/10.1016/j.jeem.2016.06.005,,10.1016/j.jeem.2016.06.005,B29
an empirical relationship between pm2 5 and aerosol optical depth in delhi metropolitan,Naresh Kumar|A.K.M. Chu|Andrew Foster,2007,298,Open Access,https://doi.org/10.1016/j.atmosenv.2007.01.046,,10.1016/j.atmosenv.2007.01.046,B29
local labor market fluctuations and health is there a connection and for whom,Kerwin Kofi Charles|Philip DeCicca,2008,257,NOT Open Access,https://doi.org/10.1016/j.jhealeco.2008.06.004,,10.1016/j.jhealeco.2008.06.004,B29
the value of regulatory discretion estimates from environmental inspections in india,Esther Duflo|Michael Greenstone|Rohini Pande|Nicholas Ryan,2018,252,Open Access,https://doi.org/10.3982/ecta12876,"High pollution persists in many developing countries despite strict environmental rules. We use a field experiment and a structural model to study how plant emission standards are enforced. In collaboration with an Indian environmental regulator, we experimentally doubled the rate of inspection for treatment plants and required that the extra inspections be assigned randomly. We find that treatment plants only slightly increased compliance. We hypothesize that this weak effect is due to poor targeting, since the random inspections in the treatment found fewer extreme violators than the regulator's own discretionary inspections. To unbundle the roles of extra inspections and the removal of discretion over what plants to target, we set out a model of environmental regulation where the regulator targets inspections, based on a signal of pollution, to maximize plant abatement. Using the experiment to identify key parameters of the model, we find that the regulator aggressively targets its discretionary inspections, to the degree that half of the plants receive fewer than one inspection per year, while plants expected to be the dirtiest may receive ten. Counterfactual simulations show that discretion in targeting helps enforcement: inspections that the regulator assigns cause three times more abatement than would the same number of randomly assigned inspections. Nonetheless, we find that the regulator's information on plant pollution is poor, and improvements in monitoring would reduce emissions.",10.3982/ecta12876,B29
safety health improvement and well being during a 4 to 21 day fasting period in an observational study including 1422 subjects,Françoise Wilhelmi de Toledo|Franziska Grundler|Audrey Bergouignan|Stefan Drinda|Andreas Michalsen,2019,244,Open Access,https://doi.org/10.1371/journal.pone.0209353,"Only few studies document longer periods of fasting in large cohorts including non-obese participants. The aim of this study was to document prospectively the safety and any changes in basic health and well-being indicators during Buchinger periodic fasting within a specialised clinic. In a one-year observational study 1422 subjects participated in a fasting program consisting of fasting periods of between 4 and 21 days. Subjects were grouped in fasting period lengths of 5, 10, 15 and 20±2 days. The participants fasted according to the Buchinger guidelines with a daily caloric intake of 200-250 kcal accompanied by a moderate-intensity lifestyle program. Clinical parameters as well as adverse effects and well-being were documented daily. Blood examinations before and at the end of the fasting period complemented the pre-post analysis using mixed-effects linear models. Significant reductions in weight, abdominal circumference and blood pressure were observed in the whole group (each p<0.001). A beneficial modulating effect of fasting on blood lipids, glucoregulation and further general health-related blood parameters was shown. In all groups, fasting led to a decrease in blood glucose levels to low norm range and to an increase in ketone bodies levels (each p<0.001), documenting the metabolic switch. An increase in physical and emotional well-being (each p<0.001) and an absence of hunger feeling in 93.2% of the subjects supported the feasibility of prolonged fasting. Among the 404 subjects with pre-existing health-complaints, 341 (84.4%) reported an improvement. Adverse effects were reported in less than 1% of the participants. The results from 1422 subjects showed for the first time that Buchinger periodic fasting lasting from 4 to 21 days is safe and well tolerated. It led to enhancement of emotional and physical well-being and improvements in relevant cardiovascular and general risk factors, as well as subjective health complaints.",10.1371/journal.pone.0209353,B29
heat and learning,R. Jisung Park|Joshua Goodman|Michael Hurwitz|Jonathan Smith,2020,219,NOT Open Access,https://doi.org/10.1257/pol.20180612,,10.1257/pol.20180612,B29
effects of climate change on combined labour productivity and supply an empirical multi model study,Shouro Dasgupta|Nicole van Maanen|Simon N. Gosling|Franziska Piontek|Christian Otto|Carl‐Friedrich Schleussner,2021,212,Open Access,https://doi.org/10.1016/s2542-5196(21)00170-4,"BACKGROUND: Although effects on labour is one of the most tangible and attributable climate impact, our quantification of these effects is insufficient and based on weak methodologies. Partly, this gap is due to the inability to resolve different impact channels, such as changes in time allocation (labour supply) and slowdown of work (labour productivity). Explicitly resolving those in a multi-model inter-comparison framework can help to improve estimates of the effects of climate change on labour effectiveness. METHODS: In this empirical, multi-model study, we used a large collection of micro-survey data aggregated to subnational regions across the world to estimate new, robust global and regional temperature and wet-bulb globe temperature exposure-response functions (ERFs) for labour supply. We then assessed the uncertainty in existing labour productivity response functions and derived an augmented mean function. Finally, we combined these two dimensions of labour into a single compound metric (effective labour effects). This combined measure allowed us to estimate the effect of future climate change on both the number of hours worked and on the productivity of workers during their working hours under 1·5°C, 2·0°C, and 3·0°C of global warming. We separately analysed low-exposure (indoors or outdoors in the shade) and high-exposure (outdoor in the sun) sectors. FINDINGS: We found differentiated empirical regional and sectoral ERF's for labour supply. Current climate conditions already negatively affect labour effectiveness, particularly in tropical countries. Future climate change will reduce global total labour in the low-exposure sectors by 18 percentage points (range -48·8 to 5·3) under a scenario of 3·0°C warming (24·8 percentage points in the high-exposure sectors). The reductions will be 25·9 percentage points (-48·8 to 2·7) in Africa, 18·6 percentage points (-33·6 to 5·3) in Asia, and 10·4 percentage points (-35·0 to 2·6) in the Americas in the low-exposure sectors. These regional effects are projected to be substantially higher for labour outdoors in full sunlight compared with indoors (or outdoors in the shade) with the average reductions in total labour projected to be 32·8 percentage points (-66·3 to 1·6) in Africa, 25·0 percentage points (-66·3 to 7·0) in Asia, and 16·7 percentage points (-45·5 to 4·4) in the Americas. INTERPRETATION: Both labour supply and productivity are projected to decrease under future climate change in most parts of the world, and particularly in tropical regions. Parts of sub-Saharan Africa, south Asia, and southeast Asia are at highest risk under future warming scenarios. The heterogeneous regional response functions suggest that it is necessary to move away from one-size-fits-all response functions to investigate the climate effect on labour. Our findings imply income and distributional consequences in terms of increased inequality and poverty, especially in low-income countries, where the labour effects are projected to be high. FUNDING: COST (European Cooperation in Science and Technology).",10.1016/s2542-5196(21)00170-4,B29
temperature and high stakes cognitive performance evidence from the national college entrance examination in china,Joshua Graff Zivin|Yingquan Song|Qu Tang|Peng Zhang,2020,205,NOT Open Access,https://doi.org/10.1016/j.jeem.2020.102365,,10.1016/j.jeem.2020.102365,B29
integrating worksite health protection and health promotion a conceptual model for intervention and research,Glorian Sorensen|Deborah L. McLellan|Erika L. Sabbath|Jack T. Dennerlein|Eve M. Nagler|David Hurtado|Nicolaas P. Pronk|Gregory R. Wagner,2016,190,Open Access,https://doi.org/10.1016/j.ypmed.2016.08.005,,10.1016/j.ypmed.2016.08.005,B29
should patients have a greater role in valuing health states,John Brazier|Ron Akehurst|Alan Brennan|Paul Dolan|Karl Claxton|Chris McCabe|Mark Sculpher|Aki Tsuchyia,2005,185,NOT Open Access,https://doi.org/10.2165/00148365-200504040-00002,,10.2165/00148365-200504040-00002,B29
learning is inhibited by heat exposure both internationally and within the united states,R. Jisung Park|A. Patrick Behrer|Joshua Goodman,2020,185,NOT Open Access,https://doi.org/10.1038/s41562-020-00959-9,,10.1038/s41562-020-00959-9,B29
mass media information and demand for environmental quality evidence from the under the dome,Meng Tu|Bing Zhang|Jianhua Xu|Fangwen Lu,2019,159,NOT Open Access,https://doi.org/10.1016/j.jdeveco.2019.102402,,10.1016/j.jdeveco.2019.102402,B29
subjective well being and environmental quality the impact of air pollution and green coverage in china,Yuan Liang|Kongjoo Shin|Shunsuke Managi,2018,149,NOT Open Access,https://doi.org/10.1016/j.ecolecon.2018.04.033,,10.1016/j.ecolecon.2018.04.033,B29
temperature inversion and air pollution relationship and its effects on human health in hanoi city vietnam,Thi Thuy Trinh|Thi Tham Trinh|Thi Trinh Le|The Duc Hanh Nguyen|Binh Minh Tu,2018,127,NOT Open Access,https://doi.org/10.1007/s10653-018-0190-0,,10.1007/s10653-018-0190-0,B29
gender differences in associations of household and ambient air pollution with child health evidence from household and satellite based data in bangladesh,Masamitsu Kurata|Kazushi Takahashi|Akira Hibiki,2019,84,Open Access,https://doi.org/10.1016/j.worlddev.2019.104779,"Reduction in health risks from household air pollution (HAP) and ambient air pollution (AAP) is critical for achieving sustainable development globally, especially in low-income countries. Children are at particularly high risk because their respiratory and immune systems are not fully developed. Previous studies have identified the adverse impacts of air pollution on child health. However, most studies do not focus on HAP and AAP simultaneously nor address differences in the timings and magnitudes of prenatal and postnatal exposures across genders. Therefore, this study examines how prenatal and postnatal exposures to ambient particulate matter with aerodynamic diameter of 2.5 μm or less (PM2.5) along with household use of solid fuels (a main cause of HAP) are correlated with child health in Bangladesh. We combine individual-level data from nationally representative surveys with satellite-based high-resolution data on ambient PM2.5. We find that (1) the use of solid fuels is associated with respiratory illness among girls but not boys, (2) prenatal exposure to ambient PM2.5 is associated with stunting in boys but not girls, and (3) postnatal exposure is associated with stunting in both genders. These results provide new evidence for heterogeneous influences of AAP and HAP on child health across gender and timing of exposure. The main policy implications are that interventions against HAP would be more effective by targeting girls, and interventions against AAP should also target pregnant women. In sum, our findings highlight the importance of protecting women from air pollution and achieving Target 3.9 of the Sustainable Development Goals.",10.1016/j.worlddev.2019.104779,B29
validity of a quality of well being scale as an outcome measure in chronic obstructive pulmonary disease,Robert M. Kaplan|Catherine Atkin|Richard M. Timms,1984,306,NOT Open Access,https://doi.org/10.1016/0021-9681(84)90050-x,,10.1016/0021-9681(84)90050-x,B29
seven year particulate matter air quality assessment from surface and satellite measurements,Pawan Gupta|Sundar A. Christopher,2008,124,Open Access,https://doi.org/10.5194/acp-8-3311-2008,"Abstract. Using seven years of the Moderate Resolution Imaging Spectroradiometer (MODIS) aerosol optical thickness (AOT) data and ground measurements of particulate matter mass over one site in the Southeastern United States (33.55° N, 86.82° W) we present a comprehensive analysis of various aspects of particulate matter air quality. Monthly, seasonal and inter-annual relationships are examined with emphasis on sampling biases, quality indicators in the AOT product and various cloud clearing criteria. Our results indicate that PM2.5 mass concentration over Northern Birmingham has decreased by about 23% in year 2006 when compared to year 2002 and air quality during summer months was poor when compared to winter months. MODIS-Terra AOT data was available only about 50% of the time due to cloud cover and unfavorable surface conditions. However, the mean difference in monthly mean PM2.5 was less than 2.2 μg m−3 derived using all the data and from only those days when satellite AOT was available indicating that satellite data does not have sampling issues. The correlation between PM2.5 and MODIS AOT increased from 0.52 to 0.62 when hourly PM2.5 data were used instead of daily mean PM2.5 data. Changing box size for satellite data around the ground station during comparisons produced less than ±0.03 difference in mean AOT values for 90% of observations. Application of AOT quality flags reduced the sample size but does not affect AOT-PM2.5 relationship significantly. We recommend using AOT quality flags for daily analysis, whereas long time scale analysis can be performed by using all AOT retrievals to obtain better sampling. Our analysis indicates that satellite data is a useful tool for monitoring particulate matter air quality especially in regions where ground measurements are not available. While these results are representative for the region of interest, it is difficult to extrapolate these results to a larger context without detailed analysis using ancillary data sets.",10.5194/acp-8-3311-2008,B29
wildfire smoke and health impacts a closer look at fire attributes and their marginal effects,Klaus Moeltner|Man‐Keun Kim|Enshen Zhu|Wei Yang,2013,89,NOT Open Access,https://doi.org/10.1016/j.jeem.2013.09.004,,10.1016/j.jeem.2013.09.004,B29
beverage intake smoking behavior and alcohol consumption in contemporary china a cross sectional analysis from the 2011 china health and nutrition survey,Yen‐Han Lee|Zhi Wang|Timothy Chiang|Ching‐Ti Liu,2017,40,Open Access,https://doi.org/10.3390/ijerph14050493,"Chinese residents enjoy various types of beverages in their daily life. With the rapid Westernization of contemporary China, several adverse health concerns-such as diabetes linked to sweetened beverages-have emerged. Until now, no research that examines associations between beverage consumption and smoking/drinking behaviors has been made available, despite the large Chinese populations partaking in such activities. We conducted a cross-sectional study to explore the association between beverage intake frequencies and smoking/drinking behaviors in 12,634 adult respondents who participated in the latest wave (2011) of the China Health and Nutrition Survey (CHNS). Further, we applied Tukey's Honest Significance test for pairwise comparisons. We defined the consumption categories as daily (at least one serving per day), weekly (less than one serving per day, at least one serving per week), monthly (less than one serving per week, at least one serving per month), and less than monthly or none-for sweetened beverage, water, tea, and coffee consumptions. The data showed that both tea and sweetened beverages are associated with smoking/drinking behaviors. Compared to respondents who consume tea and sweetened beverages daily, the odds of smoking behaviors are lower for those who consume such beverages less frequently. Further policy implications are discussed, including higher taxes on sweetened beverages and lessons from other countries.",10.3390/ijerph14050493,B29
laying performance of broiler breeder chickens fed various millets or broken rice as a source of energy at a constant nutrient intake,S.V. Rama Rao|M. R. Reddy|N.K. Prarharaj|G. Shyam Sunder,2000,28,NOT Open Access,https://doi.org/10.1023/a:1005221224701,,10.1023/a:1005221224701,B29
using the machine learning method to study the environmental footprints embodied in chinese diet,Yi Liang|Aixi Han|Li Chai|Hong Zhi,2020,11,Open Access,https://doi.org/10.3390/ijerph17197349,"The food system profoundly affects the sustainable development of the environment and resources. Numerous studies have shown that the food consumption patterns of Chinese residents will bring certain pressure to the environment. Food consumption patterns have individual differences. Therefore, reducing the pressure of food consumption patterns on the environment requires the precise positioning of people with high consumption tendencies. Based on the related concepts of the machine learning method, this paper designs an identification method of the population with a high environmental footprint by using a decision tree as the core and realizes the automatic identification of a large number of users. By using the microdata provided by CHNS(the China Health and Nutrition Survey), we study the relationship between residents' dietary intake and environmental resource consumption. First, we find that the impact of residents' food system on the environment shows a certain logistic normal distribution trend. Then, through the decision tree algorithm, we find that four demographic characteristics of gender, income level, education level, and region have the greatest impact on residents' environmental footprint, where the consumption trends of different characteristics are also significantly different. At the same time, we also use the decision tree to identify the population characteristics with high consumption tendency. This method can effectively improve the identification coverage and accuracy rate and promotes the improvement of residents' food consumption patterns.",10.3390/ijerph17197349,B29
smog in our brains gender differences in the impact of exposure to air pollution on cognitive performance,Xi Chen|Xiaobo Zhang|Xin Zhang,2017,3,Open Access,https://doi.org/10.2139/ssrn.2940618,,10.2139/ssrn.2940618,B29
hedonic prices and implicit markets product differentiation in pure competition,Sherwin Rosen,1974,10743,NOT Open Access,https://doi.org/10.1086/260169,,10.1086/260169,B31
the quarterly journal of economics,Simon Kuznets,2024,7247,NOT Open Access,https://doi.org/10.4324/9781003549741-8,,10.4324/9781003549741-8,B31
the economic impacts of climate change,Richard S.J. Tol,2017,790,Open Access,https://doi.org/10.1093/reep/rex027,"This article reviews the economic impacts of climate change and the policy implications of the results. Current estimates indicate that climate change will likely have a limited impact on the economy and human welfare in the twenty-first century. In fact, the initial impacts of climate change may well be positive. However, in the long run the negative impacts dominate the positive ones. Negative impacts will be substantially greater in poorer, hotter, and lower-lying countries. Poverty reduction complements greenhouse gas emissions reduction as a means to reduce climate change impacts. Although climate change may affect the growth rate of the global economy and may trap more people in poverty, quantification of these impacts remains difficult. The optimal carbon tax in the near term is somewhere between a few tens and a few hundreds of dollars per ton of carbon.",10.1093/reep/rex027,B31
spatial and temporal variation in pm2 5 chemical composition in the united states for health effects studies,Michelle L. Bell|Francesca Dominici|Keita Ebisu|Scott L. Zeger|Jonathan M. Samet,2007,686,Open Access,https://doi.org/10.1289/ehp.9621,"BACKGROUND: Although numerous studies have demonstrated links between particulate matter (PM) and adverse health effects, the chemical components of the PM mixture that cause injury are unknown. OBJECTIVES: This work characterizes spatial and temporal variability of PM(2.5) (PM with aerodynamic diameter < 2.5 microm) components in the United States; our objective is to identify components for assessment in epidemiologic studies. METHODS: We constructed a database of 52 PM(2.5) component concentrations for 187 U.S. counties for 2000-2005. First, we describe the challenges inherent to analysis of a national PM(2.5) chemical composition database. Second, we identify components that contribute substantially to and/or co-vary with PM(2.5) total mass. Third, we characterize the seasonal and regional variability of targeted components. RESULTS: Strong seasonal and geographic variations in PM(2.5) chemical composition are identified. Only seven of the 52 components contributed >/= 1% to total mass for yearly or seasonal averages [ammonium (NH(4) (+)), elemental carbon (EC), organic carbon matter (OCM), nitrate (NO(3) (-)), silicon, sodium (Na(+)), and sulfate (SO(4) (2-))]. Strongest correlations with PM(2.5) total mass were with NH(4) (+) (yearly), OCM (especially winter), NO(3) (-) (winter), and SO(4) (2-) (yearly, spring, autumn, and summer), with particularly strong correlations for NH(4) (+) and SO(4) (2-) in summer. Components that co-varied with PM(2.5) total mass, based on daily detrended data, were NH(4) (+), SO(4) (2-) (,) OCM, NO(3) (2-), bromine, and EC. CONCLUSIONS: The subset of identified PM(2.5) components should be investigated further to determine whether their daily variation is associated with daily variation of health indicators, and whether their seasonal and regional patterns can explain the seasonal and regional heterogeneity in PM(10) (PM with aerodynamic diameter < 10 microm) and PM(2.5) health risks.",10.1289/ehp.9621,B31
social preferences and the response to incentives evidence from personnel data,Oriana Bandiera|Iwan Barankay|Imran Rasul,2005,649,NOT Open Access,https://doi.org/10.1093/qje/120.3.917,,10.1093/qje/120.3.917,B31
summary of travel trends 2009 national household travel survey,André Gustavo dos Santos|Nancy McGuckin|Hikari Nakamoto|D Gray|Susan Liss,2011,556,NOT Open Access,,,,B31
health and wages evidence on men and women in urban brazil,Duncan Thomas|John S. Strauss,1997,536,NOT Open Access,https://doi.org/10.1016/s0304-4076(96)01811-8,,10.1016/s0304-4076(96)01811-8,B31
environmental health risks and housing values evidence from 1 600 toxic plant openings and closings,Janet Currie|Lucas W. Davis|Michael Greenstone|Reed Walker,2015,510,Open Access,https://doi.org/10.1257/aer.20121656,"Regulatory oversight of toxic emissions from industrial plants and understanding about these emissions' impacts are in their infancy. Applying a research design based on the openings and closings of 1,600 industrial plants to rich data on housing markets and infant health, we find that: toxic air emissions affect air quality only within 1 mile of the plant; plant openings lead to 11 percent declines in housing values within 0.5 mile or a loss of about $4.25 million for these households; and a plant's operation is associated with a roughly 3 percent increase in the probability of low birthweight within 1 mile.",10.1257/aer.20121656,B31
effects of hot and cold temperature exposure on performance a meta analytic review,June J. Pilcher|Eric Nadler|Caroline Busch,2002,493,NOT Open Access,https://doi.org/10.1080/00140130210158419,,10.1080/00140130210158419,B31
personal exposure to airborne particles and metals results from the particle team study in riverside california,Halûk Özkaynak|Jian Xue|John D. Spengler|Lance Wallace|Edo D. Pellizzari|PL Jenkins,1996,482,NOT Open Access,,,,B31
robustness checks and robustness tests in applied economics,Xun Lu|Halbert White,2013,411,NOT Open Access,https://doi.org/10.1016/j.jeconom.2013.08.016,,10.1016/j.jeconom.2013.08.016,B31
a meta analysis of performance response under thermal stressors,Peter A. Hancock|Jennifer M. Ross|James L. Szalma,2007,405,Open Access,https://doi.org/10.1518/001872007x230226,"OBJECTIVE: Quantify the effect of thermal stressors on human performance. BACKGROUND: Most reviews of the effect of environmental stressors on human performance are qualitative. A quantitative review provides a stronger aid in advancing theory and practice. METHOD: Meta-analytic methods were applied to the available literature on thermal stressors and performance. A total of 291 references were collected. Forty-nine publications met the selection criteria, providing 528 effect sizes for analysis. RESULTS: Analyses confirmed a substantial negative effect on performance associated with thermal stressors. The overall effect size for heat was comparable to that for cold. Cognitive performance was least affected by thermal stressors, whereas both psychomotor and perceptual task performance were degraded to a greater degree. Other variables were identified that moderated thermal effects. CONCLUSION: Results confirmed the importance of task type, exposure duration, and stressor intensity as key variables impacting how thermal conditions affect performance. Results were consistent with the theory that stress forces the individual to allocate attentional resources to appraise and cope with the threat, which reduces the capacity to process task-relevant information. This represents a maladaptive extension of the narrowing strategy, which acts to maintain stable levels of response when stress is first encountered. APPLICATION: These quantitative estimates can be used to design thermal tolerance limits for different task types. Although results indicate the necessity for further research on a variety of potentially influential factors such as acclimatization, the current summary provides effect size estimates that should be useful in respect to protecting individuals exposed to adverse thermal conditions.",10.1518/001872007x230226,B31
three step censored quantile regression and extramarital affairs,Victor Chernozhukov|Han Hong,2002,238,NOT Open Access,https://doi.org/10.1198/016214502388618663,,10.1198/016214502388618663,B31
impact of emissions from the los angeles port region on san diego air quality during regional transport events,Andrew P. Ault|M. J. Moore|Hiroshi Furutani|Kimberly A. Prather,2009,191,NOT Open Access,https://doi.org/10.1021/es8018918,,10.1021/es8018918,B31
valuing the benefits of health and safety regulation,Winston Harrington|Paul R. Portney,1987,288,NOT Open Access,https://doi.org/10.1016/0094-1190(87)90052-0,,10.1016/0094-1190(87)90052-0,B31
particulate matter concentrations in residences an intervention study evaluating stand alone filters and air conditioners,Stuart Batterman|Liuliu Du|Graciela Mentz|Bhramar Mukherjee|Edith A. Parker|Christopher Godwin|Jo-Yu Chin|Ashley O’Toole|Thomas G. Robins|Zachary Rowe|Toby C. Lewis,2011,118,Open Access,https://doi.org/10.1111/j.1600-0668.2011.00761.x,"UNLABELLED: This study, a randomized controlled trial, evaluated the effectiveness of free-standing air filters and window air conditioners (ACs) in 126 low-income households of children with asthma. Households were randomized into a control group, a group receiving a free-standing HEPA filter placed in the child's sleeping area, and a group receiving the filter and a window-mounted AC. Indoor air quality (IAQ) was monitored for week-long periods over three to four seasons. High concentrations of particulate matter (PM) and carbon dioxide were frequently seen. When IAQ was monitored, filters reduced PM levels in the child's bedroom by an average of 50%. Filter use varied greatly among households and declined over time, for example, during weeks when pollutants were monitored, filter use was initially high, averaging 84±27%, but dropped to 63±33% in subsequent seasons. In months when households were not visited, use averaged only 34±30%. Filter effectiveness did not vary in homes with central or room ACs. The study shows that measurements over multiple seasons are needed to characterize air quality and filter performance. The effectiveness of interventions using free-standing air filters depends on occupant behavior, and strategies to ensure filter use should be an integral part of interventions. PRACTICAL IMPLICATIONS: Environmental tobacco smoke (ETS) increased particulate matter (PM) levels by about 14 μg/m3 and was often detected using ETS-specific tracers despite restrictions on smoking in the house as reported on questionnaires administered to caregivers. PM concentrations depended on season, filter usage, relative humidity, air exchange ratios, number of children, outdoor PM levels, sweeping/dusting, and presence of a central air conditioner (AC). Free-standing air filters can be an effective intervention that provides substantial reductions in PM concentrations if the filters are used. However, filter use was variable across the study population and declined over the study duration, and thus strategies are needed to encourage and maintain use of filters. The variability in filter use suggests that exposure misclassification is a potential problem in intervention studies using filters. The installation of a room AC in the bedroom, intended to limit air exchange ratios, along with an air filter, did not lower PM levels more than the filter alone.",10.1111/j.1600-0668.2011.00761.x,B31
health and productivity among u s workers,Karen Davis|Sara R. Collins|Michelle M. Doty|Alice Ho|Alyssa L. Holmgren,2005,91,NOT Open Access,,,,B31
heat stress and helicopter pilot errors,Paul Froom|Yeheskial Caine|Igal Shochat|Joseph Ribak,1993,61,NOT Open Access,https://doi.org/10.1097/00043764-199307000-00016,,10.1097/00043764-199307000-00016,B31
performance of mechanical filters and respirators for capturing nanoparticles limitations and future direction,Reza Mostofi|Bei Wang|Fariborz Haghighat|Ali Bahloul|Jaime Lara,2010,59,Open Access,https://doi.org/10.2486/indhealth.48.296,"There is an increasing concern about the health hazard posed to workers exposed to inhalation of nanoparticles. Inhaling nanoparticles possess an occupational hazard due to elevated amount emitted to the atmosphere and working environment. Nanoparticles have potential toxic properties: the high particle surface area, number concentration, and surface reactivity. Inhalation, the most common route of nanoparticle exposure, has been shown to cause adverse effects on pulmonary functions and the deposited particles in the lung can be translocated to the blood system by passing through the pulmonary protection barriers. Filtration is the simplest and most common method of aerosol control. It is widely used in mechanical ventilation and respiratory protection. However, concerns have been raised regarding the effectiveness of the filters for capturing nanoparticles. This paper reviews the literature on the filtration performance of mechanical filters and respirators against nanoparticles. It includes the discussion about filtration mechanisms, theoretical models, affecting factors of the filtration efficiency, and testing protocols for respirator and filter certification.",10.2486/indhealth.48.296,B31
intermediate air filters for general ventilation applications an experimental evaluation of various filtration efficiency expressions,Bingbing Shi|Lars Ekberg|Sarka Langer,2013,32,Open Access,https://doi.org/10.1080/02786826.2013.766667,"Neither the European standard nor the US standard for classification of intermediate class filters comprises testing of filter performance with respect to ultrafine particles (UFPs) or particles of the most penetrating size (MPPS). This could turn out to be a major lack in classification standards since UFPs have been pointed out as a serious health hazard. In this study, fractional efficiencies of eight new full-scale bag filters and twenty-three new filter medium samples were determined. The influence of air velocity and aerosol type was investigated, and correlations between efficiencies for UFPs (EFUFPs), MPPS-sized particles (EFMPPS) and 0.4 μm-sized particles (EF0.4μm) were established. The tested bag filters were challenged by four aerosol types: a neutralized atomized oil aerosol, the same oil aerosol but non-neutralized, a non-neutralized thermally generated oil smoke, and a “natural” indoor aerosol. The tests were carried out at different air velocities through the filter medium, ranging between 0.08 m/s and 0.22 m/s. The relationships that were observed between EFUFPs, EFMPPS, and EF0.4μm appeared to be linear within the observed filtration efficiency ranges. These relationships were similar regardless of the test aerosol type used, but somewhat different for glass fiber filters than for charged synthetic filters. Generally, EFMPPS was 10–20% lower than EF0.4μm. The influence of air velocity variations on the size resolved efficiency was determined. The glass fiber filters showed practically the same fractional efficiencies regardless of whether the test aerosol was neutralized or not. However, the charged synthetic filters showed substantially lower efficiencies when tested with the non-neutralized aerosol compared to the case when the aerosol was neutralized. Copyright 2013 American Association for Aerosol Research",10.1080/02786826.2013.766667,B31
using index numbers for deflation in environmental accounting,Nicholas Z. Muller,2013,29,NOT Open Access,https://doi.org/10.1017/s1355770x1300048x,,10.1017/s1355770x1300048x,B31
composition of pm2 5 and pm10 aerosols in the improve network,Robert A. Eldred|Thomas A. Cahill|Robert G. Flocchini,1997,73,Open Access,https://doi.org/10.1080/10473289.1997.10464422,"PM2.5 and PM10 particulate concentrations measured at 42 sites in the Interagency Monitoring of Protected Visual Environments(IMPROVE) network at Class I visibility areas throughout the United States over the 1993 seasonal year showed well-defined regional patterns. The PM2.5 concentration had a large gradient from West to East, averaging 3 μg/m3 in most of the West compared to 13 μg/m3 in the Appalachian region. Coarse particle concentration (2.5-10 μm) exhibited a small gradient from North to South, but no gradient from West to East. No change in PM2.5 or PM10 was observed from 1988 to 1993 for sites with complete records. The elemental concentration (H, Na-Pb) was determined from all PM2.5 Teflon filters and from the PM10 filters from four sites: an eastern and western urban site (Washington, D.C. and South Lake Tahoe) and the nearest Class I site (Shenandoah and Bliss). Soil was the largest component of the coarse particle concentration. Sulfur accounted for 3% of the coarse particle concentration in the western pair, and 16-24% in the eastern pair. The urban sites had more organic, elemental carbon, and nitrate in the PM2.5 fraction than the associated Class I sites, and more soil and organics in the coarse particle fraction.",10.1080/10473289.1997.10464422,B31
threshold dependence of mortality effects for fine and coarse particles in phoenix arizona,Richard L. Smith|Dan J. Spitzner|Yun-Tae Kim|Montserrat Fuentes,2000,54,Open Access,https://doi.org/10.1080/10473289.2000.10464172,"Daily data for fine (< 2.5 microns) and coarse (2.5-10 microns) particles are available for 1995-1997 from the U.S. Environmental Protection Agency (EPA) research monitor in Phoenix, AZ. Mortality effects on the 65 and over population were studied for both the city of Phoenix and for a region of about 50 mi around Phoenix. Coarse particles in Phoenix are believed to be natural in origin and spatially homogeneous, whereas fine particles are primarily vehicular in origin and concentrated in the city itself. For this reason, it is natural to focus on city mortality data when considering fine particles, and on region mortality data when considering coarse particles, and most of the results reported here correspond to those assignments. After allowing for seasonality and long-term trend through a nonlinear (B-spline) trend curve, and also for meteorological effects based on temperature and specific humidity, a regression of mortality was performed on PM using several different measures for PM. Based on a linear PM effect, we found a statistically significant coefficient for coarse particles, but not for fine particles, contrary to what is widely believed about the effects of coarse and fine particles. An analysis of nonlinear pollution-mortality relationships, however, suggests that the true picture is more complicated than that. For coarse particles, the evidence for any nonlinear or threshold-based effect is slight. For fine particles, we found evidence of a threshold, most likely with values in the range of 20-25 micrograms/m3. We also found some evidence of interactions of the PM effects with season and year. The main effect here is an apparent seasonal interaction in the coarse PM effect. An attempt was made to explain this in terms of seasonal variation in the chemical composition of PM, but this led to another counterintuitive result: the PM effect is highest in spring and summer, when the anthropogenic concentration of coarse PM is lowest as determined by a principal components analysis. There was no evidence of confounding between the fine and coarse PM effects. Although these results are based on one city and should be considered tentative until replicated in other studies, they suggest that the prevailing focus on fine rather than coarse particles may be an oversimplification. The study also shows that consideration of nonlinear effects can lead to real changes of interpretation and raises the possibility of seasonal effects associated with the chemical composition of PM.",10.1080/10473289.2000.10464172,B31
assessing sources of pm2 5in cities influenced by regional transport,Jeffrey R. Brook|Richard L. Poirot|Tom Dann|Patrick K. H. Lee|Carrie D. Lillyman|Thera Ip,2007,45,NOT Open Access,https://doi.org/10.1080/15287390600883000,,10.1080/15287390600883000,B31
how many pears would a pear packer pack if a pear packer could pack pears at quasi exogenously varying piece rates,Tom Chang|Tal Gross,2013,38,NOT Open Access,https://doi.org/10.1016/j.jebo.2013.11.001,,10.1016/j.jebo.2013.11.001,B31
productivity health and inequality in the intrahousehold distribution of food in low income countries,"Mark M. Pitt|Mark R. Rosenzweig|Nazmul Hassan|Pitt, Mark M.|Rosenzweig, Mark R.|Hassan, Md. Nazmul",1989,512,Open Access,https://doi.org/10.22004/ag.econ.7480,"A model is formulated incorporating linkages among nutrition, labor-market productivity, health heterogeneity, and the intrahousehold distribution of food and work activities in a subsistence economy. Empirical results, based on a sample of households from Bangladesh, indicate that, despite considerable intrahousehold disparities in calorie consumption, households are averse to inequality. Furthermore, consistent with the model, the results also indicate that both the higher level and greater variance in the calories consumed by men relative to women reflect in part the greater participation by men in activities in which productivity is sensitive to health status. Copyright 1990 by American Economic Association.",10.22004/ag.econ.7480,B31
air pollution and lost work,Jerry A. Hausman|Bart Ostro|David A. Wise,1984,70,Open Access,https://doi.org/10.3386/w1263,"A Poisson specification of the relationship between atmospheric pollution and lost work days is estimated. An important feature of the procedure is control for city-specific effects. A major source of ambiguity in interpreting the results of observational data on pollution versus health status or death rates is that pollution in a city may be correlated with other characteristics of that city that affect these outcomes but are not controlled for in the analysis. Or, individual attributes of residents may be correlated with pollution levels but not accounted for in the analysis. Our results suggest a statistically significant and quantitatively important effect of total suspended particulates on work days lost. A standard deviation increase in total suspended particulates is associated with approximately a ten percent increase in work days lost. As a concomitant of our analysis, we also find a substantial relationship between smoking by others in the individual's household and work days lost by non-smokers.",10.3386/w1263,B31
do housing prices reflect environmental health risks evidence from more than 1600 toxic plant openings and closings,Janet Currie|Lucas W. Davis|Michael Greenstone|Reed Walker,2013,35,Open Access,https://doi.org/10.2139/ssrn.2244514,,10.2139/ssrn.2244514,B31
redistribution delegation and regulators incentives evidence from the clean air act,Antonio M. Bento|Matthew Freedman|Corey Lang,2013,25,Open Access,https://doi.org/10.2139/ssrn.2219523,,10.2139/ssrn.2219523,B31
incentive effect of piece rate contracts evidence from two small field experiments,Lan Shi,NA,24,NOT Open Access,https://doi.org/10.2202/1935-1682.2539,,10.2202/1935-1682.2539,B31
defensive investments and the demand for air quality evidence from the nox budget program and ozone reductions,Olivier Deschênes|Michael Greenstone|Joseph Shapiro,2013,19,Open Access,https://doi.org/10.2139/ssrn.2318738,,10.2139/ssrn.2318738,B31
estimates and 25 year trends of the global burden of disease attributable to ambient air pollution an analysis of data from the global burden of diseases study 2015,Aaron J. Cohen|Michael Bräuer|Richard Burnett|H Ross Anderson|Joseph Frostad|Kara Estep|Kalpana Balakrishnan|Bert Brunekreef|Lalit Dandona|Rakhi Dandona|Valery L. Feigin|Greg Freedman|Bryan Hubbell|Amelia Jobling|Haidong Kan|Luke D. Knibbs|Yang Liu|Randall V. Martin|Lídia Morawska|C Arden Pope|Hwashin Hyun Shin|Kurt Straif|Gavin Shaddick|Matthew L. Thomas|Rita Van Dingenen|Aaron van Donkelaar|Theo Vos|Christopher J L Murray|Mohammad H. Forouzanfar,2017,6705,Open Access,https://doi.org/10.1016/s0140-6736(17)30505-6,"Background Exposure to ambient air pollution increases morbidity and mortality, and is a leading contributor to global disease burden. We explored spatial and temporal trends in mortality and burden of disease attributable to ambient air pollution from 1990 to 2015 at global, regional, and country levels. Methods We estimated global population-weighted mean concentrations of particle mass with aerodynamic diameter less than 2·5 μm (PM 2·5 ) and ozone at an approximate 11 km × 11 km resolution with satellite-based estimates, chemical transport models, and ground-level measurements. Using integrated exposure–response functions for each cause of death, we estimated the relative risk of mortality from ischaemic heart disease, cerebrovascular disease, chronic obstructive pulmonary disease, lung cancer, and lower respiratory infections from epidemiological studies using non-linear exposure–response functions spanning the global range of exposure. Findings Ambient PM 2·5 was the fifth-ranking mortality risk factor in 2015. Exposure to PM 2·5 caused 4·2 million (95% uncertainty interval [UI] 3·7 million to 4·8 million) deaths and 103·1 million (90·8 million 115·1 million) disability-adjusted life-years (DALYs) in 2015, representing 7·6% of total global deaths and 4·2% of global DALYs, 59% of these in east and south Asia. Deaths attributable to ambient PM 2·5 increased from 3·5 million (95% UI 3·0 million to 4·0 million) in 1990 to 4·2 million (3·7 million to 4·8 million) in 2015. Exposure to ozone caused an additional 254 000 (95% UI 97 000–422 000) deaths and a loss of 4·1 million (1·6 million to 6·8 million) DALYs from chronic obstructive pulmonary disease in 2015. Interpretation Ambient air pollution contributed substantially to the global burden of disease in 2015, which increased over the past 25 years, due to population ageing, changes in non-communicable disease rates, and increasing air pollution in low-income and middle-income countries. Modest reductions in burden will occur in the most polluted countries unless PM 2·5 values are decreased substantially, but there is potential for substantial health benefits from exposure reduction. Funding Bill & Melinda Gates Foundation and Health Effects Institute.",10.1016/s0140-6736(17)30505-6,B32
air quality in europe 2012 report,Other,2012,938,NOT Open Access,,,,B32
relative contribution of outdoor and indoor particle sources to indoor concentrations,Eileen Abt|Helen Suh|Paul J. Catalano|Petros Koutrakis,2000,410,NOT Open Access,https://doi.org/10.1021/es990348y,,10.1021/es990348y,B32
the ozone water land environmental transition study an innovative strategy for understanding chesapeake bay pollution events,John T. Sullivan|Timothy A. Berkoff|Guillaume Gronoff|Travis N. Knepp|M. R. Pippin|Danette Allen|Laurence Twigg|Robert Swap|Maria Tzortziou|Anne M. Thompson|Ryan M. Stauffer|Glenn M. Wolfe|James Flynn|Sally E. Pusede|Laura Judd|William H. Moore|Barry Baker|J. Al-Saadi|Thomas J. McGee,2018,80,Open Access,https://doi.org/10.1175/bams-d-18-0025.1,"Coastal regions have historically represented a significant challenge for air quality investigations due to water-land boundary transition characteristics and a paucity of measurements available over water. Prior studies have identified the formation of high levels of ozone over water bodies, such as the Chesapeake Bay, that can potentially recirculate back over land to significantly impact populated areas. Earth-observing satellites and forecast models face challenges in capturing the coastal transition zone where small-scale meteorological dynamics are complex and large changes in pollutants can occur on very short spatial and temporal scales. An observation strategy is presented to synchronously measure pollutants 'over-land' and 'over-water' to provide a more complete picture of chemical gradients across coastal boundaries for both the needs of state and local environmental management and new remote sensing platforms. Intensive vertical profile information from ozone lidar systems and ozonesondes, obtained at two main sites, one over land and the other over water, are complemented by remote sensing and in-situ observations of air quality from ground-based, airborne (both personned and unpersonned), and shipborne platforms. These observations, coupled with reliable chemical transport simulations, such as the NOAA National Air Quality Forecast Capability (NAQFC), are expected to lead to a more fully characterized and complete land-water interaction observing system that can be used to assess future geostationary air quality instruments, such as the NASA Tropospheric Emissions: Monitoring of Pollution (TEMPO) as well as current low earth orbiting satellites, such as the European Space Agency's Sentinel 5-Precursor (S5-P) with its Tropospheric Monitoring Instrument (TROPOMI).",10.1175/bams-d-18-0025.1,B32
the mechanics of breathing during swimming,Michael G. Leahy|Mckenzie N. Summers|Carli M. Peters|Yannick Molgat‐Seon|Caitlin M. Geary|A. William Sheel,2019,37,NOT Open Access,https://doi.org/10.1249/mss.0000000000001902,,10.1249/mss.0000000000001902,B32
air pollution and worker productivity,Matthew Neidell,2017,35,Open Access,https://doi.org/10.15185/izawol.363,"Environmental regulations are typically considered to be a drag on the economy. However, improved environmental quality may actually enhance productivity by creating a healthier workforce. Evidence suggests that improvements in air quality lead to improvements in worker productivity across a range of sectors, including agriculture, manufacturing, and the service sectors. These effects also arise at levels of air quality that are below pollution thresholds in countries with the highest levels of environmental regulation. The findings suggest a new approach for understanding the consequences of environmental regulations.",10.15185/izawol.363,B32
a mayors perspective on tackling air pollution,Shihe Fu|V. Brian Viard,2022,4,Open Access,https://doi.org/10.4337/9781789908497.00025,"We review recent empirical economic studies on urban ambient air pollution from a mayor's perspective. We discuss the sources of urban air pollution, the economic costs that it imposes, and the policy tools available to a mayor to alleviate it. For economic costs, we briefly summarize traditional estimates of health and mortality costs and focus on more recent evidence on mental and psychological health, labor productivity and supply, avoidance behavior, willingness to pay for clean air and long-term (multi-decade) impacts. The policy tools we evaluate include pollution information disclosure, auto license and driving restrictions, congestion tolls, public transit investments, emission standards and controls, and gasoline taxes. We also discuss challenges posed by transboundary pollution across cities and the extent to which mayors' incentives encourage tackling air pollution under different political systems. We briefly discuss possible future research agendas.",10.4337/9781789908497.00025,B32
distribution and reproducibility of spirometric response to ozone by gender and age,Milan J. Hazucha|Lawrence J. Folinsbee|Philip A. Bromberg,2003,65,NOT Open Access,https://doi.org/10.1152/japplphysiol.00490.2003,,10.1152/japplphysiol.00490.2003,B32
happiness as a reward for torture is participation in a long distance triathlon a rational choice,Joel G. Maxcy|Pamela Wicker|Joachim Prinz,2018,17,Open Access,https://doi.org/10.1177/1527002518758144,"This study applies prospect theory to an assessment of actual behavior. Loss aversion, reference dependence, and diminishing sensitivity are conceptualized through survey respondents’ perceptions of physical and mental torture during training for and competition in long-distance triathlons. Regression results show that frequent thoughts of giving up during the race negatively affect happiness after the race, while mental torture during training and race is negatively associated with happiness in the weeks after the race. Satisfaction with race outcome positively affects happiness, suggesting that achieving individual goals is more important than absolute performance in terms of finishing times and ranks.",10.1177/1527002518758144,B32
air quality and employee performance in teams evidence from the nfl,Brad R. Humphreys|Jane E. Ruseski,2023,2,Open Access,https://doi.org/10.2139/ssrn.4331964,,10.2139/ssrn.4331964,B32
mostly harmless econometrics an empiricist s companion,Jan Kmenta,2010,2559,NOT Open Access,https://doi.org/10.1057/be.2009.37,,10.1057/be.2009.37,B33
what s trending in difference in differences a synthesis of the recent econometrics literature,Jonathan Roth|Pedro H. C. Sant’Anna|Alyssa Bilinski|John Poe,2023,1864,NOT Open Access,https://doi.org/10.1016/j.jeconom.2023.03.008,,10.1016/j.jeconom.2023.03.008,B33
training wages and sample selection estimating sharp bounds on treatment effects,David S. Lee,2009,1418,NOT Open Access,https://doi.org/10.1111/j.1467-937x.2009.00536.x,,10.1111/j.1467-937x.2009.00536.x,B33
proceedings of the national academy of sciences,Edwin Bidwell Wilson,1916,1326,NOT Open Access,https://doi.org/10.1126/science.44.1136.500.b,,10.1126/science.44.1136.500.b,B33
review of relationship between indoor and outdoor particles i o ratio infiltration factor and penetration factor,Chun Chen|Bin Zhao,2010,968,NOT Open Access,https://doi.org/10.1016/j.atmosenv.2010.09.048,,10.1016/j.atmosenv.2010.09.048,B33
weak instruments in instrumental variables regression theory and practice,Isaiah Andrews|James H. Stock|Liyang Sun,2019,849,Open Access,https://doi.org/10.1146/annurev-economics-080218-025643,"When instruments are weakly correlated with endogenous regressors, conventional methods for instrumental variables (IV) estimation and inference become unreliable. A large literature in econometrics has developed procedures for detecting weak instruments and constructing robust confidence sets, but many of the results in this literature are limited to settings with independent and homoskedastic data, while data encountered in practice frequently violate these assumptions. We review the literature on weak instruments in linear IV regression with an emphasis on results for nonhomoskedastic (heteroskedastic, serially correlated, or clustered) data. To assess the practical importance of weak instruments, we also report tabulations and simulations based on a survey of papers published in the American Economic Review from 2014 to 2018 that use IV. These results suggest that weak instruments remain an important issue for empirical practice, and that there are simple steps that researchers can take to better handle weak instruments in applications.",10.1146/annurev-economics-080218-025643,B33
carbon monoxide poisoning a public health perspective,James A. Raub|M. Mathieu-Nolf|Neil B. Hampson|Stephen R. Thom,2000,799,NOT Open Access,https://doi.org/10.1016/s0300-483x(99)00217-6,,10.1016/s0300-483x(99)00217-6,B33
do labor market opportunities affect young women s work and family decisions experimental evidence from india,Robert T. Jensen,2012,669,NOT Open Access,https://doi.org/10.1093/qje/qjs002,,10.1093/qje/qjs002,B33
the health effects of nonindustrial indoor air pollution,Jonathan A. Bernstein|Neil E. Alexis|Hyacinth Bacchus|Jonathan A. Bernstein|Pat Fritz|E. Horner|Ning Li|Stephany Mason|André E. Nel|John Oullette|Kari Reijula|T. Reponen|James M. Seltzer|Alisa Smith|Susan M. Tarlo,2007,579,Open Access,https://doi.org/10.1016/j.jaci.2007.10.045,,10.1016/j.jaci.2007.10.045,B33
truth telling by third party auditors and the response of polluting firms experimental evidence from india,Esther Duflo|Michael Greenstone|Rohini Pande|Nicholas Ryan,2013,512,Open Access,https://doi.org/10.1093/qje/qjt024,"Abstract In many regulated markets, private, third-party auditors are chosen and paid by the firms that they audit, potentially creating a conflict of interest. This article reports on a two-year field experiment in the Indian state of Gujarat that sought to curb such a conflict by altering the market structure for environmental audits of industrial plants to incentivize accurate reporting. There are three main results. First, the status quo system was largely corrupted, with auditors systematically reporting plant emissions just below the standard, although true emissions were typically higher. Second, the treatment caused auditors to report more truthfully and very significantly lowered the fraction of plants that were falsely reported as compliant with pollution standards. Third, treatment plants, in turn, reduced their pollution emissions. The results suggest reformed incentives for third-party auditors can improve their reporting and make regulation more effective.",10.1093/qje/qjt024,B33
ozone s impact on public health contributions from indoor exposures to ozone and products of ozone initiated chemistry,Charles J. Weschler,2006,483,Open Access,https://doi.org/10.1289/ehp.9256,"OBJECTIVE: The associations between ozone concentrations measured outdoors and both morbidity and mortality may be partially due to indoor exposures to ozone and ozone-initiated oxidation products. In this article I examine the contributions of such indoor exposures to overall ozone-related health effects by extensive review of the literature as well as further analyses of published data. FINDINGS: Daily inhalation intakes of indoor ozone (micrograms per day) are estimated to be between 25 and 60% of total daily ozone intake. This is especially noteworthy in light of recent work indicating little, if any, threshold for ozone's impact on mortality. Additionally, the present study estimates that average daily indoor intakes of ozone oxidation products are roughly one-third to twice the indoor inhalation intake of ozone alone. Some of these oxidation products are known or suspected to adversely affect human health (e.g., formaldehyde, acrolein, hydroperoxides, fine and ultrafine particles). Indirect evidence supports connections between morbidity/mortality and exposures to indoor ozone and its oxidation products. For example, cities with stronger associations between outdoor ozone and mortality tend to have residences that are older and less likely to have central air conditioning, which implies greater transport of ozone from outdoors to indoors. CONCLUSIONS: Indoor exposures to ozone and its oxidation products can be reduced by filtering ozone from ventilation air and limiting the indoor use of products and materials whose emissions react with ozone. Such steps might be especially valuable in schools, hospitals, and childcare centers in regions that routinely experience elevated outdoor ozone concentrations.",10.1289/ehp.9256,B33
air pollution and infant health what can we learn from california s recent experience,Janet Currie|Matthew Neidell,2005,462,NOT Open Access,https://doi.org/10.1093/qje/120.3.1003,,10.1093/qje/120.3.1003,B33
up in smoke the influence of household behavior on the long run impact of improved cooking stoves,Rema Hanna|Esther Duflo|Michael Greenstone,2016,319,Open Access,https://doi.org/10.1257/pol.20140008,"Laboratory studies suggest that improved cooking stoves can reduce indoor air pollution, improve health, and decrease greenhouse gas emissions in developing countries. We provide evidence, from a large-scale randomized trial in India, on the benefits of a common, laboratory-validated stove with a four-year follow-up. While smoke inhalation initially falls, this effect disappears by year two. We find no changes across health outcomes or greenhouse gas emissions. Households used the stoves irregularly and inappropriately, failed to maintain them, and usage declined over time. This study underscores the need to test environmental technologies in real-world settings where behavior may undermine potential impacts. (JEL D12, O12, O13, Q53, Q54, Q55)",10.1257/pol.20140008,B33
trial of normobaric and hyperbaric oxygen for acute carbon monoxide intoxication,Jean‐Claude Raphaël|D Elkharrat|M.C. Jars-Guincestre|Claude Chastang|Jean-Baptiste Vercken|Valérie Chasles|Philippe Gajdos,1989,317,NOT Open Access,https://doi.org/10.1016/s0140-6736(89)90592-8,,10.1016/s0140-6736(89)90592-8,B33
long term ambient ozone concentration and the incidence of asthma in nonsmoking adults the ahsmog study,William F. McDonnell|David E. Abbey|Naomi Nishino|Michael D. Lebowitz,1999,255,NOT Open Access,https://doi.org/10.1006/enrs.1998.3894,,10.1006/enrs.1998.3894,B33
human exposure to ozone in school and office indoor environments,Heidi Salonen|Tunga Salthammer|Lídia Morawska,2018,217,Open Access,https://doi.org/10.1016/j.envint.2018.07.012,"BACKGROUND: Although it is recognized that ozone causes acute and chronic health effects and that even trace amounts of ozone are potentially deleterious to human health, information about global and local exposures to ozone in different indoor environments is limited. To synthesize the existing knowledge, this review analyzes the magnitude of and the trends in global and local exposure to ozone in schools and offices and the factors controlling the exposures. METHODS: In conducting the literature review, Web of Science, SCOPUS, Google Scholar, and PubMed were searched using 38 search terms and their combinations to identify manuscripts, reports, and directives published between 1973 and 2018. The search was then extended to the reference lists of relevant articles. RESULTS: for school and office environments, respectively, indicating situations where the WHO values are exceeded. Outdoor ozone penetrating into the indoor environment is the main source of indoor ozone, with median I/O ratios of 0.21 and 0.29 in school and office environments, respectively. The absence of major indoor ozone sources and ozone sinks, including gas-phase reactions and deposition, are the reasons for lower indoor than outdoor ozone concentrations. However, there are indoor sources of ozone that are of significance in certain indoor environments, including printers, photocopiers, and many other devices and appliances designed for indoor use (e.g., air cleaners), that release ozone either intentionally or unintentionally. Due to significantly elevated outdoor ozone concentrations during summer, summer indoor concentrations are typically elevated. In addition, the age of a building and various housing aspects (carpeting, air conditioning, window fans, and window openings) have been significantly associated with indoor ozone levels. CONCLUSIONS: The existing means for reducing ozone and ozone reaction products in school and office settings are as follows: 1) reduce penetration of outdoor ozone indoors by filtering ozone from the supply air; 2) limit the use of printers, photocopiers, and other devices and appliances that emit ozone indoors; 3) limit gas-phase reactions by limiting the use of materials and products (e.g. cleaning chemicals) the emissions of which react with ozone.",10.1016/j.envint.2018.07.012,B33
ambient carbon monoxide and cardiovascular mortality a nationwide time series analysis in 272 cities in china,Cong Liu|Peng Yin|Renjie Chen|Xia Meng|Lijun Wang|Yue Niu|Zhijing Lin|Yunning Liu|Jiangmei Liu|Jinlei Qi|Jinling You|Haidong Kan|Maigeng Zhou,2018,212,Open Access,https://doi.org/10.1016/s2542-5196(17)30181-x,"BACKGROUND: Evidence of the acute health effects of ambient carbon monoxide air pollution in developing countries is scarce and mixed. We aimed to evaluate short-term associations between carbon monoxide and daily cardiovascular disease mortality in China. METHODS: We did a nationwide time-series analysis in 272 major cities in China from January, 2013, to December, 2015. We extracted daily cardiovascular disease mortality data from China's Disease Surveillance Points system. Data on daily carbon monoxide concentrations for each city were obtained from the National Urban Air Quality Real-time Publishing Platform. City-specific associations between carbon monoxide concentrations and daily mortality from cardiovascular disease, coronary heart disease, and stroke were estimated with over-dispersed generalised linear models. Bayesian hierarchical models were used to obtain national and regional average associations. Exposure-response association curves and potential effect modifiers were evaluated. Two-pollutant models were fit to evaluate the robustness of the effects of carbon monoxide on cardiovascular mortality. FINDINGS: increase in average carbon monoxide concentrations on the present day and previous day (lag 0-1), we observed significant increments in mortality of 1·12% (95% posterior interval [PI] 0·42-1·83) from cardiovascular disease, 1·75% (0·85-2·66) from coronary heart disease, and 0·88% (0·07-1·69) from stroke. These associations did not vary substantially by city, region, and demographic characteristics (age, sex, and level of education), and the associations for cardiovascular disease and coronary heart disease were robust to the adjustment of criteria co-pollutants. We did not find a threshold below which carbon monoxide exposure had no effect on cardiovascular disease mortality. INTERPRETATION: This analysis is, to our knowledge, the largest study done in a developing country, and provides robust evidence of the association between short-term exposure to ambient carbon monoxide and increased cardiovascular disease mortality, especially coronary heart disease mortality. FUNDING: Public Welfare Research Program.",10.1016/s2542-5196(17)30181-x,B33
air pollution and children s respiratory health a cohort analysis,Timothy K.M. Beatty|Jay P. Shimshack,2013,183,NOT Open Access,https://doi.org/10.1016/j.jeem.2013.10.002,,10.1016/j.jeem.2013.10.002,B33
national clean air programme ncap for indian cities review and outlook of clean air action plans,Tanushree Ganguly|Kurinji L. Selvaraj|Sarath Guttikunda,2020,179,Open Access,https://doi.org/10.1016/j.aeaoa.2020.100096,"National Clean Air Programme (NCAP), launched in 2019, is India's flagship program for better air quality in 122 cities. This review evaluates the scientific, legislative, financial, and institutional framework of the 102 publicly available clean air action plans submitted under NCAP. We assessed the robustness of the plans using the background information on pollution sources and their contribution; legal backing for the clean air action plan; cost of measures; and existing institutional accountability regime. We used the tally chart method for estimating city-specific and sector-specific mitigation measures, the number of actions under the purview of various implementation agencies, and the number of institutional, physical, and promotional interventions in the plans. Transport and road dust together cover 50% of action points, followed by interventions for the industries. Domestic cooking and heating is mentioned as a source only in 42 plans for a total of 2% of the action points. Institutional nature of the interventions was observed in 74% of the action points, using the language “overseeing, planning, proposing, preparing, investigating, identifying, ensuring, strengthening, training, studying, and engaging”. We also identified the plans that contained information on source contributions, an outline of financial requirements for executing the plans and measures for mitigating pollution from regional sources. Only 25% of the plans integrated information on the relative source contributions to formulate control strategies. Even fewer plans outlined the financial requirements for executing the plans. The institutional and administrative arrangements for ensuring inter-departmental and regional alignment in air pollution mitigation strategies are absent. We close the review with recommendations which include mandating regular updates for emission and pollution loads, granting greater fiscal autonomy for Urban Local Bodies to maintain the infrastructure necessary for sustaining air quality benefits, and moving from city-centric to airshed-centric air quality management.",10.1016/j.aeaoa.2020.100096,B33
characterization of pm2 5 gaseous pollutants and meteorological interactions in the context of time series health effects models,Kazuhiko Ito|George D. Thurston|Robert A. Silverman,2007,171,NOT Open Access,https://doi.org/10.1038/sj.jes.7500627,,10.1038/sj.jes.7500627,B33
indoor ozone concentrations and influencing factors,William W. Nazaroff|Charles J. Weschler,2021,165,NOT Open Access,https://doi.org/10.1111/ina.12942,,10.1111/ina.12942,B33
mandating indoor air quality for public buildings,Lídia Morawska|Joseph G. Allen|William P. Bahnfleth|Belinda Bennett|Philomena M. Bluyssen|Atze Boerstra|Giorgio Buonanno|Junji Cao|Stephanie J. Dancer|R. Andrés Floto|F. Franchimon|Trisha Greenhalgh|Charles Haworth|Jaap Hogeling|Christina Isaxon|J. L. Jiménez|Amanda Kennedy|Prashant Kumar|Jarek Kurnitski|Yuguo Li|Marcel Loomans|Guy B. Marks|Linsey C. Marr|Livio Mazzarella|Arsen Krikor Melikov|Shelly L. Miller|Donald K. Milton|Jason Monty|Peter V. Nielsen|Catherine J. Noakes|Jordan Peccia|Kimberly A. Prather|Xavier Querol|Tunga Salthammer|Chandra Sekhar|Olli Seppänen|Shin‐ichi Tanabe|Julian W. Tang|Raymond Tellier|Kwok Wai Tham|Pawel Wargocki|Aneta Wierzbicka|Maosheng Yao,2024,161,Open Access,https://doi.org/10.1126/science.adl0677,"If some countries lead by example, standards may increasingly become normalized.",10.1126/science.adl0677,B33
expressways gdp and the environment the case of china,Guojun He|Yang Xie|Bing Zhang,2020,149,NOT Open Access,https://doi.org/10.1016/j.jdeveco.2020.102485,,10.1016/j.jdeveco.2020.102485,B33
emergency hospital admissions for cardiovascular diseases and ambient levels of carbon monoxide,Michelle L. Bell|Roger D. Peng|Francesca Dominici|Jonathan M. Samet,2009,148,Open Access,https://doi.org/10.1161/circulationaha.109.851113,"BACKGROUND: Evidence on risk of cardiovascular disease (CVD) hospitalization associated with short-term exposure to outdoor carbon monoxide (CO), an air pollutant primarily generated by traffic, is inconsistent across studies. Uncertainties remain on the degree to which associations are attributable to other traffic pollutants and whether effects persist at low levels. METHODS AND RESULTS: We conducted a multisite time-series study to estimate risk of CVD hospitalization associated with short-term CO exposure in 126 US urban counties during 1999-2005 for >9.3 million Medicare enrollees aged > or =65 years. We considered models with adjustment by other traffic-related pollutants: NO2, fine particulate matter (with aerodynamic diameter < or =2.5 microm), and elemental carbon. We found a positive and statistically significant association between same-day CO and increased risk of hospitalization for multiple CVD outcomes (ischemic heart disease, heart rhythm disturbances, heart failure, cerebrovascular disease, total CVD). The association remained positive and statistically significant but was attenuated with copollutant adjustment, especially NO2. A 1-ppm increase in same-day daily 1-hour maximum CO was associated with a 0.96% (95% posterior interval, 0.79%, 1.12%) increase in risk of CVD admissions. With same-day NO(2) adjustment, this estimate was 0.55% (0.36%, 0.74%). The risk persisted at low CO levels <1 ppm. CONCLUSIONS: We found evidence of an association between short-term exposure to ambient CO and risk of CVD hospitalizations, even at levels well below current US health-based regulatory standards. This evidence indicates that exposure to current CO levels may still pose a public health threat, particularly for persons with CVD.",10.1161/circulationaha.109.851113,B33
high resolution mobile monitoring of carbon monoxide and ultrafine particle concentrations in a near road environment,Gayle S. W. Hagler|Eben D. Thoma|Richard Baldauf,2010,131,Open Access,https://doi.org/10.3155/1047-3289.60.3.328,"Assessment of near-road air quality is challenging in urban environments that have roadside structures, elevated road sections, or depressed roads that may impact the dispersion of traffic emissions. Vehicles traveling on arterial roadways may also contribute to air pollution spatial variability in urban areas. To characterize the nature of near-road air quality in a complex urban environment, an instrumented all-electric vehicle was deployed to perform high spatial- and temporal-resolution mapping of ultrafine particles (UFPs, particle diameter <100 nm) and carbon monoxide (CO). Sampling was conducted in areas surrounding a highway in Durham, NC, with multiple repeats of the driving route accomplished within a morning or evening commute time frame. Six different near-road transects were driven, which included features such as noise barriers, vegetation, frontage roads, and densely built houses. Under downwind conditions, median UFP and CO levels in near-road areas located 20-150 m from the highway were a factor of 1.8 and 1.2 higher, respectively, than in areas characterized as urban background. Sampling in multiple near-road neighborhoods during downwind conditions revealed significant variability in absolute UFP and CO concentrations as well as in the rate of concentration attenuation with increasing distance from the highway. During low-speed meandering winds, regional UFP and CO concentrations nearly doubled relative to crosswind conditions; however, near-road UFP levels were still higher than urban background levels by a factor of 1.2, whereas near-road CO concentrations were not significantly different than the urban background.",10.3155/1047-3289.60.3.328,B33
effect of exposure to ambient pm2 5 pollution on the risk of respiratory tract diseases a meta analysis of cohort studies,Qian Liu|Cheng Xu|Guixiang Ji|Hui Liu|Shao Wentao|Zhang Chunlan|Gu Aihua|Peng Zhao,2017,126,Open Access,https://doi.org/10.7555/jbr.31.20160071,"The International Agency for Research on Cancer and the World Health Organization have designated airborne particulates, including particulates of median aerodynamic diameter ≤ 2.5 μm (PM2.5), as Group 1 carcinogens. It has not been determined, however, whether exposure to ambient PM2.5 is associated with an increase in respiratory related diseases. This meta-analysis assessed the association between exposure to ambient fine particulate matter (PM2.5) and the risk of respiratory tract diseases, using relevant articles extracted from PubMed, Web of Science, and Embase. In results, of the 1,126 articles originally identified, 35 (3.1%) were included in this meta analysis. PM2.5 was found to be associated with respiratory tract diseases. After subdivision by age group, respiratory tract disease, and continent, PM2.5 was strongly associated with respiratory tract diseases in children, in persons with cough, lower respiratory illness, and wheezing, and in individuals from North America, Europe, and Asia. The risk of respiratory tract diseases was greater for exposure to traffic related than non-traffic-related air pollution. In children, the pooled relative risk (RR) represented significant increases in wheezing (8.2%), cough (7.5%), and lower respiratory illness (15.3%). The pooled RRs in children were 1.091 (95%CI: 1.049, 1.135) for exposure to < 25 μg/m3 PM2.5, and 1.126 (95%CI: 1.067, 1.190) for exposure to ≥ 25 μg/m3 PM2.5. In conclusion, exposure to ambient PM2.5 was significantly associated with the development of respiratory tract diseases, especially in children exposed to high concentrations of PM2.5.",10.7555/jbr.31.20160071,B33
health effects of exposure to sulfur dioxide nitrogen dioxide ozone and carbon monoxide between 1980 and 2019 a systematic review and meta analysis,Zhuoru Chen|Ningrui Liu|Hao Tang|Xuehuan Gao|Yinping Zhang|Haidong Kan|Furong Deng|Bin Zhao|Xiangang Zeng|Yuexia Sun|Hua Qian|Wei Liu|Jinhan Mo|Xiaohong Zheng|Chen Huang|Chanjuan Sun|Zhuohui Zhao,2022,101,NOT Open Access,https://doi.org/10.1111/ina.13170,,10.1111/ina.13170,B33
outdoor air pollution exposure and cognitive performance findings from the enrolment phase of the constances cohort,Mohammad Javad Zare Sakhvidi|Jun Yang|Emeline Lequy|Jie Chen|Kees de Hoogh|Noémie Letellier|Marion Mortamais|Anna Ozguler|Danielle Vienneau|Marie Zins|Marcel Goldberg|Claudine Berr|Bénédicte Jacquemin,2022,97,Open Access,https://doi.org/10.1016/s2542-5196(22)00001-8,"Background Air pollution exposure is one of the modifiable risk factors of cognitive decline. We aimed to test the association between exposure to several outdoor air pollutants and domain-specific cognitive performance. Methods In this cross-sectional study, we used data from the enrolment phase of the French CONSTANCES cohort. From the 220 000 people (aged 18–69 years) randomly recruited in the French CONSTANCES cohort, participants aged 45 years old or older (104 733 people) underwent a comprehensive cognitive assessment (verbal episodic memory, language skills, and executive functions). After exclusion of those who were not suitable for our analysis, 61 462 participants with available data were included in the analyses. We used annual mean concentrations at residential addresses, derived from land-use regression models, to assign exposure to particulate matter with aerodynamic diameters less than 2·5 μm (PM 2·5 ), nitrogen dioxide (NO 2 ), and black carbon. We used multiple linear regression models with different covariate adjustments to test the associations between each pollutant and cognitive outcomes. We did several sensitivity analyses, including multilevel modelling, meta-analysis by centre of recruitment, and exclusion of specific population groups. Findings We found significantly poorer cognitive function, especially on semantic fluency and domains of executive functions, with an increase in exposure to black carbon and NO 2 . Exposure to PM 2·5 was mainly significant for the semantic fluency test. We found that decrease in cognitive performance with an increase of one interquartile range of exposure ranged from 1% to nearly 5%. The largest effect size (percentage decrease) for both PM 2.5 and NO 2 was found for the semantic fluency test (PM 2.5 4·6%, 95% CI 2·1–6·9 and NO 2 3·8%, 1·9–5·7), whereas for black carbon, the largest effect size was found for the digit symbol substitution test of the domains of executive functions (4·5%, 2·7–6·3). Monotonic and linear exposure–response associations were found between air pollution exposure and cognitive performance, starting from a low level of exposures. Interpretation Significantly poorer cognitive performance was associated with exposure to outdoor air pollution even at low levels of exposure. This highlights the importance of further efforts to reduce exposure to air pollution. Funding The Caisse Nationale d'Assurance Maladie, and partly funded by Merck Sharp & Dohme and L'Oréal, the French National Research Agency, and Fondation de France. Translation For the French translation of the abstract see Supplementary Materials section.",10.1016/s2542-5196(22)00001-8,B33
avoiding high ozone pollution in delhi india,Ying Chen|Gufran Beig|Scott Archer‐Nicholls|Will Drysdale|W. Joe F. Acton|Douglas Lowe|Beth S. Nelson|James Lee|Liang Ran|Yu Wang|Zhijun Wu|Saroj Kumar Sahu|Ranjeet S. Sokhi|Vikas Singh|Ranu Gadi|C. N. Hewitt|Eiko Nemitz|Alexander T. Archibald|G. McFiggans|Oliver Wild,2020,89,Open Access,https://doi.org/10.1039/d0fd00079e,"emissions leads to 10-50% increase in surface ozone. In contrast, reducing VOC emissions can reduce ozone efficiently, such that a 50% reduction in VOC emissions leads to ∼60% reduction in ozone. Reducing PM alone also increases ozone, especially in winter, by reducing its dimming effects on photolysis, such that a 50% reduction in AOD can increase ozone by 25% and it also enhances VOC-limitation. Our results highlight the importance of reducing VOC emissions alongside PM to limit ozone pollution, as well as benefitting control of PM pollution through reducing secondary organic aerosol. This will greatly benefit the health of citizens and the local ecosystem in Delhi, and could have broader application for other megacities characterized by severe PM pollution and VOC-limited ozone production.",10.1039/d0fd00079e,B33
particle pollution and cognition evidence from sensitive cognitive tests in brazil,Arjun S. Bedi|Marcos Nakaguma|Brandon Restrepo|Matthias Rieger,2020,53,NOT Open Access,https://doi.org/10.1086/711592,,10.1086/711592,B33
air pollution and child development in india,Anca Balietti|Souvik Datta|Stefanija Veljanoska,2022,52,Open Access,https://doi.org/10.1016/j.jeem.2022.102624,,10.1016/j.jeem.2022.102624,B33
beyond particulate matter new evidence on the causal effects of air pollution on mortality,Maoyong Fan|Hanchen Jiang|Maigeng Zhou,2023,22,NOT Open Access,https://doi.org/10.1016/j.jhealeco.2023.102799,,10.1016/j.jhealeco.2023.102799,B33
progress in mechanisms pathways and cohort studies about the effects of pm2 5 exposure on the central nervous system,Mengwen Ye|Jiacheng Yang|Jiaxin Li|Yifan Wang|Wei‐Qiang Chen|Li Zhu|TianYao Wang|Jun Liu|Daoying Geng|Zekuan Yu,2023,16,NOT Open Access,https://doi.org/10.1007/s44169-023-00034-0,,10.1007/s44169-023-00034-0,B33
temporal variation of particulate matter pm and potential sources at an urban site of udaipur in western india,Ravi Yadav|L. K. Sahu|S. N. A. Jaaffrey|Gufran Beig,2014,105,Open Access,https://doi.org/10.4209/aaqr.2013.10.0310,"Measurements of mass concentrations of particulate matters (PM2.5 and PM10) and mixing ratio of carbon monoxide (CO) were made at an urban site of Udaipur (24.58°N, 73.68°E) in India from April 2010 to March 2011. Concentrations of PM2.5, PM10 and CO show strong diurnal and seasonal variations. The highest concentrations coincide with the rush traffic and lower nocturnal boundary layer depth. The lowest concentrations in the afternoon hours are attributed to the dilution caused by higher boundary layer height and reduced traffic. The levels of trace constituents during the weekend were significantly reduced compared to the weekdays of observations. The daily PM2.5, PM10 and CO varied in the large ranges of 8–111 µg/m3, 28–350 µg/m3 and 145–795 ppbv, respectively. PM2.5 and CO show strong seasonality with higher and lower values during winter and monsoon seasons, respectively, while PM10 shows highest value during the pre-monsoon season. Flow of cleaner marine air and negligible biomass burning resulted in lower values in the monsoon season. Long-rang transport and extensive biomass burning caused higher values in winter and pre-monsoon seasons. Back trajectories show seasonal shift in the long- range transport which is consistent with the seasonality of aerosols and CO. Except for the monsoon season, mass concentrations of PM2.5 and PM10 show good correlation (typically r2 > 0.5). Relations of PM2.5 and PM10 with CO varied with the season but show good correlations (r2 > 0.5) during the winter season, while poor correlation during monsoon. The correlations suggest dominance of combustion related emissions particularly during winter season. Monthly emission ratios of ΔPM2.5/ΔPM10, ΔPM2.5/ΔCO and ΔPM10/ΔCO varied in the ranges of 0.19–0.31 µg/m3/ppbv, 0.05–0.10 µg/m3/ppbv and 0.15–0.25 µg/m3/ppbv, respectively. The mass concentration of PM2.5 tends to decrease with the increasing wind speed, while PM10 increases with wind speed.",10.4209/aaqr.2013.10.0310,B33
air pollution concentrations of pm2 5 pm10 and no2 at ambient and kerbsite and their correlation in metro city mumbai,Rakesh Kumar|Abba Elizabeth Joseph,2006,94,NOT Open Access,https://doi.org/10.1007/s10661-005-9022-7,,10.1007/s10661-005-9022-7,B33
carbon monoxide and risk of outpatient visits due to cause specific diseases a time series study in yichang china,Yu Wang|Chengye Yao|Chengzhong Xu|Xinying Zeng|Maigeng Zhou|Yun Lin|Pei Zhang|Peng Yin,2019,35,Open Access,https://doi.org/10.1186/s12940-019-0477-3,"BACKGROUND: Previous studies showed inconsistent results on risk of increased outpatient visits for cause-specific diseases associated with ambient carbon monoxide (CO). METHODS: Daily data for CO exposure and outpatient visits for all-causes and five specific diseases in Yichang, China from 1st January 2016 to 31st December 2017 were collected. Generalised additive models with different lag structures were used to examine the short-term effects of ambient CO on outpatient visits. Potential effect modifications by age, sex and season were examined. RESULTS: of CO at lag06 (a moving average of lag0 to lag6), was associated with 24.67% (95%CI: 14.48, 34.85%), 21.79% (95%CI: 12.24, 31.35%), 39.30% (95%CI: 25.67, 52.92%), 25.83% (95%CI: 13.91, 37.74%) and 19.04% (95%CI: 8.39, 29.68%) increase in daily outpatient visits for all-cause, respiratory, cardiovascular, genitourinary and gastrointestinal diseases respectively. The associations for all disease categories except for genitourinary diseases were statistically significant and stronger in warm seasons than cool seasons. CONCLUSION: Our analyses provide evidences that the CO increased the total and cause-specific outpatient visits and strengthen the rationale for further reduction of CO pollution levels in Yichang. Ambient CO exerted adverse effect on respiratory, cardiovascular, genitourinary, gastrointestinal and neuropsychiatric diseases especially in the warm seasons.",10.1186/s12940-019-0477-3,B33
seasonal variation of pm2 5 in the central indo gangetic plain patna of india chemical characterization and source assessment,Amrendra Kumar|Ishwar Chandra Yadav|Anuradha Shukla|Ningombam Linthoingambi Devi,2020,31,NOT Open Access,https://doi.org/10.1007/s42452-020-3160-y,,10.1007/s42452-020-3160-y,B33
what are the benefits of high frequency data for fixed effects panel models,Dalia Ghanem|Aaron Smith,2020,24,NOT Open Access,https://doi.org/10.1086/710968,,10.1086/710968,B33
air pollution kills competition evidence from esports,Jiawei Mo|Zenan Wu|Ye Yuan,2023,18,NOT Open Access,https://doi.org/10.1016/j.jeem.2023.102886,,10.1016/j.jeem.2023.102886,B33
pre covid 19 pandemic effects on air quality in the three cities of india using fuzzy mcdm model,S. Suresh|Rahul Modi|Abhay Sharma|S. Arisutha|Mika Sillanpää,2021,11,Open Access,https://doi.org/10.1007/s40201-021-00754-2,,10.1007/s40201-021-00754-2,B33
impacts of building envelope design on indoor ozone exposures and health risks in urban environments,Nan Ma|Max Hakkarainen|Miaomiao Hou|Dorit Aviv|William W. Braham,2022,10,NOT Open Access,https://doi.org/10.1177/1420326x221112010,,10.1177/1420326x221112010,B33
assessment of variation in air quality over delhi and neighbouring cities of noida and greater noida,Deepak Sharma|Vijay Kumar Soni|Subhalaxmi Pradhan,2022,7,NOT Open Access,https://doi.org/10.1007/s12040-022-01902-4,,10.1007/s12040-022-01902-4,B33
the solvable challenge of air pollution in india,Michael Greenstone|Santosh Harish|Rohini Pande|Anant Sudarshan,2018,7,NOT Open Access,,,,B33
the interactive effects of temperature and air quality on productivity,James S. Goodenberger|Robert Munk|Garrett Senney,2024,1,NOT Open Access,https://doi.org/10.1080/00036846.2024.2365457,,10.1080/00036846.2024.2365457,B33
aea papers and proceedings,,2018,864,NOT Open Access,https://doi.org/10.1257/pandp,,10.1257/pandp,B33
indoor air quality and cognitive performance,Steffen Künn|J.P. Palacios|Nico Pestel,2019,39,Open Access,https://doi.org/10.2139/ssrn.3460848,,10.2139/ssrn.3460848,B33
the nonlinear effects of air pollution on health evidence from wildfire smoke,Nolan Miller|David Molitor|Eric Zou,2024,8,Open Access,https://doi.org/10.3386/w32924,"We estimate how acute air pollution exposure from wildfire smoke impacts human health in the U.S., allowing for nonlinear effects.Wildfire smoke is pervasive and produces air quality shocks of varying intensity, depending on wind patterns and plume thickness.Using administrative Medicare records for 2007-2019, we estimate that wildfire smoke accounts for 18% of ambient PM2.5 concentrations, 0.42% of deaths, and 0.69% of emergency room visits among adults aged 65 and over.Smaller pollution shocks have outsized health impacts, indicating significant health benefits from improving air quality, even in areas meeting current regulatory standards.",10.3386/w32924,B33
gender peer effects in the workplace a field experiment in indian call centers,Deepshikha Batheja,2024,3,Open Access,https://doi.org/10.2139/ssrn.4949644,,10.2139/ssrn.4949644,B33
making the invisible visible the impact of revealing indoor air pollution on behavior and welfare,Robert Metcalfe|Sefi Roth,2025,3,Open Access,https://doi.org/10.2139/ssrn.5150899,,10.2139/ssrn.5150899,B33
identification and estimation of local average treatment effects,Guido W. Imbens|Joshua D. Angrist,1994,4157,NOT Open Access,https://doi.org/10.2307/2951620,,10.2307/2951620,B34
global non linear effect of temperature on economic production,Marshall Burke|Solomon Hsiang|Edward Miguel,2015,2890,Open Access,https://doi.org/10.1038/nature15725,,10.1038/nature15725,B34
gaming in air pollution data lessons from china,Chen Yuyu|Jin Ginger Zhe|Naresh Kumar|Guang Shi,NA,149,NOT Open Access,https://doi.org/10.1515/1935-1682.3227,,10.1515/1935-1682.3227,B34
some tests of specification for panel data monte carlo evidence and an application to employment equations,Manuel Arellano|Stephen Bond,1991,33272,NOT Open Access,https://doi.org/10.2307/2297968,,10.2307/2297968,B35
how to do xtabond2 an introduction to difference and system gmm in stata,David Roodman,2009,9687,NOT Open Access,https://doi.org/10.1177/1536867x0900900106,,10.1177/1536867x0900900106,B35
a finite sample correction for the variance of linear efficient two step gmm estimators,Frank Windmeijer,2004,5932,NOT Open Access,https://doi.org/10.1016/j.jeconom.2004.02.005,,10.1016/j.jeconom.2004.02.005,B35
gmm estimation with persistent panel data an application to production functions,Richard Blundell|Stephen Bond,2000,1621,Open Access,https://doi.org/10.1080/07474930008800475,This paper considers the estimation of Cobb-Douglas production functions using panel data covering a large sample of companies observed for a small number of time periods. GMM estimatorshave been found to produce large finite-sample biases when using the standard first-differenced estimator. These biases can be dramatically reduced by exploiting reasonable stationarity restrictions on the initial conditions process. Using data for a panel of R&Dperforming US manufacturing companies we find that the additional instruments used in our extended GMM estimator yield much more reasonable parameter estimates.,10.1080/07474930008800475,B35
explaining fixed effects random effects modeling of time series cross sectional and panel data,Andrew Bell|Kelvyn Jones,2014,1498,Open Access,https://doi.org/10.1017/psrm.2014.7,"This article challenges Fixed Effects (FE) modeling as the ‘default’ for time-series-cross-sectional and panel data. Understanding different within and between effects is crucial when choosing modeling strategies. The downside of Random Effects (RE) modeling—correlated lower-level covariates and higher-level residuals—is omitted-variable bias, solvable with Mundlak's (1978a) formulation. Consequently, RE can provide everything that FE promises and more, as confirmed by Monte-Carlo simulations, which additionally show problems with Plümper and Troeger's FE Vector Decomposition method when data are unbalanced. As well as incorporating time-invariant variables, RE models are readily extendable, with random coefficients, cross-level interactions and complex variance functions. We argue not simply for technical solutions to endogeneity, but for the substantive importance of context/heterogeneity, modeled using RE. The implications extend beyond political science to all multilevel datasets. However, omitted variables could still bias estimated higher-level variable effects; as with any model, care is required in interpretation.",10.1017/psrm.2014.7,B35
correlations between fine particulate matter pm2 5 and meteorological variables in the united states implications for the sensitivity of pm2 5 to climate change,Amos P. K. Tai|Loretta J. Mickley|Daniel J. Jacob,2010,1096,Open Access,https://doi.org/10.1016/j.atmosenv.2010.06.060,,10.1016/j.atmosenv.2010.06.060,B35
the impact of air pollution on deaths disease burden and life expectancy across the states of india the global burden of disease study 2017,Kalpana Balakrishnan|Sagnik Dey|Tarun Gupta|Rupinder Singh Dhaliwal|Michael Bräuer|Aaron J. Cohen|Jeffrey D Stanaway|Gufran Beig|Tushar Kant Joshi|Ashutosh N. Aggarwal|Yogesh Sabde|Harsiddha G. Sadhu|Joseph Frostad|Kate Causey|William Godwin|Deeksha Shukla|G Anil Kumar|Chris M Varghese|Pallavi Muraleedharan|Anurag Agrawal|Ranjit Mohan Anjana|Anil Bhansali|Deeksha Bhardwaj|Katrin Burkart|Kelly Cercy|Joy Kumar Chakma|Sourangsu Chowdhury|Devasahayam Jesudas Christopher|Eliza Dutta|Melissa Furtado|Santu Ghosh|Aloke Gopal Ghoshal|Scott Glenn|Randeep Guleria|Rajeev Gupta|Panniyammakal Jeemon|Rajni Kant|Surya Kant|Tanvir Kaur|Parvaiz A Koul|Varsha Krish|Bhargav Krishna|Samantha Leigh Larson|Kishore K Madhipatla|P A Mahesh|Viswanathan Mohan|Satinath Mukhopadhyay|Parul Mutreja|Nitish Naik|Sanjeev Nair|Grant Nguyen|Christopher M Odell|Jeyaraj Pandian|Dorairaj Prabhakaran|Poornima Prabhakaran|Ambuj Roy|Sundeep Salvi|Sankar Sambandam|Deepika Saraf|Meenakshi Sharma|Aakash Shrivastava|Virendra Singh|Nikhil Tandon|Nihal Thomas|Anna E Torre|Denis Xavier|Geetika Yadav|Sujeet Kumar Singh|Chander Shekhar|Theo Vos|Rakhi Dandona|K. Srinath Reddy|Stephen S Lim|Christopher J L Murray|S Venkatesh|Lalit Dandona,2018,953,Open Access,https://doi.org/10.1016/s2542-5196(18)30261-4,"Background Air pollution is a major planetary health risk, with India estimated to have some of the worst levels globally. To inform action at subnational levels in India, we estimated the exposure to air pollution and its impact on deaths, disease burden, and life expectancy in every state of India in 2017. Methods We estimated exposure to air pollution, including ambient particulate matter pollution, defined as the annual average gridded concentration of PM 2.5 , and household air pollution, defined as percentage of households using solid cooking fuels and the corresponding exposure to PM 2.5 , across the states of India using accessible data from multiple sources as part of the Global Burden of Diseases, Injuries, and Risk Factors Study (GBD) 2017. The states were categorised into three Socio-demographic Index (SDI) levels as calculated by GBD 2017 on the basis of lag-distributed per-capita income, mean education in people aged 15 years or older, and total fertility rate in people younger than 25 years. We estimated deaths and disability-adjusted life-years (DALYs) attributable to air pollution exposure, on the basis of exposure–response relationships from the published literature, as assessed in GBD 2017; the proportion of total global air pollution DALYs in India; and what the life expectancy would have been in each state of India if air pollution levels had been less than the minimum level causing health loss. Findings The annual population-weighted mean exposure to ambient particulate matter PM 2·5 in India was 89·9 μg/m 3 (95% uncertainty interval [UI] 67·0–112·0) in 2017. Most states, and 76·8% of the population of India, were exposed to annual population-weighted mean PM 2·5 greater than 40 μg/m 3 , which is the limit recommended by the National Ambient Air Quality Standards in India. Delhi had the highest annual population-weighted mean PM 2·5 in 2017, followed by Uttar Pradesh, Bihar, and Haryana in north India, all with mean values greater than 125 μg/m 3 . The proportion of population using solid fuels in India was 55·5% (54·8–56·2) in 2017, which exceeded 75% in the low SDI states of Bihar, Jharkhand, and Odisha. 1·24 million (1·09–1·39) deaths in India in 2017, which were 12·5% of the total deaths, were attributable to air pollution, including 0·67 million (0·55–0·79) from ambient particulate matter pollution and 0·48 million (0·39–0·58) from household air pollution. Of these deaths attributable to air pollution, 51·4% were in people younger than 70 years. India contributed 18·1% of the global population but had 26·2% of the global air pollution DALYs in 2017. The ambient particulate matter pollution DALY rate was highest in the north Indian states of Uttar Pradesh, Haryana, Delhi, Punjab, and Rajasthan, spread across the three SDI state groups, and the household air pollution DALY rate was highest in the low SDI states of Chhattisgarh, Rajasthan, Madhya Pradesh, and Assam in north and northeast India. We estimated that if the air pollution level in India were less than the minimum causing health loss, the average life expectancy in 2017 would have been higher by 1·7 years (1·6–1·9), with this increase exceeding 2 years in the north Indian states of Rajasthan, Uttar Pradesh, and Haryana. Interpretation India has disproportionately high mortality and disease burden due to air pollution. This burden is generally highest in the low SDI states of north India. Reducing the substantial avoidable deaths and disease burden from this major environmental risk is dependent on rapid deployment of effective multisectoral policies throughout India that are commensurate with the magnitude of air pollution in each state. Funding Bill & Melinda Gates Foundation; and Indian Council of Medical Research, Department of Health Research, Ministry of Health and Family Welfare, Government of India.",10.1016/s2542-5196(18)30261-4,B35
health and economic impact of air pollution in the states of india the global burden of disease study 2019,Anamika Pandey|Michael Bräuer|Maureen Cropper|Kalpana Balakrishnan|Prashant Mathur|Sagnik Dey|Burak Turkgulu|G Anil Kumar|Mukesh Khare|Gufran Beig|Tarun Gupta|Rinu P Krishnankutty|Kate Causey|Aaron J. Cohen|Stuti Bhargava|Ashutosh N. Aggarwal|Anurag Agrawal|Shally Awasthi|Fiona B Bennitt|Sadhana Bhagwat|P. Bhanumati|Katrin Burkart|Joy Kumar Chakma|Thomas C. Chiles|Sourangsu Chowdhury|Devasahayam Jesudas Christopher|Subhojit Dey|Samantha Fisher|Barbara M. Fraumeni|Richard Fuller|Aloke Gopal Ghoshal|Mahaveer Golechha|Prakash C. Gupta|Rachita Gupta|Rajeev Gupta|Shreekant Gupta|Sarath Guttikunda|David Hanrahan|S Harikrishnan|Panniyammakal Jeemon|Tushar Kant Joshi|Rajni Kant|Surya Kant|Tanvir Kaur|Parvaiz A Koul|Praveen Kumar|Rakesh Kumar|Samantha Leigh Larson|Rakesh Lodha|Kishore K Madhipatla|P A Mahesh|Ridhima Malhotra|Shunsuke Managi|Keith Martin|Matthews Mathai|Joseph L. Mathew|Ravi Mehrotra|Viswanathan Mohan|Viswananthan Mohan|Satinath Mukhopadhyay|Parul Mutreja|Nitish Naik|Sanjeev Nair|Jeyaraj Pandian|Pallavi Pant|Arokiasamy Perianayagam|Dorairaj Prabhakaran|Poornima Prabhakaran|Goura Kishor Rath|Shamika Ravi|Ambuj Roy|Yogesh Sabde|Sundeep Salvi|Sankar Sambandam|Bhavay Sharma|Meenakshi Sharma|S. Sharma|R S Sharma|Aakash Shrivastava|Sujeet Kumar Singh|Virendra Singh|Rodney B.W. Smith|Jeffrey D Stanaway|Gabrielle Taghian|Nikhil Tandon|JS Thakur|Nihal Thomas|Gurudayal Singh Toteja|Chris M Varghese|Chandra Venkataraman|Krishnan N Venugopal|Katherine Walker|Stefanie Watson|Sarah Wozniak|Denis Xavier|Gautam N. Yadama|Geetika Yadav|Deeksha Shukla|Hendrik J Bekedam|K. Srinath Reddy,2020,726,Open Access,https://doi.org/10.1016/s2542-5196(20)30298-9,"BACKGROUND: The association of air pollution with multiple adverse health outcomes is becoming well established, but its negative economic impact is less well appreciated. It is important to elucidate this impact for the states of India. METHODS: We estimated exposure to ambient particulate matter pollution, household air pollution, and ambient ozone pollution, and their attributable deaths and disability-adjusted life-years in every state of India as part of the Global Burden of Disease Study (GBD) 2019. We estimated the economic impact of air pollution as the cost of lost output due to premature deaths and morbidity attributable to air pollution for every state of India, using the cost-of-illness method. FINDINGS: 1·67 million (95% uncertainty interval 1·42-1·92) deaths were attributable to air pollution in India in 2019, accounting for 17·8% (15·8-19·5) of the total deaths in the country. The majority of these deaths were from ambient particulate matter pollution (0·98 million [0·77-1·19]) and household air pollution (0·61 million [0·39-0·86]). The death rate due to household air pollution decreased by 64·2% (52·2-74·2) from 1990 to 2019, while that due to ambient particulate matter pollution increased by 115·3% (28·3-344·4) and that due to ambient ozone pollution increased by 139·2% (96·5-195·8). Lost output from premature deaths and morbidity attributable to air pollution accounted for economic losses of US$28·8 billion (21·4-37·4) and $8·0 billion (5·9-10·3), respectively, in India in 2019. This total loss of $36·8 billion (27·4-47·7) was 1·36% of India's gross domestic product (GDP). The economic loss as a proportion of the state GDP varied 3·2 times between the states, ranging from 0·67% (0·47-0·91) to 2·15% (1·60-2·77), and was highest in the low per-capita GDP states of Uttar Pradesh, Bihar, Rajasthan, Madhya Pradesh, and Chhattisgarh. Delhi had the highest per-capita economic loss due to air pollution, followed by Haryana in 2019, with 5·4 times variation across all states. INTERPRETATION: The high burden of death and disease due to air pollution and its associated substantial adverse economic impact from loss of output could impede India's aspiration to be a $5 trillion economy by 2024. Successful reduction of air pollution in India through state-specific strategies would lead to substantial benefits for both the health of the population and the economy. FUNDING: UN Environment Programme; Bill & Melinda Gates Foundation; and Indian Council of Medical Research, Department of Health Research, Ministry of Health and Family Welfare, Government of India.",10.1016/s2542-5196(20)30298-9,B35
environmental pollution a hidden culprit for health issues,Hanqing Xu|Jia Yang|Zhendong Sun|Jiahui Su|Qian S. Liu|Qunfang Zhou|Guibin Jiang,2022,322,Open Access,https://doi.org/10.1016/j.eehl.2022.04.003,"The environmental and health impacts from the massive discharge of chemicals and subsequent pollution have been gaining increasing public concern. The unintended exposure to different pollutants, such as heavy metals, air pollutants and organic chemicals, may cause diverse deleterious effects on human bodies, resulting in the incidence and progression of different diseases. The article reviewed the outbreak of environmental pollution-related public health emergencies, the epidemiological evidence on certain pollution-correlated health effects, and the pathological studies on specific pollutant exposure. By recalling the notable historical life-threatening disasters incurred by local chemical pollution, the damning evidence was presented to criminate certain pollutants as the main culprit for the given health issues. The epidemiological data on the prevalence of some common diseases revealed a variety of environmental pollutants to blame, such as endocrine-disrupting chemicals (EDCs), fine particulate matters (PMs) and heavy metals. The retrospection of toxicological studies provided illustrative clues for evaluating ambient pollutant-induced health risks. Overall, environmental pollution, as the hidden culprit, should answer for the increasing public health burden, and more efforts are highly encouraged to strive to explore the cause-and-effect relationships through extensive epidemiological and pathological studies.",10.1016/j.eehl.2022.04.003,B35
the effect of air temperature on labour productivity in call centres a case study,Raimo Niemelä|Mika Hannula|Sari Rautio|Kari Reijula|Jorma Railio,2002,233,NOT Open Access,https://doi.org/10.1016/s0378-7788(02)00094-4,,10.1016/s0378-7788(02)00094-4,B35
a satellite based high resolution 1 km ambient pm2 5 database for india over two decades 2000 2019 applications for air quality management,Sagnik Dey|Bhavesh Purohit|Palak Balyan|Kuldeep Dixit|Kunal Bali|Alok Kumar|Fahad Imam|Sourangsu Chowdhury|Dilip Ganguly|Prashant Gargava|Vijay K. Shukla,2020,125,Open Access,https://doi.org/10.3390/rs12233872,"Fine particulate matter (PM2.5) is a major criteria pollutant affecting the environment, health and climate. In India where ground-based measurements of PM2.5 is scarce, it is important to have a long-term database at a high spatial resolution for an efficient air quality management plan. Here we develop and present a high-resolution (1-km) ambient PM2.5 database spanning two decades (2000–2019) for India. We convert aerosol optical depth from Moderate Resolution Imaging Spectroradiometer (MODIS) retrieved by Multiangle Implementation of Atmospheric Correction (MAIAC) algorithm to surface PM2.5 using a dynamic scaling factor from Modern-Era Retrospective analysis for Research and Applications Version 2 (MERRA-2) data. The satellite-derived daily (24-h average) and annual PM2.5 show a R2 of 0.8 and 0.97 and root mean square error of 25.7 and 7.2 μg/m3, respectively against surface measurements from the Central Pollution Control Board India network. Population-weighted 20-year averaged PM2.5 over India is 57.3 μg/m3 (5–95 percentile ranges: 16.8–86.9) with a larger increase observed in the present decade (2010–2019) than in the previous decade (2000 to 2009). Poor air quality across the urban–rural transact suggests that this is a regional scale problem, a fact that is often neglected. The database is freely disseminated through a web portal ‘satellite-based application for air quality monitoring and management at a national scale’ (SAANS) for air quality management, epidemiological research and mass awareness.",10.3390/rs12233872,B35
long term effect of exposure to lower concentrations of air pollution on mortality among us medicare participants and vulnerable subgroups a doubly robust approach,Mahdieh Danesh Yazdi|Yan Wang|Qian Di|Weeberb J. Réquia|Yaguang Wei|Liuhua Shi|Matthew Benjamin Sabath|Francesca Dominici|Brent A. Coull|John S. Evans|Petros Koutrakis|Joel Schwartz,2021,123,Open Access,https://doi.org/10.1016/s2542-5196(21)00204-7,"Background Long-term exposure to air pollution has been linked with an increase in risk of mortality. Whether existing US Environmental Protection Agency standards are sufficient to protect health is unclear. Our study aimed to examine the relationship between exposure to lower concentrations of air pollution and the risk of mortality. Methods Our nationwide cohort study investigated the effect of annual average exposure to air pollutants on all-cause mortality among Medicare enrolees from the beginning of 2000 to the end of 2016. Patients entered the cohort in the month of January following enrolment and were followed up until the end of the study period in 2016 or death. We restricted our analyses to participants who had only been exposed to lower concentrations of pollutants over the study period, specifically particulate matter less than 2·5 μg/m 3 in diameter (PM 2·5 ) at a concentration of up to 12 μg/m 3 , nitrogen dioxide (NO 2 ) at a concentration of up to 53 parts per billion (ppb), and summer ozone (O 3 ) at concentrations of up to 50 ppb. We adjusted for two types of covariates, which were individual level and postal code-level variables. We used a doubly-robust additive model to estimate the change in risk. We further looked at effect-measure modification by stratification on the basis of demographic and socioeconomic characteristics. Findings We found an increased risk of mortality with all three pollutants. Each 1 μg/m 3 increase in annual PM 2·5 concentrations increased the absolute annual risk of death by 0·073% (95% CI 0·071–0·076). Each 1 ppb increase in annual NO 2 concentrations increased the annual risk of death by 0·003% (0·003–0·004), and each 1 ppb increase in summer O 3 concentrations increased the annual risk of death by 0·081% (0·080–0·083). This increase translated to approximately 11 540 attributable deaths (95% CI 11 087–11 992) for PM 2·5 , 1176 attributable deaths (998–1353) for NO 2 , and 15 115 attributable deaths (14 896–15 333) for O 3 per year for each unit increase in pollution concentrations. The effects were higher in certain subgroups, including individuals living in areas of low socioeconomic status. Long-term exposure to permissible concentrations of air pollutants increases the risk of mortality. Funding The US Environmental Protection Agency, National Institute of Environmental Health Services, and Health Effects Institute.",10.1016/s2542-5196(21)00204-7,B35
health effects associated with pm2 5 a systematic review,Shubham Sharma|Mina Chandra|Sri Harsha Kota,2020,122,NOT Open Access,https://doi.org/10.1007/s40726-020-00155-3,,10.1007/s40726-020-00155-3,B35
evaluating impact of air pollution on china s inbound tourism industry a spatial econometric approach,Taotao Deng|Xin Li|Mulan Ma,2017,113,NOT Open Access,https://doi.org/10.1080/10941665.2017.1331923,,10.1080/10941665.2017.1331923,B35
pre to post lockdown impact on air quality and the role of environmental factors in spreading the covid 19 cases a study from a worst hit state of india,Prafulla Kumar Sahoo|Sherry Mangla|Ashok Kumar Pathak|Gabriel Negreiros Salãmao|Dibyendu Sarkar,2020,76,Open Access,https://doi.org/10.1007/s00484-020-02019-3,,10.1007/s00484-020-02019-3,B35
reducing the burden of anaemia in indian women of reproductive age with clean air targets,Ekta Chaudhary|Sagnik Dey|Santu Ghosh|Sumit Sharma|Nimish Singh|Shivang Agarwal|Kushal Tibrewal|Chandra Venkataraman|Anura V. Kurpad|Aaron Cohen|Shuxiao Wang|Srishti Jain,2022,47,NOT Open Access,https://doi.org/10.1038/s41893-022-00944-2,,10.1038/s41893-022-00944-2,B35
addressing biases in ambient pm2 5 exposure and associated health burden estimates by filling satellite aod retrieval gaps over india,Varun Katoch|Alok Kumar|Fahad Imam|Debajit Sarkar|Luke D. Knibbs|Yang Liu|Dilip Ganguly|Sagnik Dey,2023,38,NOT Open Access,https://doi.org/10.1021/acs.est.3c03355,,10.1021/acs.est.3c03355,B35
environmental efficiency and labour productivity trade off or joint dynamics a theoretical investigation and empirical evidence from italy using namea,Massimiliano Mazzanti|Roberto Zoboli,2008,130,NOT Open Access,https://doi.org/10.1016/j.ecolecon.2008.08.009,,10.1016/j.ecolecon.2008.08.009,B35
what is holding back productivity growth in india,S. M. Dougherty|Richard Herd|Thomas Chalaux,2009,36,NOT Open Access,https://doi.org/10.1787/eco_studies-v2009-art3-en,,10.1787/eco_studies-v2009-art3-en,B35
did haze pollution harm the quality of economic development an empirical study based on china s pm2 5 concentrations,Qing Zhao|Chih-Hung Yuan,2020,26,Open Access,https://doi.org/10.3390/su12041607,"Based on the PM2.5 haze data of China’s provinces between 2004–2016, this paper systematically explores the impact of haze pollution on the quality of China’s economic development, as well as its transmission mechanisms. This is achieved by measuring the quality of economic development with total factor productivity. Furthermore, this paper innovatively uses precipitation as an instrumental variable for mitigating the endogeneity of the haze pollution variable, by which the impact of haze pollution on the quality of China’s economic development is estimated within the framework of two-stage least squares. It is found that: the haze pollution has degraded the quality of China’s economic development significantly; the labor supply loss, counter urbanization and human capital disruption are the three major transmission channels through which haze pollution affects the quality of China’s economic development; strengthening government’s environmental management is effective in mitigating the adverse impact of haze pollution on the economic development quality; and that China’s unique fiscal decentralization system has exacerbated the negative economic effect of haze pollution. The policy implications of this paper are as follows: Improvement of economic development quality is a prerequisite for the transition of economic development mode; and the governmental management of haze is conducive to enhancing the quality of atmospheric environment and economic development, and to promoting the high-quality development of the Chinese economy.",10.3390/su12041607,B35
measuring productivity,OECD,2016,14,NOT Open Access,https://doi.org/10.1787/pdtvy-2016-4-en,,10.1787/pdtvy-2016-4-en,B35
rising temperatures and its impacts on thermal comfort and productivity a case study from select workplaces in southern india,PK Latha|Rekha Shanmugam|Manikandan Krishnamoorthy|Vidhya Venugopal,2022,1,NOT Open Access,https://doi.org/10.1007/978-981-19-0304-5_53,,10.1007/978-981-19-0304-5_53,B35
the impact of air pollution on labour productivity in france,Clara Kögel,2023,5,Open Access,https://doi.org/10.2139/ssrn.4541477,,10.2139/ssrn.4541477,B35
equilibrium unemployment as a worker discipline device,Carl Shapiro|Joseph E. Stiglitz,1986,4743,NOT Open Access,https://doi.org/10.1017/cbo9780511559594.004,,10.1017/cbo9780511559594.004,B36
the american economic review,Herbert A. Simon|Theories O F Decision-making|I N Economics,2013,2750,NOT Open Access,https://doi.org/10.1257/aer.103.7.i,,10.1257/aer.103.7.i,B36
the relation between ozone nox and hydrocarbons in urban and polluted rural environments,Sanford Sillman,1999,1774,NOT Open Access,https://doi.org/10.1016/s1352-2310(98)00345-8,,10.1016/s1352-2310(98)00345-8,B36
influence of body temperature on the development of fatigue during prolonged exercise in the heat,José González‐Alonso|Christina Teller|Signe L. Andersen|Frank B. Jensen|Tino Hyldig|Bodil Nielsen,1999,1122,NOT Open Access,https://doi.org/10.1152/jappl.1999.86.3.1032,,10.1152/jappl.1999.86.3.1032,B36
a dynamic model of stress and sustained attention,Peter A. Hancock,1989,859,NOT Open Access,https://doi.org/10.1177/001872088903100503,,10.1177/001872088903100503,B36
do people vote with their feet an empirical test of tiebout s mechanism,H. Spencer Banzhaf|Randall Walsh,2008,636,NOT Open Access,https://doi.org/10.1257/aer.98.3.843,,10.1257/aer.98.3.843,B36
aviation space and environmental medicine,,1987,561,NOT Open Access,https://doi.org/10.1016/0022-460x(87)90424-x,,10.1016/0022-460x(87)90424-x,B36
social incentives in the workplace,Oriana Bandiera|Iwan Barankay|Imran Rasul,2009,519,NOT Open Access,https://doi.org/10.1111/j.1467-937x.2009.00574.x,,10.1111/j.1467-937x.2009.00574.x,B36
piece rates fixed wages and incentive effects statistical evidence from payroll records,Harry J. Paarsch|Bruce Shearer,2000,257,NOT Open Access,https://doi.org/10.1111/1468-2354.00055,,10.1111/1468-2354.00055,B36
polluting industries and agricultural productivity evidence from mining in ghana,Fernando M. Aragón|Juan Pablo Rud,2015,184,NOT Open Access,https://doi.org/10.1111/ecoj.12244,,10.1111/ecoj.12244,B36
the effect of pollution on labor supply evidence from a natural experiment in mexico city,Rema Hanna|Paulina Oliva,2011,135,Open Access,https://doi.org/10.1016/j.jpubeco.2014.10.004,,10.1016/j.jpubeco.2014.10.004,B36
pulmonary effects of ozone exposure during exercise dose response characteristics,William F. McDonnell|Donald H. Horstman|Milan J. Hazucha|Elston Seal|E. D. Haak|S. A. Salaam|Dennis E. House,1983,313,NOT Open Access,https://doi.org/10.1152/jappl.1983.54.5.1345,,10.1152/jappl.1983.54.5.1345,B36
the response of worker effort to piece rates evidence from the british columbia tree planting industry,Harry J. Paarsch|Bruce Shearer,1999,171,NOT Open Access,https://doi.org/10.2307/146411,,10.2307/146411,B36
differences between weekday and weekend air pollutant levels in southern california,Charles L. Blanchard|Shelley Tanenbaum,2003,135,Open Access,https://doi.org/10.1080/10473289.2003.10466222,"Ambient air quality data were analyzed to empirically evaluate the effects of reductions of volatile organic compounds (VOCs) and oxides of nitrogen (NOx) emissions on weekday and weekend levels of ozone (O3; 1991-1998) and particulate NO3- (1980-1999) in southern California. Despite significantly lower O3 precursor levels on weekends, 20 of 28 South Coast Air Basin (SoCAB) sites (28 of all 78 southern California sites) showed statistically significant higher mean O3 levels on Sundays than on weekdays (p < 0.01); 49 of the remaining 50 sites showed no significant differences between mean weekday and Sunday peak O3 levels. We also observed no statistically significant differences between mean weekday and weekend concentrations of particulate NO3- or nitric acid (HNO3, the precursor of particulate NO3-). Averaged over sites, the mean Sunday NOx and nonmethane hydrocarbon concentrations were 25-41% and 16-30% lower, respectively, than on weekdays. Site-to-site differences between weekend and weekday mean peak hourly O3 levels were related to whether O3 formation was limited by the availability of NOx. A thermodynamic equilibrium model predicts that particulate NO3- levels would decrease in response to a reduction of HNO3, and that particulate ammonium NO3- formation was not limited by the availability of ammonia. The similarity of mean weekday and weekend levels of NO3- therefore did not result from limitations on the formation of particulate NO3- from its precursor, HNO3.",10.1080/10473289.2003.10466222,B36
executive order 12866 regulatory planning and review,Bill Clinton,1993,107,NOT Open Access,,,,B36
aircraft noise health and residential sorting evidence from two quasi experiments,Stefan Boes|Stephan Nüesch|Steven Stillman,2013,25,NOT Open Access,https://doi.org/10.1002/hec.2948,,10.1002/hec.2948,B36
ozone response relationships in healthy nonsmokers,Thomas J. Kulle|Larry R. Sauder|J. Richard Hebel|Marie Chatham,1985,106,NOT Open Access,https://doi.org/10.1164/arrd.1985.132.1.36,,10.1164/arrd.1985.132.1.36,B36
impaired exercise performance and pulmonary function in elite cyclists during low level ozone exposure in a hot environment,Henry Gong|Patrick W. Bradley|M Simmons|Donald P. Tashkin,1986,74,NOT Open Access,https://doi.org/10.1164/arrd.1986.134.4.726,,10.1164/arrd.1986.134.4.726,B36
hours of work labor productivity and environmental conditions a case study,Thomas D. Crocker|R.L. Horst,1981,35,Open Access,https://doi.org/10.2307/1924353,"Livelihood measures of foregone and compensating earnings are frequently used as measures of economic losses due to realized or potential damages to the health of labor in-puts. Both measures as they have been used are incomplete, though for quite different reasons. The narrowness of the foregone earnings mea-sure is widely acknowledged. As set forth in Smith (1974), Thaler and Rosen (1976), and Viscusi (1979), the compensating earnings measure, with its emphasis upon the earnings premia workers require to be willing to be exposed to job hazards they perceive, certainly has broader analytical appeal. However, as empirically implemented, these studies too are incomplete: they deal with worker and time aggregates allowing only crude measures of differences in reward structures, mixes of complementary inputs, work-day lengths, risk aversions, worker effort, and other dissimilar factors across individuals, firms, and industries. In this paper, the productivity changes and consequent earnings adjustments that occur under differing work conditions for 17 individual citrus pickers in southern California are assessed. Interest is centered upon the acute effects of two environmental factors, ambient ozone (03) and ambient temperature, upon the daily work performances of these individuals. Since each individual is separately analyzed, the host of plausible confounding influences (e.g., experience, biological endowments, health histories, etc.) to which one must devote attention when dealing with the fictional ""representative"" individual are relevant here only insofar as they change within the short time periods being considered.",10.2307/1924353,B36
time course of response to ozone exposure in healthy adult females,Lawrence J. Folinsbee,2000,20,NOT Open Access,https://doi.org/10.1080/089583700196211,,10.1080/089583700196211,B36
assessing plant response to ambient ozone growth of ozone sensitive loblolly pine seedlings treated with ethylenediurea or sodium erythorbate,William J. Manning|Richard B. Flagler|Martin Frenkel,2003,48,NOT Open Access,https://doi.org/10.1016/s0269-7491(03)00141-6,,10.1016/s0269-7491(03)00141-6,B36
pollution effects on labor supply and growth,Stefano Bosi|David Desmarchelier|Lionel Ragot,2015,13,Open Access,https://doi.org/10.1111/ijet.12071,"Abstract Recent empirical contributions have observed a significant negative impact of pollution on labor supply. These impacts have been largely ignored in the theoretical literature, which has focused on the effects of pollution on consumption demand. In this paper we study the short‐ and long‐run effects of pollution in a Ramsey model where pollution and labor supply are non‐separable arguments in households’ preferences. We determine sufficient conditions for the existence and uniqueness of a long‐term equilibrium and we show how large (negative) effects of pollution on labor supply may promote macroeconomic volatility (deterministic cycles near the steady state) through a flip bifurcation.",10.1111/ijet.12071,B36
personal and fixed site ozone measurements with a passive sampler,Michael Bräuer|Jeffrey R. Brook,1995,42,Open Access,https://doi.org/10.1080/10473289.1995.10467384,"Personal exposures to ozone were measured in the summers of 1992 and 1993 in the Fraser Valley, a suburban and rural river valley bordering the metropolitan region of Vancouver, British Columbia (population approximately 1.8 million). In 1992, two groups of 25 healthy individuals were selected for 14 consecutive days of 24-hour personal monitoring, based on prior expectations of their activity patterns. The first group, composed of adult healthcare workers, was expected to spend most of the work day indoors or commuting. The second group, teenage camp counselors, was expected to spend more time outdoors. Time-activity data were collected to investigate the association between activity patterns and ozone exposures. In 1993, 15 adult farmworkers wore personal ozone samplers during their workday, which was spent entirely outdoors. Personal monitoring was conducted with a nitrite-coated filter passive ozone sampler described by Koutrakis and colleagues. Ozone collection rates were determined empirically by collocation of the passive samplers with continuous ozone analyzers at fixed sampling sites. Sampler performance was assessed by collecting several duplicate personal samples. Although ozone levels were low (< 35 ppb 24-hour average) during both summer sampling periods, the passive ozone samplers agreed well with collocated UV absorption ozone measurements. Based on replicate personal samples, we estimated that personal measurements differing by more than 35% were associated with true differences in exposure. Within the two groups with varying time activities, differences in ozone exposures were associated with the fraction of time spent outdoors. Similarly, differences in ozone exposures were observed between the three sampling populations, with higher exposures recorded in the group that spent more time outdoors.(ABSTRACT TRUNCATED AT 250 WORDS)",10.1080/10473289.1995.10467384,B36
ozone exposure among mexico city outdoor workers,Marie S. O’Neill|Matiana Ramírez-Aguilar|Fernando Meneses-González|Mauricio Hernández‐Ávila|Alison S. Geyh|Juan José Luis Sienra-Monge|Isabelle Romieu,2003,24,Open Access,https://doi.org/10.1080/10473289.2003.10466156,"In researching health effects of air pollution, pollutant levels from fixed-site monitors are commonly assigned to the subjects. However, these concentrations may not reflect the exposure these individuals actually experience. A previous study of ozone (O3) exposure and lung function among shoe-cleaners working in central Mexico City used fixed-site measurements from a monitoring station near the outdoor work sites as surrogates for personal exposure. The present study assesses the degree to which these estimates represented individual exposures. In 1996, personal O3 exposures of 39 shoe-cleaners working outdoors were measured using an active integrated personal sampler. Using mixed models, we assessed the relationship between measured personal O3 exposure and ambient O3 measurements from the fixed-site monitoring station. Ambient concentrations were approximately 50 parts per billion higher, on average, than personal exposures. The association between personal and ambient O3 was highly significant (mixed model slope p < 0.0001). The personal/ambient ratio was not constant, so use of the outdoor monitor would not be appropriate to rank O3 exposure and evaluate health effects between workers. However, the strong within-worker longitudinal association validates previous findings associating day-to-day changes in fixed-site O3 levels with adverse health effects among these shoe-cleaners and suggests fixed-site O3 monitors may adequately estimate exposure for other repeated-measure health studies of outdoor workers.",10.1080/10473289.2003.10466156,B36
persistence of the acute effects of ozone exposure,Lawrence J. Folinsbee|Steven M. Horvath,1986,16,NOT Open Access,,,,B36
review of economics and statistics,,2005,1473,NOT Open Access,https://doi.org/10.1002/0471667196.ess7028.pub2,,10.1002/0471667196.ess7028.pub2,B36
how much should we trust differences in differences estimates,M. Bertrand|Esther Duflo|Sendhil Mullainathan,2004,10760,Open Access,https://doi.org/10.1162/003355304772839588,"Most papers that employ Differences-in-Differences estimation (DD) use many years of data and focus on serially correlated outcomes but ignore that the resulting standard errors are inconsistent. To illustrate the severity of this issue, we randomly generate placebo laws in state-level data on female wages from the Current Population Survey. For each law, we use OLS to compute the DD estimate of its “effect” as well as the standard error of this estimate. These conventional DD standard errors severely understate the standard deviation of the estimators: we find an “effect” significant at the 5 percent level for up to 45 percent of the placebo interventions. We use Monte Carlo simulations to investigate how well existing methods help solve this problem. Econometric corrections that place a specific parametric form on the time-series process do not perform well. Bootstrap (taking into account the autocorrelation of the data) works well when the number of states is large enough. Two corrections based on asymptotic approximation of the variance-covariance matrix work well for moderate numbers of states and one correction that collapses the time series information into a “pre”- and “post”-period and explicitly takes into account the effective sample size works well even for small numbers of states.",10.1162/003355304772839588,B37
time to build and aggregate fluctuations,Finn E. Kydland|Edward C. Prescott,1982,5923,NOT Open Access,https://doi.org/10.2307/1913386,,10.2307/1913386,B37
why some firms export,Andrew B. Bernard|J. Bradford Jensen,2004,1545,NOT Open Access,https://doi.org/10.1162/003465304323031111,,10.1162/003465304323031111,B37
multiple product firms and product switching,Andrew B. Bernard|Stephen J. Redding|Peter K. Schott,2010,914,Open Access,https://doi.org/10.1257/aer.100.1.70,"This paper examines the frequency, pervasiveness, and determinants of product switching by US manufacturing firms. We find that one-half of firms alter their mix of five-digit SIC products every five years, that product switching is correlated with both firm- and firm-product attributes, and that product adding and dropping induce large changes in firm scope. The behavior we observe is consistent with a natural generalization of existing theories of industry dynamics that incorporates endogenous product selection within firms. Our findings suggest that product switching contributes to a reallocation of resources within firms toward their most efficient use. (JEL L11, L21, L25, L60)",10.1257/aer.100.1.70,B37
multiproduct firms and trade liberalization,Andrew B. Bernard|Stephen J. Redding|Peter K. Schott,2011,885,Open Access,https://doi.org/10.1093/qje/qjr021,"This article develops a general equilibrium model of multiple-product, multiple-destination firms, which allows for heterogeneity in ability across firms and in product attributes within firms. Firms make endogenous entry and exit decisions and each surviving firm chooses optimally the range of products to supply to each market. We show that the resulting selection, across and within firms, provides a natural explanation for a number of features of trade across firms, products, and countries. Using both time-series changes in trade policy and cross-section variation in trade, we provide empirical evidence in support of the predictions of the model.",10.1093/qje/qjr021,B37
bayesian forecasting,P. J. Harrison|C. F. Stevens,1976,652,NOT Open Access,https://doi.org/10.1111/j.2517-6161.1976.tb01586.x,,10.1111/j.2517-6161.1976.tb01586.x,B37
multi product firms and flexible manufacturing in the global economy,Carsten Eckel|J. Peter Neary,2009,636,NOT Open Access,https://doi.org/10.1111/j.1467-937x.2009.00573.x,,10.1111/j.1467-937x.2009.00573.x,B37
trade theory with numbers quantifying the consequences of globalization,Arnaud Costinot|Andrés Rodrı́guez-Clare,2014,594,NOT Open Access,https://doi.org/10.1016/b978-0-444-54314-1.00004-5,,10.1016/b978-0-444-54314-1.00004-5,B37
selling labor low wage responses to productivity shocks in developing countries,Seema Jayachandran,2006,478,NOT Open Access,https://doi.org/10.1086/503579,,10.1086/503579,B37
the empirics of firm heterogeneity and international trade,Andrew B. Bernard|J. Bradford Jensen|Stephen J. Redding|Peter K. Schott,2012,449,NOT Open Access,https://doi.org/10.1146/annurev-economics-080511-110928,,10.1146/annurev-economics-080511-110928,B37
trading away wide brands for cheap brands,Swati Dhingra,2013,203,NOT Open Access,https://doi.org/10.1257/aer.103.6.2554,,10.1257/aer.103.6.2554,B37
migrants and firms evidence from china,Clément Imbert|Marlon Seror|Yifan Zhang|Yanos Zylberberg,2022,179,Open Access,https://doi.org/10.1257/aer.20191234,"How does rural-urban migration shape urban production in developing countries? We use longitudinal data on Chinese manufacturing firms between 2000 and 2006, and exploit exogenous variation in rural-urban migration induced by agricultural income shocks for identification. We find that, when immigration increases, manufacturing production becomes more labor intensive and productivity declines. We investigate the reorganization of production using patent applications and product information. We show that rural-urban migration induces both labor-oriented technological change and the adoption of labor intensive product varieties. (JEL D24, L23, L60, O33, P25, P31, R23)",10.1257/aer.20191234,B37
factor intensity product switching and productivity evidence from chinese exporters,Yue Ma|Heiwai Tang|Yifan Zhang,2013,176,Open Access,https://doi.org/10.1016/j.jinteco.2013.11.003,,10.1016/j.jinteco.2013.11.003,B37
firm response to competitive shocks evidence from china s minimum wage policy,Harald Hau|Yi Huang|Gewei Wang,2019,137,NOT Open Access,https://doi.org/10.1093/restud/rdz058,,10.1093/restud/rdz058,B37
the extensive margin of exporting products a firm level analysis,Costas Arkolakis|Sharat Ganapati|Marc-Andreas Muendler,2021,126,NOT Open Access,https://doi.org/10.1257/mac.20150370,,10.1257/mac.20150370,B37
product mix and firm productivity responses to trade competition,Thierry Mayer|Marc J. Melitz|Gianmarco I. P. Ottaviano,2020,106,Open Access,https://doi.org/10.1162/rest_a_00952,"Abstract We document how demand shocks in export markets lead French multiproduct exporters to reallocate the mix of products sold in those destinations. In response to positive demand shocks, French firms skew their export sales toward their best-performing products. We develop a theoretical model of multiproduct firms and derive the specific demand conditions (with endogenous price elasticities) needed to generate these product-mix reallocations. Under those demand conditions, the increased competition from demand shocks in export markets also induces productivity changes within the firm. We empirically test for this connection between demand shocks and the productivity of multiproduct firms. We find that this connection is economically substantial.",10.1162/rest_a_00952,B37
off target pesticide movement a review of our current understanding of drift due to inversions and secondary movement,Mandy Bish|Eric Oseland|Kevin W. Bradley,2020,78,Open Access,https://doi.org/10.1017/wet.2020.138,"Abstract Pesticide drift has been a concern since the introduction of pesticides. Historical incidences with off-target movement of 2,4-D and dichlorodiphenyltrichloroethane (DDT) have increased our understanding of pesticide fate in the atmosphere following aerial application. More recent incidences with dicamba have brought to light gaps in our current understanding of aerial pesticide movement following ground application. In this paper, we review the current understanding of inversions and other weather and environmental factors that contribute to secondary pesticide movement and raise questions that need to be addressed. Factors that influence volatility and terminology associated with the atmosphere, such as cool air drainage, temperature inversions, and radiation cooling will be discussed. We also present literature that highlights the need to consider the role(s) of wind in secondary drift in addition to the role in physical drift. With increased awareness of pesticide movement and more herbicide-resistant traits available than ever before, it has become even more essential that we understand secondary movement of pesticides, recognize our gaps in understanding, and advance from what is currently unknown.",10.1017/wet.2020.138,B37
globalization and multiproduct firms,Volker Nocke|Stephen Yeaple,2014,112,Open Access,https://doi.org/10.1111/iere.12080,"We present an international trade model with multiproduct firms. Firms are heterogeneously endowed with two types of capabilities that jointly determine the trade-off within firms between managing a large portfolio of products and producing at low marginal cost. The model can explain many of the documented cross-sectional correlations in firm performance measures, including why larger firms are more productive and more diversified, and yet more diversified firms trade at a discount. Globalization is shown to induce heterogeneous responses across firms in terms of scope and productivity, some of which are consistent with existing empirical work, whereas others are potentially testable.",10.1111/iere.12080,B37
who will fill china s shoes the global evolution of labor intensive manufacturing,Gordon Hanson,2020,8,Open Access,https://doi.org/10.11644/kiep.eaer.2020.24.4.382,"Who Will Fill China’s Shoes? The Global Evolution of Labor-Intensive Manufacturing-Comparative Advantage, Export-Led Development, Labor Intensive Manufacturing, Market-Oriented Reform, China Trade Shock",10.11644/kiep.eaer.2020.24.4.382,B37
